timestamp,deviceId,activePowerKw,aqi,breakerClosed,ceilingTemp,cloudCover,currentA,deltaT,dewPoint,diffPressure,energyKwh,energyTotalKwh,eventReason,floorHumidity,freeCoolingAvailable,humidity,leakDetected,leakZone,loadPercent,overTemp,pm10,pm25,powerFactor,pressure,rain1h,replayRow,sirenSilenced,smokeAlarm,smokeObscuration,sourceAgeMin,tempAisle,tempExhaust,tempIntake,tempOutdoor,voltageV,windSpeed
2026-09-21T05:00:00+00:00,dc-weather-owm,,,,,96,,,20.56,,,,,,False,91,,,,,,,,1014.7,0.2,,,,,0.0,,,,22.1,,0.39
2026-09-21T06:00:00+00:00,dc-weather-owm,,,,,94,,,20.59,,,,,,False,94,,,,,,,,1015.2,0.2,,,,,0.0,,,,21.6,,0.94
2026-09-21T07:00:00+00:00,dc-weather-owm,,,,,80,,,20.66,,,,,,False,95,,,,,,,,1014.1,0.5,,,,,0.0,,,,21.5,,0.21
2026-09-21T08:00:00+00:00,dc-weather-owm,,,,,93,,,20.27,,,,,,False,95,,,,,,,,1013.2,0.4,,,,,0.0,,,,21.1,,1.01
2026-09-21T09:00:00+00:00,dc-weather-owm,,,,,96,,,19.47,,,,,,False,91,,,,,,,,1013.5,0.1,,,,,0.0,,,,21.0,,0.43
2026-09-21T10:00:00+00:00,dc-weather-owm,,,,,77,,,19.23,,,,,,False,93,,,,,,,,1014.4,0.4,,,,,0.0,,,,20.4,,0.75
2026-09-21T11:00:00+00:00,dc-weather-owm,,,,,99,,,19.1,,,,,,False,94,,,,,,,,1014.7,0.3,,,,,0.0,,,,20.1,,0.51
2026-09-21T12:00:00+00:00,dc-weather-owm,,,,,98,,,20.56,,,,,,False,95,,,,,,,,1016.2,0.2,,,,,0.0,,,,21.4,,0.85
2026-09-21T13:00:00+00:00,dc-weather-owm,,,,,96,,,20.46,,,,,,False,91,,,,,,,,1016.6,0.1,,,,,0.0,,,,22.0,,0.07
2026-09-21T14:00:00+00:00,dc-weather-owm,,,,,98,,,20.22,,,,,,False,78,,,,,,,,1015.9,0.0,,,,,0.0,,,,24.3,,1.15
2026-09-21T15:00:00+00:00,dc-weather-owm,,,,,98,,,19.57,,,,,,False,65,,,,,,,,1015.2,0.0,,,,,0.0,,,,26.7,,1.06
2026-09-21T16:00:00+00:00,dc-weather-owm,,,,,98,,,19.38,,,,,,False,62,,,,,,,,1014.7,0.0,,,,,0.0,,,,27.3,,1.17
2026-09-21T17:00:00+00:00,dc-weather-owm,,,,,99,,,20.11,,,,,,False,68,,,,,,,,1014.0,0.1,,,,,0.0,,,,26.5,,1.92
2026-09-21T18:00:00+00:00,dc-weather-owm,,,,,99,,,20.24,,,,,,False,71,,,,,,,,1014.7,0.0,,,,,0.0,,,,25.9,,2.51
2026-09-21T19:00:00+00:00,dc-weather-owm,,,,,98,,,20.24,,,,,,False,71,,,,,,,,1013.2,0.2,,,,,0.0,,,,25.9,,1.79
2026-09-21T20:00:00+00:00,dc-weather-owm,,,,,77,,,20.29,,,,,,False,70,,,,,,,,1011.7,0.0,,,,,0.0,,,,26.2,,1.74
2026-09-21T21:00:00+00:00,dc-weather-owm,,,,,77,,,20.4,,,,,,False,73,,,,,,,,1011.6,0.0,,,,,0.0,,,,25.6,,1.55
2026-09-21T22:00:00+00:00,dc-weather-owm,,,,,95,,,20.51,,,,,,False,78,,,,,,,,1011.9,0.0,,,,,0.0,,,,24.6,,1.61
2026-09-21T23:00:00+00:00,dc-weather-owm,,,,,88,,,21.0,,,,,,False,88,,,,,,,,1012.6,0.0,,,,,0.0,,,,23.1,,0.92
2026-09-22T00:00:00+00:00,dc-weather-owm,,,,,48,,,21.25,,,,,,False,91,,,,,,,,1013.6,0.0,,,,,0.0,,,,22.8,,0.84
2026-09-22T01:00:00+00:00,dc-weather-owm,,,,,52,,,21.11,,,,,,False,93,,,,,,,,1014.4,0.0,,,,,0.0,,,,22.3,,0.76
2026-09-22T02:00:00+00:00,dc-weather-owm,,,,,71,,,20.66,,,,,,False,91,,,,,,,,1015.3,0.0,,,,,0.0,,,,22.2,,0.61
2026-09-22T03:00:00+00:00,dc-weather-owm,,,,,76,,,20.81,,,,,,False,93,,,,,,,,1015.8,0.2,,,,,0.0,,,,22.0,,0.49
2026-09-22T04:00:00+00:00,dc-weather-owm,,,,,95,,,20.83,,,,,,False,96,,,,,,,,1016.1,0.6,,,,,0.0,,,,21.5,,0.45
2026-09-23T05:00:00+00:00,dc-weather-owm,,,,,100,,,20.52,,,,,,False,93,,,,,,,,1014.7,0.1,,,,,0.0,,,,21.7,,0.11
2026-09-23T06:00:00+00:00,dc-weather-owm,,,,,95,,,21.5,,,,,,False,97,,,,,,,,1014.4,0.1,,,,,0.0,,,,22.0,,1.17
2026-09-23T07:00:00+00:00,dc-weather-owm,,,,,70,,,20.97,,,,,,False,98,,,,,,,,1014.5,0.0,,,,,0.0,,,,21.3,,0.92
2026-09-23T08:00:00+00:00,dc-weather-owm,,,,,58,,,20.9,,,,,,False,97,,,,,,,,1013.6,0.1,,,,,0.0,,,,21.4,,1.33
2026-09-23T09:00:00+00:00,dc-weather-owm,,,,,65,,,19.97,,,,,,False,95,,,,,,,,1013.7,0.0,,,,,0.0,,,,20.8,,0.34
2026-09-23T10:00:00+00:00,dc-weather-owm,,,,,77,,,20.04,,,,,,False,96,,,,,,,,1014.1,0.0,,,,,0.0,,,,20.7,,0.86
2026-09-23T11:00:00+00:00,dc-weather-owm,,,,,93,,,19.57,,,,,,False,95,,,,,,,,1014.4,0.0,,,,,0.0,,,,20.4,,0.6
2026-09-23T12:00:00+00:00,dc-weather-owm,,,,,86,,,20.16,,,,,,False,91,,,,,,,,1015.8,0.0,,,,,0.0,,,,21.7,,0.25
2026-09-23T13:00:00+00:00,dc-weather-owm,,,,,97,,,19.95,,,,,,False,83,,,,,,,,1016.3,0.0,,,,,0.0,,,,23.0,,0.65
2026-09-23T14:00:00+00:00,dc-weather-owm,,,,,27,,,19.5,,,,,,False,72,,,,,,,,1015.9,0.0,,,,,0.0,,,,24.9,,1.41
2026-09-23T15:00:00+00:00,dc-weather-owm,,,,,50,,,19.19,,,,,,False,65,,,,,,,,1015.0,0.0,,,,,0.0,,,,26.3,,1.08
2026-09-23T16:00:00+00:00,dc-weather-owm,,,,,71,,,18.22,,,,,,False,57,,,,,,,,1013.8,0.0,,,,,0.0,,,,27.5,,0.92
2026-09-23T17:00:00+00:00,dc-weather-owm,,,,,66,,,18.4,,,,,,False,56,,,,,,,,1012.3,0.0,,,,,0.0,,,,28.0,,2.12
2026-09-23T18:00:00+00:00,dc-weather-owm,,,,,53,,,19.13,,,,,,False,60,,,,,,,,1012.7,0.1,,,,,0.0,,,,27.6,,2.33
2026-09-23T19:00:00+00:00,dc-weather-owm,,,,,38,,,19.38,,,,,,False,62,,,,,,,,1011.4,0.0,,,,,0.0,,,,27.3,,1.84
2026-09-23T20:00:00+00:00,dc-weather-owm,,,,,56,,,19.32,,,,,,False,64,,,,,,,,1010.1,0.0,,,,,0.0,,,,26.7,,2.09
2026-09-23T21:00:00+00:00,dc-weather-owm,,,,,55,,,19.76,,,,,,False,71,,,,,,,,1010.2,0.0,,,,,0.0,,,,25.4,,2.25
2026-09-23T22:00:00+00:00,dc-weather-owm,,,,,77,,,19.34,,,,,,False,73,,,,,,,,1010.6,0.0,,,,,0.0,,,,24.5,,1.6
2026-09-23T23:00:00+00:00,dc-weather-owm,,,,,72,,,19.56,,,,,,False,84,,,,,,,,1012.2,0.2,,,,,0.0,,,,22.4,,1.88
2026-09-24T00:00:00+00:00,dc-weather-owm,,,,,37,,,20.81,,,,,,False,93,,,,,,,,1013.2,0.9,,,,,0.0,,,,22.0,,1.36
2026-09-24T01:00:00+00:00,dc-weather-owm,,,,,45,,,21.7,,,,,,False,97,,,,,,,,1014.0,0.2,,,,,0.0,,,,22.2,,1.35
2026-09-24T02:00:00+00:00,dc-weather-owm,,,,,92,,,21.63,,,,,,False,96,,,,,,,,1014.5,0.3,,,,,0.0,,,,22.3,,0.98
2026-09-24T03:00:00+00:00,dc-weather-owm,,,,,20,,,21.05,,,,,,False,91,,,,,,,,1014.7,0.1,,,,,0.0,,,,22.6,,0.63
2026-09-24T04:00:00+00:00,dc-weather-owm,,,,,5,,,20.87,,,,,,False,90,,,,,,,,1014.5,0.0,,,,,0.0,,,,22.6,,0.5
2026-09-25T05:00:00+00:00,dc-weather-owm,,,,,97,,,21.06,,,,,,False,95,,,,,,,,1014.1,0.0,,,,,0.0,,,,21.9,,0.05
2026-09-25T06:00:00+00:00,dc-weather-owm,,,,,100,,,21.44,,,,,,False,99,,,,,,,,1014.8,0.0,,,,,0.0,,,,21.6,,1.28
2026-09-25T07:00:00+00:00,dc-weather-owm,,,,,96,,,20.9,,,,,,False,97,,,,,,,,1014.1,0.3,,,,,0.0,,,,21.4,,0.29
2026-09-25T08:00:00+00:00,dc-weather-owm,,,,,100,,,20.67,,,,,,False,98,,,,,,,,1013.7,0.2,,,,,0.0,,,,21.0,,0.47
2026-09-25T09:00:00+00:00,dc-weather-owm,,,,,100,,,20.67,,,,,,False,98,,,,,,,,1013.1,0.0,,,,,0.0,,,,21.0,,1.06
2026-09-25T10:00:00+00:00,dc-weather-owm,,,,,93,,,20.54,,,,,,False,96,,,,,,,,1013.2,0.0,,,,,0.0,,,,21.2,,0.6
2026-09-25T11:00:00+00:00,dc-weather-owm,,,,,84,,,20.5,,,,,,False,97,,,,,,,,1014.2,0.0,,,,,0.0,,,,21.0,,0.67
2026-09-25T12:00:00+00:00,dc-weather-owm,,,,,97,,,20.24,,,,,,False,96,,,,,,,,1016.3,0.0,,,,,0.0,,,,20.9,,0.94
2026-09-25T13:00:00+00:00,dc-weather-owm,,,,,99,,,20.47,,,,,,False,95,,,,,,,,1017.2,0.4,,,,,0.0,,,,21.3,,0.5
2026-09-25T14:00:00+00:00,dc-weather-owm,,,,,100,,,20.87,,,,,,False,90,,,,,,,,1016.8,0.4,,,,,0.0,,,,22.6,,1.2
2026-09-25T15:00:00+00:00,dc-weather-owm,,,,,99,,,20.09,,,,,,False,76,,,,,,,,1016.4,0.0,,,,,0.0,,,,24.6,,0.54
2026-09-25T16:00:00+00:00,dc-weather-owm,,,,,100,,,20.24,,,,,,False,71,,,,,,,,1015.4,0.0,,,,,0.0,,,,25.9,,1.19
2026-09-25T17:00:00+00:00,dc-weather-owm,,,,,98,,,20.39,,,,,,False,66,,,,,,,,1013.2,0.1,,,,,0.0,,,,27.3,,1.32
2026-09-25T18:00:00+00:00,dc-weather-owm,,,,,99,,,19.91,,,,,,False,70,,,,,,,,1013.8,0.0,,,,,0.0,,,,25.8,,1.79
2026-09-25T19:00:00+00:00,dc-weather-owm,,,,,98,,,20.42,,,,,,False,79,,,,,,,,1013.1,0.8,,,,,0.0,,,,24.3,,1.51
2026-09-25T20:00:00+00:00,dc-weather-owm,,,,,98,,,20.49,,,,,,False,77,,,,,,,,1011.8,0.1,,,,,0.0,,,,24.8,,0.92
2026-09-25T21:00:00+00:00,dc-weather-owm,,,,,97,,,20.57,,,,,,False,76,,,,,,,,1011.4,0.0,,,,,0.0,,,,25.1,,1.18
2026-09-25T22:00:00+00:00,dc-weather-owm,,,,,66,,,20.73,,,,,,False,82,,,,,,,,1011.7,0.0,,,,,0.0,,,,24.0,,1.08
2026-09-25T23:00:00+00:00,dc-weather-owm,,,,,80,,,20.96,,,,,,False,91,,,,,,,,1012.9,0.0,,,,,0.0,,,,22.5,,1.18
2026-09-26T00:00:00+00:00,dc-weather-owm,,,,,99,,,21.21,,,,,,False,93,,,,,,,,1013.9,0.1,,,,,0.0,,,,22.4,,2.11
2026-09-26T01:00:00+00:00,dc-weather-owm,,,,,100,,,21.36,,,,,,False,95,,,,,,,,1014.9,0.0,,,,,0.0,,,,22.2,,0.74
2026-09-26T02:00:00+00:00,dc-weather-owm,,,,,88,,,21.09,,,,,,False,94,,,,,,,,1015.7,0.1,,,,,0.0,,,,22.1,,0.56
2026-09-26T03:00:00+00:00,dc-weather-owm,,,,,93,,,21.03,,,,,,False,96,,,,,,,,1016.2,0.1,,,,,0.0,,,,21.7,,0.55
2026-09-26T04:00:00+00:00,dc-weather-owm,,,,,96,,,20.24,,,,,,False,92,,,,,,,,1015.9,0.1,,,,,0.0,,,,21.6,,0.47
2026-09-27T05:00:00+00:00,dc-weather-owm,,,,,86,,,20.11,,,,,,False,97,,,,,,,,1015.5,0.9,,,,,0.0,,,,20.6,,0.85
2026-09-27T06:00:00+00:00,dc-weather-owm,,,,,100,,,20.44,,,,,,False,99,,,,,,,,1015.4,0.1,,,,,0.0,,,,20.6,,0.59
2026-09-27T07:00:00+00:00,dc-weather-owm,,,,,100,,,20.1,,,,,,False,100,,,,,,,,1015.5,0.3,,,,,0.0,,,,20.1,,0.5
2026-09-27T08:00:00+00:00,dc-weather-owm,,,,,100,,,19.21,,,,,,False,97,,,,,,,,1015.2,2.3,,,,,0.0,,,,19.7,,0.81
2026-09-27T09:00:00+00:00,dc-weather-owm,,,,,100,,,19.74,,,,,,False,99,,,,,,,,1015.2,0.6,,,,,0.0,,,,19.9,,1.29
2026-09-27T10:00:00+00:00,dc-weather-owm,,,,,75,,,19.77,,,,,,False,98,,,,,,,,1014.5,0.4,,,,,0.0,,,,20.1,,1.52
2026-09-27T11:00:00+00:00,dc-weather-owm,,,,,91,,,19.21,,,,,,False,97,,,,,,,,1015.3,0.5,,,,,0.0,,,,19.7,,1.36
2026-09-27T12:00:00+00:00,dc-weather-owm,,,,,90,,,20.11,,,,,,False,97,,,,,,,,1016.0,0.4,,,,,0.0,,,,20.6,,0.49
2026-09-27T13:00:00+00:00,dc-weather-owm,,,,,94,,,19.99,,,,,,False,90,,,,,,,,1016.6,0.1,,,,,0.0,,,,21.7,,0.49
2026-09-27T14:00:00+00:00,dc-weather-owm,,,,,97,,,19.66,,,,,,False,81,,,,,,,,1017.1,0.0,,,,,0.0,,,,23.1,,0.65
2026-09-27T15:00:00+00:00,dc-weather-owm,,,,,50,,,19.39,,,,,,False,75,,,,,,,,1016.7,0.1,,,,,0.0,,,,24.1,,0.78
2026-09-27T16:00:00+00:00,dc-weather-owm,,,,,85,,,19.99,,,,,,False,76,,,,,,,,1015.7,1.0,,,,,0.0,,,,24.5,,1.61
2026-09-27T17:00:00+00:00,dc-weather-owm,,,,,98,,,20.72,,,,,,False,87,,,,,,,,1015.0,1.5,,,,,0.0,,,,23.0,,2.26
2026-09-27T18:00:00+00:00,dc-weather-owm,,,,,98,,,20.05,,,,,,False,81,,,,,,,,1015.6,1.2,,,,,0.0,,,,23.5,,1.6
2026-09-27T19:00:00+00:00,dc-weather-owm,,,,,99,,,20.62,,,,,,False,87,,,,,,,,1014.0,0.7,,,,,0.0,,,,22.9,,1.35
2026-09-27T20:00:00+00:00,dc-weather-owm,,,,,98,,,20.44,,,,,,False,85,,,,,,,,1013.0,0.6,,,,,0.0,,,,23.1,,1.86
2026-09-27T21:00:00+00:00,dc-weather-owm,,,,,100,,,20.66,,,,,,False,91,,,,,,,,1013.0,0.8,,,,,0.0,,,,22.2,,1.55
2026-09-27T22:00:00+00:00,dc-weather-owm,,,,,98,,,21.0,,,,,,False,97,,,,,,,,1013.3,0.9,,,,,0.0,,,,21.5,,1.82
2026-09-27T23:00:00+00:00,dc-weather-owm,,,,,100,,,20.47,,,,,,False,98,,,,,,,,1014.5,1.5,,,,,0.0,,,,20.8,,0.85
2026-09-28T00:00:00+00:00,dc-weather-owm,,,,,100,,,20.41,,,,,,False,97,,,,,,,,1015.3,2.3,,,,,0.0,,,,20.9,,1.0
2026-09-28T01:00:00+00:00,dc-weather-owm,,,,,100,,,20.47,,,,,,False,98,,,,,,,,1016.4,2.1,,,,,0.0,,,,20.8,,0.85
2026-09-28T02:00:00+00:00,dc-weather-owm,,,,,99,,,20.54,,,,,,False,99,,,,,,,,1017.1,2.0,,,,,0.0,,,,20.7,,1.27
2026-09-28T03:00:00+00:00,dc-weather-owm,,,,,100,,,20.44,,,,,,False,99,,,,,,,,1017.3,1.3,,,,,0.0,,,,20.6,,1.23
2026-09-28T04:00:00+00:00,dc-weather-owm,,,,,100,,,20.14,,,,,,False,99,,,,,,,,1017.3,2.3,,,,,0.0,,,,20.3,,0.78
2026-09-21T05:00:00+00:00,dc-airq-api,,51,,,,,,,,,,,,,,,,,,9.5,8.9,,,,,,,,0.0,,,,,,
2026-09-21T06:00:00+00:00,dc-airq-api,,51,,,,,,,,,,,,,,,,,,8.8,8.1,,,,,,,,0.0,,,,,,
2026-09-21T07:00:00+00:00,dc-airq-api,,51,,,,,,,,,,,,,,,,,,8.1,7.5,,,,,,,,0.0,,,,,,
2026-09-21T08:00:00+00:00,dc-airq-api,,51,,,,,,,,,,,,,,,,,,6.8,6.2,,,,,,,,0.0,,,,,,
2026-09-21T09:00:00+00:00,dc-airq-api,,51,,,,,,,,,,,,,,,,,,6.6,6.1,,,,,,,,0.0,,,,,,
2026-09-21T10:00:00+00:00,dc-airq-api,,51,,,,,,,,,,,,,,,,,,7.5,6.9,,,,,,,,0.0,,,,,,
2026-09-21T11:00:00+00:00,dc-airq-api,,51,,,,,,,,,,,,,,,,,,10.2,9.6,,,,,,,,0.0,,,,,,
2026-09-21T12:00:00+00:00,dc-airq-api,,51,,,,,,,,,,,,,,,,,,5.6,5.5,,,,,,,,0.0,,,,,,
2026-09-21T13:00:00+00:00,dc-airq-api,,51,,,,,,,,,,,,,,,,,,4.0,3.7,,,,,,,,0.0,,,,,,
2026-09-21T14:00:00+00:00,dc-airq-api,,51,,,,,,,,,,,,,,,,,,4.9,4.6,,,,,,,,0.0,,,,,,
2026-09-21T15:00:00+00:00,dc-airq-api,,50,,,,,,,,,,,,,,,,,,5.7,5.4,,,,,,,,0.0,,,,,,
2026-09-21T16:00:00+00:00,dc-airq-api,,50,,,,,,,,,,,,,,,,,,6.6,6.3,,,,,,,,0.0,,,,,,
2026-09-21T17:00:00+00:00,dc-airq-api,,50,,,,,,,,,,,,,,,,,,7.2,6.8,,,,,,,,0.0,,,,,,
2026-09-21T18:00:00+00:00,dc-airq-api,,50,,,,,,,,,,,,,,,,,,7.7,7.3,,,,,,,,0.0,,,,,,
2026-09-21T19:00:00+00:00,dc-airq-api,,49,,,,,,,,,,,,,,,,,,6.6,6.2,,,,,,,,0.0,,,,,,
2026-09-21T20:00:00+00:00,dc-airq-api,,48,,,,,,,,,,,,,,,,,,6.8,6.4,,,,,,,,0.0,,,,,,
2026-09-21T21:00:00+00:00,dc-airq-api,,48,,,,,,,,,,,,,,,,,,7.9,7.6,,,,,,,,0.0,,,,,,
2026-09-21T22:00:00+00:00,dc-airq-api,,47,,,,,,,,,,,,,,,,,,8.8,8.6,,,,,,,,0.0,,,,,,
2026-09-21T23:00:00+00:00,dc-airq-api,,47,,,,,,,,,,,,,,,,,,13.8,13.5,,,,,,,,0.0,,,,,,
2026-09-22T00:00:00+00:00,dc-airq-api,,47,,,,,,,,,,,,,,,,,,18.5,17.7,,,,,,,,0.0,,,,,,
2026-09-22T01:00:00+00:00,dc-airq-api,,48,,,,,,,,,,,,,,,,,,23.9,22.8,,,,,,,,0.0,,,,,,
2026-09-22T02:00:00+00:00,dc-airq-api,,50,,,,,,,,,,,,,,,,,,22.5,21.5,,,,,,,,0.0,,,,,,
2026-09-22T03:00:00+00:00,dc-airq-api,,50,,,,,,,,,,,,,,,,,,19.9,19.0,,,,,,,,0.0,,,,,,
2026-09-22T04:00:00+00:00,dc-airq-api,,51,,,,,,,,,,,,,,,,,,15.2,14.4,,,,,,,,0.0,,,,,,
2026-09-23T05:00:00+00:00,dc-airq-api,,53,,,,,,,,,,,,,,,,,,16.1,15.4,,,,,,,,0.0,,,,,,
2026-09-23T06:00:00+00:00,dc-airq-api,,53,,,,,,,,,,,,,,,,,,16.2,15.6,,,,,,,,0.0,,,,,,
2026-09-23T07:00:00+00:00,dc-airq-api,,54,,,,,,,,,,,,,,,,,,14.4,13.8,,,,,,,,0.0,,,,,,
2026-09-23T08:00:00+00:00,dc-airq-api,,54,,,,,,,,,,,,,,,,,,10.7,10.2,,,,,,,,0.0,,,,,,
2026-09-23T09:00:00+00:00,dc-airq-api,,55,,,,,,,,,,,,,,,,,,9.1,8.8,,,,,,,,0.0,,,,,,
2026-09-23T10:00:00+00:00,dc-airq-api,,55,,,,,,,,,,,,,,,,,,8.9,8.6,,,,,,,,0.0,,,,,,
2026-09-23T11:00:00+00:00,dc-airq-api,,55,,,,,,,,,,,,,,,,,,10.1,9.8,,,,,,,,0.0,,,,,,
2026-09-23T12:00:00+00:00,dc-airq-api,,55,,,,,,,,,,,,,,,,,,13.5,13.2,,,,,,,,0.0,,,,,,
2026-09-23T13:00:00+00:00,dc-airq-api,,56,,,,,,,,,,,,,,,,,,9.6,9.3,,,,,,,,0.0,,,,,,
2026-09-23T14:00:00+00:00,dc-airq-api,,56,,,,,,,,,,,,,,,,,,9.6,9.3,,,,,,,,0.0,,,,,,
2026-09-23T15:00:00+00:00,dc-airq-api,,57,,,,,,,,,,,,,,,,,,9.5,9.1,,,,,,,,0.0,,,,,,
2026-09-23T16:00:00+00:00,dc-airq-api,,57,,,,,,,,,,,,,,,,,,9.5,9.2,,,,,,,,0.0,,,,,,
2026-09-23T17:00:00+00:00,dc-airq-api,,57,,,,,,,,,,,,,,,,,,8.9,8.6,,,,,,,,0.0,,,,,,
2026-09-23T18:00:00+00:00,dc-airq-api,,57,,,,,,,,,,,,,,,,,,9.1,8.8,,,,,,,,0.0,,,,,,
2026-09-23T19:00:00+00:00,dc-airq-api,,57,,,,,,,,,,,,,,,,,,5.9,5.7,,,,,,,,0.0,,,,,,
2026-09-23T20:00:00+00:00,dc-airq-api,,57,,,,,,,,,,,,,,,,,,6.5,6.3,,,,,,,,0.0,,,,,,
2026-09-23T21:00:00+00:00,dc-airq-api,,57,,,,,,,,,,,,,,,,,,7.1,6.9,,,,,,,,0.0,,,,,,
2026-09-23T22:00:00+00:00,dc-airq-api,,62,,,,,,,,,,,,,,,,,,9.1,8.9,,,,,,,,0.0,,,,,,
2026-09-23T23:00:00+00:00,dc-airq-api,,64,,,,,,,,,,,,,,,,,,10.6,10.4,,,,,,,,0.0,,,,,,
2026-09-24T00:00:00+00:00,dc-airq-api,,57,,,,,,,,,,,,,,,,,,15.1,14.8,,,,,,,,0.0,,,,,,
2026-09-24T01:00:00+00:00,dc-airq-api,,55,,,,,,,,,,,,,,,,,,18.1,17.6,,,,,,,,0.0,,,,,,
2026-09-24T02:00:00+00:00,dc-airq-api,,55,,,,,,,,,,,,,,,,,,20.3,19.6,,,,,,,,0.0,,,,,,
2026-09-24T03:00:00+00:00,dc-airq-api,,55,,,,,,,,,,,,,,,,,,14.0,13.5,,,,,,,,0.0,,,,,,
2026-09-24T04:00:00+00:00,dc-airq-api,,54,,,,,,,,,,,,,,,,,,10.4,10.0,,,,,,,,0.0,,,,,,
2026-09-25T05:00:00+00:00,dc-airq-api,,54,,,,,,,,,,,,,,,,,,18.2,17.0,,,,,,,,0.0,,,,,,
2026-09-25T06:00:00+00:00,dc-airq-api,,55,,,,,,,,,,,,,,,,,,16.8,15.7,,,,,,,,0.0,,,,,,
2026-09-25T07:00:00+00:00,dc-airq-api,,56,,,,,,,,,,,,,,,,,,16.2,15.1,,,,,,,,0.0,,,,,,
2026-09-25T08:00:00+00:00,dc-airq-api,,56,,,,,,,,,,,,,,,,,,18.0,16.6,,,,,,,,0.0,,,,,,
2026-09-25T09:00:00+00:00,dc-airq-api,,57,,,,,,,,,,,,,,,,,,17.8,16.4,,,,,,,,0.0,,,,,,
2026-09-25T10:00:00+00:00,dc-airq-api,,58,,,,,,,,,,,,,,,,,,17.1,15.8,,,,,,,,0.0,,,,,,
2026-09-25T11:00:00+00:00,dc-airq-api,,59,,,,,,,,,,,,,,,,,,19.4,18.0,,,,,,,,0.0,,,,,,
2026-09-25T12:00:00+00:00,dc-airq-api,,60,,,,,,,,,,,,,,,,,,20.4,19.0,,,,,,,,0.0,,,,,,
2026-09-25T13:00:00+00:00,dc-airq-api,,60,,,,,,,,,,,,,,,,,,18.6,17.1,,,,,,,,0.0,,,,,,
2026-09-25T14:00:00+00:00,dc-airq-api,,61,,,,,,,,,,,,,,,,,,18.6,17.0,,,,,,,,0.0,,,,,,
2026-09-25T15:00:00+00:00,dc-airq-api,,61,,,,,,,,,,,,,,,,,,17.1,15.7,,,,,,,,0.0,,,,,,
2026-09-25T16:00:00+00:00,dc-airq-api,,62,,,,,,,,,,,,,,,,,,19.2,18.0,,,,,,,,0.0,,,,,,
2026-09-25T17:00:00+00:00,dc-airq-api,,63,,,,,,,,,,,,,,,,,,21.7,20.3,,,,,,,,0.0,,,,,,
2026-09-25T18:00:00+00:00,dc-airq-api,,64,,,,,,,,,,,,,,,,,,22.6,20.8,,,,,,,,0.0,,,,,,
2026-09-25T19:00:00+00:00,dc-airq-api,,65,,,,,,,,,,,,,,,,,,21.5,19.4,,,,,,,,0.0,,,,,,
2026-09-25T20:00:00+00:00,dc-airq-api,,65,,,,,,,,,,,,,,,,,,20.5,18.7,,,,,,,,0.0,,,,,,
2026-09-25T21:00:00+00:00,dc-airq-api,,66,,,,,,,,,,,,,,,,,,22.1,20.4,,,,,,,,0.0,,,,,,
2026-09-25T22:00:00+00:00,dc-airq-api,,67,,,,,,,,,,,,,,,,,,25.8,23.9,,,,,,,,0.0,,,,,,
2026-09-25T23:00:00+00:00,dc-airq-api,,68,,,,,,,,,,,,,,,,,,31.2,29.1,,,,,,,,0.0,,,,,,
2026-09-26T00:00:00+00:00,dc-airq-api,,69,,,,,,,,,,,,,,,,,,34.0,31.8,,,,,,,,0.0,,,,,,
2026-09-26T01:00:00+00:00,dc-airq-api,,70,,,,,,,,,,,,,,,,,,32.2,30.0,,,,,,,,0.0,,,,,,
2026-09-26T02:00:00+00:00,dc-airq-api,,70,,,,,,,,,,,,,,,,,,32.8,30.7,,,,,,,,0.0,,,,,,
2026-09-26T03:00:00+00:00,dc-airq-api,,71,,,,,,,,,,,,,,,,,,32.2,30.4,,,,,,,,0.0,,,,,,
2026-09-26T04:00:00+00:00,dc-airq-api,,72,,,,,,,,,,,,,,,,,,29.7,27.9,,,,,,,,0.0,,,,,,
2026-09-27T05:00:00+00:00,dc-airq-api,,54,,,,,,,,,,,,,,,,,,9.6,9.3,,,,,,,,0.0,,,,,,
2026-09-27T06:00:00+00:00,dc-airq-api,,53,,,,,,,,,,,,,,,,,,10.2,9.8,,,,,,,,0.0,,,,,,
2026-09-27T07:00:00+00:00,dc-airq-api,,52,,,,,,,,,,,,,,,,,,10.2,9.8,,,,,,,,0.0,,,,,,
2026-09-27T08:00:00+00:00,dc-airq-api,,52,,,,,,,,,,,,,,,,,,7.8,7.3,,,,,,,,0.0,,,,,,
2026-09-27T09:00:00+00:00,dc-airq-api,,51,,,,,,,,,,,,,,,,,,7.7,7.2,,,,,,,,0.0,,,,,,
2026-09-27T10:00:00+00:00,dc-airq-api,,51,,,,,,,,,,,,,,,,,,7.0,6.6,,,,,,,,0.0,,,,,,
2026-09-27T11:00:00+00:00,dc-airq-api,,50,,,,,,,,,,,,,,,,,,6.4,6.0,,,,,,,,0.0,,,,,,
2026-09-27T12:00:00+00:00,dc-airq-api,,49,,,,,,,,,,,,,,,,,,12.9,12.2,,,,,,,,0.0,,,,,,
2026-09-27T13:00:00+00:00,dc-airq-api,,50,,,,,,,,,,,,,,,,,,11.1,10.4,,,,,,,,0.0,,,,,,
2026-09-27T14:00:00+00:00,dc-airq-api,,50,,,,,,,,,,,,,,,,,,10.0,9.3,,,,,,,,0.0,,,,,,
2026-09-27T15:00:00+00:00,dc-airq-api,,50,,,,,,,,,,,,,,,,,,8.8,8.4,,,,,,,,0.0,,,,,,
2026-09-27T16:00:00+00:00,dc-airq-api,,50,,,,,,,,,,,,,,,,,,8.7,8.4,,,,,,,,0.0,,,,,,
2026-09-27T17:00:00+00:00,dc-airq-api,,50,,,,,,,,,,,,,,,,,,9.5,9.3,,,,,,,,0.0,,,,,,
2026-09-27T18:00:00+00:00,dc-airq-api,,50,,,,,,,,,,,,,,,,,,10.3,10.1,,,,,,,,0.0,,,,,,
2026-09-27T19:00:00+00:00,dc-airq-api,,50,,,,,,,,,,,,,,,,,,10.2,10.0,,,,,,,,0.0,,,,,,
2026-09-27T20:00:00+00:00,dc-airq-api,,50,,,,,,,,,,,,,,,,,,12.0,11.8,,,,,,,,0.0,,,,,,
2026-09-27T21:00:00+00:00,dc-airq-api,,51,,,,,,,,,,,,,,,,,,10.9,10.8,,,,,,,,0.0,,,,,,
2026-09-27T22:00:00+00:00,dc-airq-api,,51,,,,,,,,,,,,,,,,,,12.4,12.3,,,,,,,,0.0,,,,,,
2026-09-27T23:00:00+00:00,dc-airq-api,,51,,,,,,,,,,,,,,,,,,14.6,14.4,,,,,,,,0.0,,,,,,
2026-09-28T00:00:00+00:00,dc-airq-api,,52,,,,,,,,,,,,,,,,,,22.0,20.9,,,,,,,,0.0,,,,,,
2026-09-28T01:00:00+00:00,dc-airq-api,,52,,,,,,,,,,,,,,,,,,27.6,26.3,,,,,,,,0.0,,,,,,
2026-09-28T02:00:00+00:00,dc-airq-api,,53,,,,,,,,,,,,,,,,,,30.4,29.0,,,,,,,,0.0,,,,,,
2026-09-28T03:00:00+00:00,dc-airq-api,,55,,,,,,,,,,,,,,,,,,25.7,24.4,,,,,,,,0.0,,,,,,
2026-09-28T04:00:00+00:00,dc-airq-api,,56,,,,,,,,,,,,,,,,,,19.3,18.5,,,,,,,,0.0,,,,,,
2026-09-21T05:00:00+00:00,dc-rack-a-py,,,,,,,10.21,,,,,,,,46.5,,,,False,,,,,,,,,,,,31.32,21.11,,,
2026-09-21T05:05:00+00:00,dc-rack-a-py,,,,,,,10.29,,,,,,,,46.6,,,,False,,,,,,,,,,,,31.21,20.92,,,
2026-09-21T05:10:00+00:00,dc-rack-a-py,,,,,,,10.32,,,,,,,,45.4,,,,False,,,,,,,,,,,,31.36,21.04,,,
2026-09-21T05:15:00+00:00,dc-rack-a-py,,,,,,,9.91,,,,,,,,47.4,,,,False,,,,,,,,,,,,30.75,20.84,,,
2026-09-21T05:20:00+00:00,dc-rack-a-py,,,,,,,10.22,,,,,,,,46.4,,,,False,,,,,,,,,,,,31.23,21.01,,,
2026-09-21T05:25:00+00:00,dc-rack-a-py,,,,,,,9.98,,,,,,,,46.3,,,,False,,,,,,,,,,,,30.88,20.9,,,
2026-09-21T05:30:00+00:00,dc-rack-a-py,,,,,,,10.03,,,,,,,,47.9,,,,False,,,,,,,,,,,,31.15,21.12,,,
2026-09-21T05:35:00+00:00,dc-rack-a-py,,,,,,,9.88,,,,,,,,46.9,,,,False,,,,,,,,,,,,30.76,20.88,,,
2026-09-21T05:40:00+00:00,dc-rack-a-py,,,,,,,9.55,,,,,,,,47.4,,,,False,,,,,,,,,,,,30.33,20.78,,,
2026-09-21T05:45:00+00:00,dc-rack-a-py,,,,,,,10.23,,,,,,,,48.4,,,,False,,,,,,,,,,,,31.21,20.98,,,
2026-09-21T05:50:00+00:00,dc-rack-a-py,,,,,,,10.75,,,,,,,,47.6,,,,False,,,,,,,,,,,,31.91,21.16,,,
2026-09-21T05:55:00+00:00,dc-rack-a-py,,,,,,,9.96,,,,,,,,47.0,,,,False,,,,,,,,,,,,30.97,21.01,,,
2026-09-21T06:00:00+00:00,dc-rack-a-py,,,,,,,9.97,,,,,,,,48.3,,,,False,,,,,,,,,,,,31.19,21.22,,,
2026-09-21T06:05:00+00:00,dc-rack-a-py,,,,,,,9.54,,,,,,,,46.5,,,,False,,,,,,,,,,,,30.23,20.69,,,
2026-09-21T06:10:00+00:00,dc-rack-a-py,,,,,,,9.79,,,,,,,,47.7,,,,False,,,,,,,,,,,,30.88,21.09,,,
2026-09-21T06:15:00+00:00,dc-rack-a-py,,,,,,,9.44,,,,,,,,47.4,,,,False,,,,,,,,,,,,30.28,20.84,,,
2026-09-21T06:20:00+00:00,dc-rack-a-py,,,,,,,9.62,,,,,,,,48.5,,,,False,,,,,,,,,,,,30.64,21.02,,,
2026-09-21T06:25:00+00:00,dc-rack-a-py,,,,,,,9.58,,,,,,,,47.7,,,,False,,,,,,,,,,,,30.3,20.72,,,
2026-09-21T06:30:00+00:00,dc-rack-a-py,,,,,,,9.48,,,,,,,,47.8,,,,False,,,,,,,,,,,,30.42,20.94,,,
2026-09-21T06:35:00+00:00,dc-rack-a-py,,,,,,,10.22,,,,,,,,48.8,,,,False,,,,,,,,,,,,31.11,20.89,,,
2026-09-21T06:40:00+00:00,dc-rack-a-py,,,,,,,10.08,,,,,,,,48.4,,,,False,,,,,,,,,,,,31.2,21.12,,,
2026-09-21T06:45:00+00:00,dc-rack-a-py,,,,,,,9.61,,,,,,,,47.6,,,,False,,,,,,,,,,,,30.28,20.67,,,
2026-09-21T06:50:00+00:00,dc-rack-a-py,,,,,,,9.72,,,,,,,,47.5,,,,False,,,,,,,,,,,,30.68,20.96,,,
2026-09-21T06:55:00+00:00,dc-rack-a-py,,,,,,,10.11,,,,,,,,48.2,,,,False,,,,,,,,,,,,30.82,20.71,,,
2026-09-21T07:00:00+00:00,dc-rack-a-py,,,,,,,9.93,,,,,,,,49.6,,,,False,,,,,,,,,,,,30.68,20.75,,,
2026-09-21T07:05:00+00:00,dc-rack-a-py,,,,,,,9.43,,,,,,,,48.5,,,,False,,,,,,,,,,,,30.41,20.98,,,
2026-09-21T07:10:00+00:00,dc-rack-a-py,,,,,,,9.86,,,,,,,,49.3,,,,False,,,,,,,,,,,,30.79,20.93,,,
2026-09-21T07:15:00+00:00,dc-rack-a-py,,,,,,,9.38,,,,,,,,49.7,,,,False,,,,,,,,,,,,29.94,20.56,,,
2026-09-21T07:20:00+00:00,dc-rack-a-py,,,,,,,10.06,,,,,,,,49.4,,,,False,,,,,,,,,,,,30.89,20.83,,,
2026-09-21T07:25:00+00:00,dc-rack-a-py,,,,,,,9.88,,,,,,,,49.1,,,,False,,,,,,,,,,,,30.71,20.83,,,
2026-09-21T07:30:00+00:00,dc-rack-a-py,,,,,,,9.91,,,,,,,,49.1,,,,False,,,,,,,,,,,,30.56,20.65,,,
2026-09-21T07:35:00+00:00,dc-rack-a-py,,,,,,,9.96,,,,,,,,48.3,,,,False,,,,,,,,,,,,30.57,20.61,,,
2026-09-21T07:40:00+00:00,dc-rack-a-py,,,,,,,10.01,,,,,,,,49.2,,,,False,,,,,,,,,,,,30.77,20.76,,,
2026-09-21T07:45:00+00:00,dc-rack-a-py,,,,,,,9.92,,,,,,,,49.2,,,,False,,,,,,,,,,,,30.6,20.68,,,
2026-09-21T07:50:00+00:00,dc-rack-a-py,,,,,,,9.79,,,,,,,,49.6,,,,False,,,,,,,,,,,,30.43,20.64,,,
2026-09-21T07:55:00+00:00,dc-rack-a-py,,,,,,,9.93,,,,,,,,49.4,,,,False,,,,,,,,,,,,30.56,20.63,,,
2026-09-21T08:00:00+00:00,dc-rack-a-py,,,,,,,9.68,,,,,,,,48.7,,,,False,,,,,,,,,,,,30.36,20.68,,,
2026-09-21T08:05:00+00:00,dc-rack-a-py,,,,,,,9.45,,,,,,,,49.0,,,,False,,,,,,,,,,,,30.17,20.72,,,
2026-09-21T08:10:00+00:00,dc-rack-a-py,,,,,,,9.33,,,,,,,,50.3,,,,False,,,,,,,,,,,,30.08,20.75,,,
2026-09-21T08:15:00+00:00,dc-rack-a-py,,,,,,,9.46,,,,,,,,49.9,,,,False,,,,,,,,,,,,30.39,20.93,,,
2026-09-21T08:20:00+00:00,dc-rack-a-py,,,,,,,9.94,,,,,,,,48.9,,,,False,,,,,,,,,,,,30.93,20.99,,,
2026-09-21T08:25:00+00:00,dc-rack-a-py,,,,,,,9.72,,,,,,,,49.8,,,,False,,,,,,,,,,,,30.56,20.84,,,
2026-09-21T08:30:00+00:00,dc-rack-a-py,,,,,,,10.02,,,,,,,,49.7,,,,False,,,,,,,,,,,,30.6,20.58,,,
2026-09-21T08:35:00+00:00,dc-rack-a-py,,,,,,,9.97,,,,,,,,50.2,,,,False,,,,,,,,,,,,30.69,20.72,,,
2026-09-21T08:40:00+00:00,dc-rack-a-py,,,,,,,9.4,,,,,,,,49.9,,,,False,,,,,,,,,,,,29.97,20.57,,,
2026-09-21T08:45:00+00:00,dc-rack-a-py,,,,,,,10.17,,,,,,,,49.4,,,,False,,,,,,,,,,,,31.12,20.95,,,
2026-09-21T08:50:00+00:00,dc-rack-a-py,,,,,,,9.69,,,,,,,,48.8,,,,False,,,,,,,,,,,,30.42,20.73,,,
2026-09-21T08:55:00+00:00,dc-rack-a-py,,,,,,,9.53,,,,,,,,48.8,,,,False,,,,,,,,,,,,30.32,20.79,,,
2026-09-21T09:00:00+00:00,dc-rack-a-py,,,,,,,9.99,,,,,,,,49.9,,,,False,,,,,,,,,,,,30.39,20.4,,,
2026-09-21T09:05:00+00:00,dc-rack-a-py,,,,,,,9.79,,,,,,,,49.4,,,,False,,,,,,,,,,,,30.72,20.93,,,
2026-09-21T09:10:00+00:00,dc-rack-a-py,,,,,,,9.92,,,,,,,,50.2,,,,False,,,,,,,,,,,,30.67,20.75,,,
2026-09-21T09:15:00+00:00,dc-rack-a-py,,,,,,,9.95,,,,,,,,50.1,,,,False,,,,,,,,,,,,30.89,20.94,,,
2026-09-21T09:20:00+00:00,dc-rack-a-py,,,,,,,9.55,,,,,,,,50.3,,,,False,,,,,,,,,,,,30.29,20.74,,,
2026-09-21T09:25:00+00:00,dc-rack-a-py,,,,,,,10.1,,,,,,,,49.9,,,,False,,,,,,,,,,,,31.04,20.94,,,
2026-09-21T09:30:00+00:00,dc-rack-a-py,,,,,,,9.69,,,,,,,,50.2,,,,False,,,,,,,,,,,,30.53,20.84,,,
2026-09-21T09:35:00+00:00,dc-rack-a-py,,,,,,,9.48,,,,,,,,50.3,,,,False,,,,,,,,,,,,30.44,20.96,,,
2026-09-21T09:40:00+00:00,dc-rack-a-py,,,,,,,10.25,,,,,,,,50.5,,,,False,,,,,,,,,,,,31.25,21.0,,,
2026-09-21T09:45:00+00:00,dc-rack-a-py,,,,,,,9.86,,,,,,,,49.8,,,,False,,,,,,,,,,,,30.7,20.84,,,
2026-09-21T09:50:00+00:00,dc-rack-a-py,,,,,,,9.86,,,,,,,,49.7,,,,False,,,,,,,,,,,,30.62,20.76,,,
2026-09-21T09:55:00+00:00,dc-rack-a-py,,,,,,,10.14,,,,,,,,49.4,,,,False,,,,,,,,,,,,31.29,21.15,,,
2026-09-21T10:00:00+00:00,dc-rack-a-py,,,,,,,9.94,,,,,,,,50.2,,,,False,,,,,,,,,,,,31.1,21.16,,,
2026-09-21T10:05:00+00:00,dc-rack-a-py,,,,,,,10.3,,,,,,,,50.7,,,,False,,,,,,,,,,,,31.08,20.78,,,
2026-09-21T10:10:00+00:00,dc-rack-a-py,,,,,,,9.37,,,,,,,,50.4,,,,False,,,,,,,,,,,,30.3,20.93,,,
2026-09-21T10:15:00+00:00,dc-rack-a-py,,,,,,,10.54,,,,,,,,50.4,,,,False,,,,,,,,,,,,31.82,21.28,,,
2026-09-21T10:20:00+00:00,dc-rack-a-py,,,,,,,10.16,,,,,,,,50.1,,,,False,,,,,,,,,,,,31.24,21.08,,,
2026-09-21T10:25:00+00:00,dc-rack-a-py,,,,,,,9.94,,,,,,,,50.7,,,,False,,,,,,,,,,,,30.9,20.96,,,
2026-09-21T10:30:00+00:00,dc-rack-a-py,,,,,,,10.32,,,,,,,,50.1,,,,False,,,,,,,,,,,,31.18,20.86,,,
2026-09-21T10:35:00+00:00,dc-rack-a-py,,,,,,,10.37,,,,,,,,50.1,,,,False,,,,,,,,,,,,31.44,21.07,,,
2026-09-21T10:40:00+00:00,dc-rack-a-py,,,,,,,10.15,,,,,,,,50.4,,,,False,,,,,,,,,,,,31.27,21.12,,,
2026-09-21T10:45:00+00:00,dc-rack-a-py,,,,,,,10.06,,,,,,,,49.9,,,,False,,,,,,,,,,,,31.31,21.25,,,
2026-09-21T10:50:00+00:00,dc-rack-a-py,,,,,,,10.14,,,,,,,,49.0,,,,False,,,,,,,,,,,,31.44,21.3,,,
2026-09-21T10:55:00+00:00,dc-rack-a-py,,,,,,,10.3,,,,,,,,49.8,,,,False,,,,,,,,,,,,31.45,21.15,,,
2026-09-21T11:00:00+00:00,dc-rack-a-py,,,,,,,9.93,,,,,,,,49.2,,,,False,,,,,,,,,,,,31.27,21.34,,,
2026-09-21T11:05:00+00:00,dc-rack-a-py,,,,,,,9.98,,,,,,,,49.7,,,,False,,,,,,,,,,,,31.35,21.37,,,
2026-09-21T11:10:00+00:00,dc-rack-a-py,,,,,,,10.33,,,,,,,,49.6,,,,False,,,,,,,,,,,,31.47,21.14,,,
2026-09-21T11:15:00+00:00,dc-rack-a-py,,,,,,,10.07,,,,,,,,50.2,,,,False,,,,,,,,,,,,31.36,21.29,,,
2026-09-21T11:20:00+00:00,dc-rack-a-py,,,,,,,10.7,,,,,,,,49.8,,,,False,,,,,,,,,,,,32.2,21.5,,,
2026-09-21T11:25:00+00:00,dc-rack-a-py,,,,,,,10.3,,,,,,,,49.4,,,,False,,,,,,,,,,,,31.63,21.33,,,
2026-09-21T11:30:00+00:00,dc-rack-a-py,,,,,,,10.32,,,,,,,,49.6,,,,False,,,,,,,,,,,,31.53,21.21,,,
2026-09-21T11:35:00+00:00,dc-rack-a-py,,,,,,,10.57,,,,,,,,48.9,,,,False,,,,,,,,,,,,32.2,21.63,,,
2026-09-21T11:40:00+00:00,dc-rack-a-py,,,,,,,10.66,,,,,,,,50.2,,,,False,,,,,,,,,,,,32.32,21.66,,,
2026-09-21T11:45:00+00:00,dc-rack-a-py,,,,,,,10.66,,,,,,,,49.6,,,,False,,,,,,,,,,,,31.92,21.26,,,
2026-09-21T11:50:00+00:00,dc-rack-a-py,,,,,,,11.15,,,,,,,,49.5,,,,False,,,,,,,,,,,,32.65,21.5,,,
2026-09-21T11:55:00+00:00,dc-rack-a-py,,,,,,,10.64,,,,,,,,49.3,,,,False,,,,,,,,,,,,31.98,21.34,,,
2026-09-21T12:00:00+00:00,dc-rack-a-py,,,,,,,11.03,,,,,,,,49.7,,,,False,,,,,,,,,,,,32.58,21.55,,,
2026-09-21T12:05:00+00:00,dc-rack-a-py,,,,,,,10.98,,,,,,,,48.6,,,,False,,,,,,,,,,,,32.58,21.6,,,
2026-09-21T12:10:00+00:00,dc-rack-a-py,,,,,,,10.87,,,,,,,,49.0,,,,False,,,,,,,,,,,,32.36,21.49,,,
2026-09-21T12:15:00+00:00,dc-rack-a-py,,,,,,,10.91,,,,,,,,49.6,,,,False,,,,,,,,,,,,32.67,21.76,,,
2026-09-21T12:20:00+00:00,dc-rack-a-py,,,,,,,10.52,,,,,,,,49.1,,,,False,,,,,,,,,,,,32.24,21.72,,,
2026-09-21T12:25:00+00:00,dc-rack-a-py,,,,,,,11.02,,,,,,,,49.4,,,,False,,,,,,,,,,,,32.68,21.66,,,
2026-09-21T12:30:00+00:00,dc-rack-a-py,,,,,,,10.84,,,,,,,,47.8,,,,False,,,,,,,,,,,,32.8,21.96,,,
2026-09-21T12:35:00+00:00,dc-rack-a-py,,,,,,,11.43,,,,,,,,49.0,,,,False,,,,,,,,,,,,33.53,22.1,,,
2026-09-21T12:40:00+00:00,dc-rack-a-py,,,,,,,11.04,,,,,,,,47.8,,,,False,,,,,,,,,,,,32.58,21.54,,,
2026-09-21T12:45:00+00:00,dc-rack-a-py,,,,,,,10.85,,,,,,,,48.4,,,,False,,,,,,,,,,,,32.79,21.94,,,
2026-09-21T12:50:00+00:00,dc-rack-a-py,,,,,,,11.12,,,,,,,,49.0,,,,False,,,,,,,,,,,,32.75,21.63,,,
2026-09-21T12:55:00+00:00,dc-rack-a-py,,,,,,,11.11,,,,,,,,48.6,,,,False,,,,,,,,,,,,33.05,21.94,,,
2026-09-21T13:00:00+00:00,dc-rack-a-py,,,,,,,10.93,,,,,,,,48.2,,,,False,,,,,,,,,,,,32.76,21.83,,,
2026-09-21T13:05:00+00:00,dc-rack-a-py,,,,,,,11.27,,,,,,,,47.8,,,,False,,,,,,,,,,,,33.39,22.12,,,
2026-09-21T13:10:00+00:00,dc-rack-a-py,,,,,,,11.43,,,,,,,,47.8,,,,False,,,,,,,,,,,,33.49,22.06,,,
2026-09-21T13:15:00+00:00,dc-rack-a-py,,,,,,,11.17,,,,,,,,47.6,,,,False,,,,,,,,,,,,33.26,22.09,,,
2026-09-21T13:20:00+00:00,dc-rack-a-py,,,,,,,11.05,,,,,,,,48.3,,,,False,,,,,,,,,,,,33.28,22.23,,,
2026-09-21T13:25:00+00:00,dc-rack-a-py,,,,,,,11.07,,,,,,,,48.1,,,,False,,,,,,,,,,,,33.29,22.22,,,
2026-09-21T13:30:00+00:00,dc-rack-a-py,,,,,,,10.89,,,,,,,,47.5,,,,False,,,,,,,,,,,,33.12,22.23,,,
2026-09-21T13:35:00+00:00,dc-rack-a-py,,,,,,,11.34,,,,,,,,47.7,,,,False,,,,,,,,,,,,33.72,22.38,,,
2026-09-21T13:40:00+00:00,dc-rack-a-py,,,,,,,11.37,,,,,,,,48.6,,,,False,,,,,,,,,,,,33.54,22.17,,,
2026-09-21T13:45:00+00:00,dc-rack-a-py,,,,,,,11.41,,,,,,,,47.6,,,,False,,,,,,,,,,,,34.02,22.61,,,
2026-09-21T13:50:00+00:00,dc-rack-a-py,,,,,,,11.13,,,,,,,,47.6,,,,False,,,,,,,,,,,,33.76,22.63,,,
2026-09-21T13:55:00+00:00,dc-rack-a-py,,,,,,,11.82,,,,,,,,47.0,,,,False,,,,,,,,,,,,34.32,22.5,,,
2026-09-21T14:00:00+00:00,dc-rack-a-py,,,,,,,11.61,,,,,,,,47.2,,,,False,,,,,,,,,,,,34.05,22.44,,,
2026-09-21T14:05:00+00:00,dc-rack-a-py,,,,,,,11.92,,,,,,,,46.7,,,,False,,,,,,,,,,,,34.32,22.4,,,
2026-09-21T14:10:00+00:00,dc-rack-a-py,,,,,,,12.39,,,,,,,,47.2,,,,False,,,,,,,,,,,,34.9,22.51,,,
2026-09-21T14:15:00+00:00,dc-rack-a-py,,,,,,,12.34,,,,,,,,47.3,,,,False,,,,,,,,,,,,35.09,22.75,,,
2026-09-21T14:20:00+00:00,dc-rack-a-py,,,,,,,12.13,,,,,,,,46.2,,,,False,,,,,,,,,,,,34.85,22.72,,,
2026-09-21T14:25:00+00:00,dc-rack-a-py,,,,,,,11.41,,,,,,,,47.1,,,,False,,,,,,,,,,,,34.05,22.64,,,
2026-09-21T14:30:00+00:00,dc-rack-a-py,,,,,,,12.75,,,,,,,,46.6,,,,False,,,,,,,,,,,,35.59,22.84,,,
2026-09-21T14:35:00+00:00,dc-rack-a-py,,,,,,,12.24,,,,,,,,46.3,,,,False,,,,,,,,,,,,34.98,22.74,,,
2026-09-21T14:40:00+00:00,dc-rack-a-py,,,,,,,11.7,,,,,,,,46.4,,,,False,,,,,,,,,,,,34.61,22.91,,,
2026-09-21T14:45:00+00:00,dc-rack-a-py,,,,,,,12.8,,,,,,,,46.8,,,,False,,,,,,,,,,,,35.65,22.85,,,
2026-09-21T14:50:00+00:00,dc-rack-a-py,,,,,,,12.39,,,,,,,,45.8,,,,False,,,,,,,,,,,,35.16,22.77,,,
2026-09-21T14:55:00+00:00,dc-rack-a-py,,,,,,,12.57,,,,,,,,46.9,,,,False,,,,,,,,,,,,35.37,22.8,,,
2026-09-21T15:00:00+00:00,dc-rack-a-py,,,,,,,12.48,,,,,,,,46.8,,,,False,,,,,,,,,,,,35.51,23.03,,,
2026-09-21T15:05:00+00:00,dc-rack-a-py,,,,,,,12.6,,,,,,,,45.8,,,,False,,,,,,,,,,,,35.75,23.15,,,
2026-09-21T15:10:00+00:00,dc-rack-a-py,,,,,,,12.56,,,,,,,,45.4,,,,False,,,,,,,,,,,,35.77,23.21,,,
2026-09-21T15:15:00+00:00,dc-rack-a-py,,,,,,,12.09,,,,,,,,46.4,,,,False,,,,,,,,,,,,35.19,23.1,,,
2026-09-21T15:20:00+00:00,dc-rack-a-py,,,,,,,12.28,,,,,,,,46.5,,,,False,,,,,,,,,,,,35.51,23.23,,,
2026-09-21T15:25:00+00:00,dc-rack-a-py,,,,,,,12.35,,,,,,,,45.8,,,,False,,,,,,,,,,,,35.6,23.25,,,
2026-09-21T15:30:00+00:00,dc-rack-a-py,,,,,,,12.05,,,,,,,,45.9,,,,False,,,,,,,,,,,,35.29,23.24,,,
2026-09-21T15:35:00+00:00,dc-rack-a-py,,,,,,,12.28,,,,,,,,45.6,,,,False,,,,,,,,,,,,35.45,23.17,,,
2026-09-21T15:40:00+00:00,dc-rack-a-py,,,,,,,12.23,,,,,,,,45.3,,,,False,,,,,,,,,,,,35.39,23.16,,,
2026-09-21T15:45:00+00:00,dc-rack-a-py,,,,,,,12.59,,,,,,,,45.7,,,,False,,,,,,,,,,,,36.0,23.41,,,
2026-09-21T15:50:00+00:00,dc-rack-a-py,,,,,,,12.41,,,,,,,,45.1,,,,False,,,,,,,,,,,,35.64,23.23,,,
2026-09-21T15:55:00+00:00,dc-rack-a-py,,,,,,,12.44,,,,,,,,44.1,,,,False,,,,,,,,,,,,35.74,23.3,,,
2026-09-21T16:00:00+00:00,dc-rack-a-py,,,,,,,12.6,,,,,,,,45.1,,,,False,,,,,,,,,,,,35.84,23.24,,,
2026-09-21T16:05:00+00:00,dc-rack-a-py,,,,,,,12.7,,,,,,,,44.9,,,,False,,,,,,,,,,,,36.0,23.3,,,
2026-09-21T16:10:00+00:00,dc-rack-a-py,,,,,,,12.47,,,,,,,,44.8,,,,False,,,,,,,,,,,,35.9,23.43,,,
2026-09-21T16:15:00+00:00,dc-rack-a-py,,,,,,,13.15,,,,,,,,44.5,,,,False,,,,,,,,,,,,36.51,23.36,,,
2026-09-21T16:20:00+00:00,dc-rack-a-py,,,,,,,13.0,,,,,,,,44.1,,,,False,,,,,,,,,,,,36.4,23.4,,,
2026-09-21T16:25:00+00:00,dc-rack-a-py,,,,,,,13.6,,,,,,,,43.3,,,,False,,,,,,,,,,,,37.36,23.76,,,
2026-09-21T16:30:00+00:00,dc-rack-a-py,,,,,,,12.88,,,,,,,,44.4,,,,False,,,,,,,,,,,,36.45,23.57,,,
2026-09-21T16:35:00+00:00,dc-rack-a-py,,,,,,,12.74,,,,,,,,44.3,,,,False,,,,,,,,,,,,36.55,23.81,,,
2026-09-21T16:40:00+00:00,dc-rack-a-py,,,,,,,12.99,,,,,,,,43.5,,,,False,,,,,,,,,,,,36.55,23.56,,,
2026-09-21T16:45:00+00:00,dc-rack-a-py,,,,,,,13.39,,,,,,,,44.0,,,,False,,,,,,,,,,,,37.21,23.82,,,
2026-09-21T16:50:00+00:00,dc-rack-a-py,,,,,,,13.15,,,,,,,,43.6,,,,False,,,,,,,,,,,,36.88,23.73,,,
2026-09-21T16:55:00+00:00,dc-rack-a-py,,,,,,,12.84,,,,,,,,44.1,,,,False,,,,,,,,,,,,36.48,23.64,,,
2026-09-21T17:00:00+00:00,dc-rack-a-py,,,,,,,13.1,,,,,,,,43.5,,,,False,,,,,,,,,,,,37.04,23.94,,,
2026-09-21T17:05:00+00:00,dc-rack-a-py,,,,,,,13.24,,,,,,,,44.3,,,,False,,,,,,,,,,,,36.94,23.7,,,
2026-09-21T17:10:00+00:00,dc-rack-a-py,,,,,,,12.75,,,,,,,,43.1,,,,False,,,,,,,,,,,,36.5,23.75,,,
2026-09-21T17:15:00+00:00,dc-rack-a-py,,,,,,,12.8,,,,,,,,43.4,,,,False,,,,,,,,,,,,36.57,23.77,,,
2026-09-21T17:20:00+00:00,dc-rack-a-py,,,,,,,12.59,,,,,,,,43.7,,,,False,,,,,,,,,,,,36.66,24.07,,,
2026-09-21T17:25:00+00:00,dc-rack-a-py,,,,,,,12.8,,,,,,,,43.0,,,,False,,,,,,,,,,,,36.83,24.03,,,
2026-09-21T17:30:00+00:00,dc-rack-a-py,,,,,,,13.38,,,,,,,,43.4,,,,False,,,,,,,,,,,,37.32,23.94,,,
2026-09-21T17:35:00+00:00,dc-rack-a-py,,,,,,,13.24,,,,,,,,42.6,,,,False,,,,,,,,,,,,37.19,23.95,,,
2026-09-21T17:40:00+00:00,dc-rack-a-py,,,,,,,13.83,,,,,,,,42.8,,,,False,,,,,,,,,,,,37.73,23.9,,,
2026-09-21T17:45:00+00:00,dc-rack-a-py,,,,,,,13.93,,,,,,,,43.0,,,,False,,,,,,,,,,,,37.95,24.02,,,
2026-09-21T17:50:00+00:00,dc-rack-a-py,,,,,,,13.4,,,,,,,,43.0,,,,False,,,,,,,,,,,,37.34,23.94,,,
2026-09-21T17:55:00+00:00,dc-rack-a-py,,,,,,,13.16,,,,,,,,42.7,,,,False,,,,,,,,,,,,37.02,23.86,,,
2026-09-21T18:00:00+00:00,dc-rack-a-py,,,,,,,13.4,,,,,,,,43.3,,,,False,,,,,,,,,,,,37.95,24.55,,,
2026-09-21T18:05:00+00:00,dc-rack-a-py,,,,,,,13.22,,,,,,,,42.0,,,,False,,,,,,,,,,,,37.4,24.18,,,
2026-09-21T18:10:00+00:00,dc-rack-a-py,,,,,,,13.77,,,,,,,,42.3,,,,False,,,,,,,,,,,,37.9,24.13,,,
2026-09-21T18:15:00+00:00,dc-rack-a-py,,,,,,,14.07,,,,,,,,42.0,,,,False,,,,,,,,,,,,38.04,23.97,,,
2026-09-21T18:20:00+00:00,dc-rack-a-py,,,,,,,13.33,,,,,,,,42.1,,,,False,,,,,,,,,,,,37.2,23.87,,,
2026-09-21T18:25:00+00:00,dc-rack-a-py,,,,,,,13.4,,,,,,,,42.3,,,,False,,,,,,,,,,,,37.53,24.13,,,
2026-09-21T18:30:00+00:00,dc-rack-a-py,,,,,,,14.0,,,,,,,,42.4,,,,False,,,,,,,,,,,,38.15,24.15,,,
2026-09-21T18:35:00+00:00,dc-rack-a-py,,,,,,,13.68,,,,,,,,42.1,,,,False,,,,,,,,,,,,37.65,23.97,,,
2026-09-21T18:40:00+00:00,dc-rack-a-py,,,,,,,13.4,,,,,,,,41.3,,,,False,,,,,,,,,,,,37.71,24.31,,,
2026-09-21T18:45:00+00:00,dc-rack-a-py,,,,,,,13.75,,,,,,,,41.0,,,,False,,,,,,,,,,,,38.09,24.34,,,
2026-09-21T18:50:00+00:00,dc-rack-a-py,,,,,,,13.46,,,,,,,,42.1,,,,False,,,,,,,,,,,,37.83,24.37,,,
2026-09-21T18:55:00+00:00,dc-rack-a-py,,,,,,,13.46,,,,,,,,41.8,,,,False,,,,,,,,,,,,37.83,24.37,,,
2026-09-21T19:00:00+00:00,dc-rack-a-py,,,,,,,13.46,,,,,,,,41.8,,,,False,,,,,,,,,,,,37.7,24.24,,,
2026-09-21T19:05:00+00:00,dc-rack-a-py,,,,,,,13.72,,,,,,,,42.1,,,,False,,,,,,,,,,,,37.95,24.23,,,
2026-09-21T19:10:00+00:00,dc-rack-a-py,,,,,,,13.41,,,,,,,,42.0,,,,False,,,,,,,,,,,,37.68,24.27,,,
2026-09-21T19:15:00+00:00,dc-rack-a-py,,,,,,,14.17,,,,,,,,40.5,,,,False,,,,,,,,,,,,38.22,24.05,,,
2026-09-21T19:20:00+00:00,dc-rack-a-py,,,,,,,13.45,,,,,,,,41.7,,,,False,,,,,,,,,,,,37.84,24.39,,,
2026-09-21T19:25:00+00:00,dc-rack-a-py,,,,,,,13.41,,,,,,,,40.8,,,,False,,,,,,,,,,,,37.29,23.88,,,
2026-09-21T19:30:00+00:00,dc-rack-a-py,,,,,,,13.28,,,,,,,,40.9,,,,False,,,,,,,,,,,,37.44,24.16,,,
2026-09-21T19:35:00+00:00,dc-rack-a-py,,,,,,,13.76,,,,,,,,41.4,,,,False,,,,,,,,,,,,38.1,24.34,,,
2026-09-21T19:40:00+00:00,dc-rack-a-py,,,,,,,13.42,,,,,,,,41.6,,,,False,,,,,,,,,,,,38.01,24.59,,,
2026-09-21T19:45:00+00:00,dc-rack-a-py,,,,,,,14.06,,,,,,,,41.2,,,,False,,,,,,,,,,,,38.22,24.16,,,
2026-09-21T19:50:00+00:00,dc-rack-a-py,,,,,,,13.84,,,,,,,,40.0,,,,False,,,,,,,,,,,,38.16,24.32,,,
2026-09-21T19:55:00+00:00,dc-rack-a-py,,,,,,,13.71,,,,,,,,41.6,,,,False,,,,,,,,,,,,38.08,24.37,,,
2026-09-21T20:00:00+00:00,dc-rack-a-py,,,,,,,13.73,,,,,,,,41.0,,,,False,,,,,,,,,,,,37.97,24.24,,,
2026-09-21T20:05:00+00:00,dc-rack-a-py,,,,,,,13.6,,,,,,,,40.9,,,,False,,,,,,,,,,,,37.8,24.2,,,
2026-09-21T20:10:00+00:00,dc-rack-a-py,,,,,,,14.0,,,,,,,,39.5,,,,False,,,,,,,,,,,,38.43,24.43,,,
2026-09-21T20:15:00+00:00,dc-rack-a-py,,,,,,,13.81,,,,,,,,41.3,,,,False,,,,,,,,,,,,38.08,24.27,,,
2026-09-21T20:20:00+00:00,dc-rack-a-py,,,,,,,13.18,,,,,,,,40.7,,,,False,,,,,,,,,,,,37.6,24.42,,,
2026-09-21T20:25:00+00:00,dc-rack-a-py,,,,,,,13.95,,,,,,,,40.8,,,,False,,,,,,,,,,,,38.13,24.18,,,
2026-09-21T20:30:00+00:00,dc-rack-a-py,,,,,,,13.68,,,,,,,,40.6,,,,False,,,,,,,,,,,,37.83,24.15,,,
2026-09-21T20:35:00+00:00,dc-rack-a-py,,,,,,,13.76,,,,,,,,40.2,,,,False,,,,,,,,,,,,38.0,24.24,,,
2026-09-21T20:40:00+00:00,dc-rack-a-py,,,,,,,13.4,,,,,,,,40.6,,,,False,,,,,,,,,,,,37.71,24.31,,,
2026-09-21T20:45:00+00:00,dc-rack-a-py,,,,,,,13.22,,,,,,,,41.2,,,,False,,,,,,,,,,,,37.63,24.41,,,
2026-09-21T20:50:00+00:00,dc-rack-a-py,,,,,,,13.55,,,,,,,,40.1,,,,False,,,,,,,,,,,,37.87,24.32,,,
2026-09-21T20:55:00+00:00,dc-rack-a-py,,,,,,,13.67,,,,,,,,39.8,,,,False,,,,,,,,,,,,38.03,24.36,,,
2026-09-21T21:00:00+00:00,dc-rack-a-py,,,,,,,14.08,,,,,,,,40.2,,,,False,,,,,,,,,,,,38.22,24.14,,,
2026-09-21T21:05:00+00:00,dc-rack-a-py,,,,,,,13.37,,,,,,,,40.2,,,,False,,,,,,,,,,,,37.73,24.36,,,
2026-09-21T21:10:00+00:00,dc-rack-a-py,,,,,,,13.97,,,,,,,,39.6,,,,False,,,,,,,,,,,,38.19,24.22,,,
2026-09-21T21:15:00+00:00,dc-rack-a-py,,,,,,,13.39,,,,,,,,39.5,,,,False,,,,,,,,,,,,37.67,24.28,,,
2026-09-21T21:20:00+00:00,dc-rack-a-py,,,,,,,13.24,,,,,,,,39.8,,,,False,,,,,,,,,,,,37.34,24.1,,,
2026-09-21T21:25:00+00:00,dc-rack-a-py,,,,,,,13.35,,,,,,,,39.9,,,,False,,,,,,,,,,,,37.38,24.03,,,
2026-09-21T21:30:00+00:00,dc-rack-a-py,,,,,,,13.12,,,,,,,,40.0,,,,False,,,,,,,,,,,,37.31,24.19,,,
2026-09-21T21:35:00+00:00,dc-rack-a-py,,,,,,,13.49,,,,,,,,39.9,,,,False,,,,,,,,,,,,37.55,24.06,,,
2026-09-21T21:40:00+00:00,dc-rack-a-py,,,,,,,13.5,,,,,,,,40.0,,,,False,,,,,,,,,,,,37.65,24.15,,,
2026-09-21T21:45:00+00:00,dc-rack-a-py,,,,,,,13.71,,,,,,,,40.2,,,,False,,,,,,,,,,,,37.84,24.13,,,
2026-09-21T21:50:00+00:00,dc-rack-a-py,,,,,,,13.62,,,,,,,,39.3,,,,False,,,,,,,,,,,,37.82,24.2,,,
2026-09-21T21:55:00+00:00,dc-rack-a-py,,,,,,,13.2,,,,,,,,41.1,,,,False,,,,,,,,,,,,37.02,23.82,,,
2026-09-21T22:00:00+00:00,dc-rack-a-py,,,,,,,13.18,,,,,,,,40.2,,,,False,,,,,,,,,,,,37.36,24.18,,,
2026-09-21T22:05:00+00:00,dc-rack-a-py,,,,,,,13.4,,,,,,,,40.1,,,,False,,,,,,,,,,,,37.3,23.9,,,
2026-09-21T22:10:00+00:00,dc-rack-a-py,,,,,,,13.64,,,,,,,,40.2,,,,False,,,,,,,,,,,,37.58,23.94,,,
2026-09-21T22:15:00+00:00,dc-rack-a-py,,,,,,,13.36,,,,,,,,39.9,,,,False,,,,,,,,,,,,37.54,24.18,,,
2026-09-21T22:20:00+00:00,dc-rack-a-py,,,,,,,13.21,,,,,,,,39.8,,,,False,,,,,,,,,,,,37.26,24.05,,,
2026-09-21T22:25:00+00:00,dc-rack-a-py,,,,,,,13.12,,,,,,,,39.4,,,,False,,,,,,,,,,,,37.31,24.19,,,
2026-09-21T22:30:00+00:00,dc-rack-a-py,,,,,,,13.44,,,,,,,,39.5,,,,False,,,,,,,,,,,,37.27,23.83,,,
2026-09-21T22:35:00+00:00,dc-rack-a-py,,,,,,,13.77,,,,,,,,40.3,,,,False,,,,,,,,,,,,37.37,23.6,,,
2026-09-21T22:40:00+00:00,dc-rack-a-py,,,,,,,12.48,,,,,,,,40.3,,,,False,,,,,,,,,,,,36.61,24.13,,,
2026-09-21T22:45:00+00:00,dc-rack-a-py,,,,,,,13.17,,,,,,,,39.8,,,,False,,,,,,,,,,,,36.93,23.76,,,
2026-09-21T22:50:00+00:00,dc-rack-a-py,,,,,,,13.08,,,,,,,,39.7,,,,False,,,,,,,,,,,,36.54,23.46,,,
2026-09-21T22:55:00+00:00,dc-rack-a-py,,,,,,,12.52,,,,,,,,39.8,,,,False,,,,,,,,,,,,36.17,23.65,,,
2026-09-21T23:00:00+00:00,dc-rack-a-py,,,,,,,13.35,,,,,,,,40.2,,,,False,,,,,,,,,,,,37.07,23.72,,,
2026-09-21T23:05:00+00:00,dc-rack-a-py,,,,,,,13.17,,,,,,,,39.8,,,,False,,,,,,,,,,,,36.83,23.66,,,
2026-09-21T23:10:00+00:00,dc-rack-a-py,,,,,,,12.76,,,,,,,,40.7,,,,False,,,,,,,,,,,,36.55,23.79,,,
2026-09-21T23:15:00+00:00,dc-rack-a-py,,,,,,,13.15,,,,,,,,40.3,,,,False,,,,,,,,,,,,37.02,23.87,,,
2026-09-21T23:20:00+00:00,dc-rack-a-py,,,,,,,13.2,,,,,,,,39.7,,,,False,,,,,,,,,,,,36.74,23.54,,,
2026-09-21T23:25:00+00:00,dc-rack-a-py,,,,,,,12.45,,,,,,,,40.3,,,,False,,,,,,,,,,,,36.11,23.66,,,
2026-09-21T23:30:00+00:00,dc-rack-a-py,,,,,,,13.33,,,,,,,,40.6,,,,False,,,,,,,,,,,,37.34,24.01,,,
2026-09-21T23:35:00+00:00,dc-rack-a-py,,,,,,,12.62,,,,,,,,40.3,,,,False,,,,,,,,,,,,36.27,23.65,,,
2026-09-21T23:40:00+00:00,dc-rack-a-py,,,,,,,12.57,,,,,,,,40.5,,,,False,,,,,,,,,,,,36.11,23.54,,,
2026-09-21T23:45:00+00:00,dc-rack-a-py,,,,,,,13.0,,,,,,,,40.3,,,,False,,,,,,,,,,,,36.7,23.7,,,
2026-09-21T23:50:00+00:00,dc-rack-a-py,,,,,,,12.52,,,,,,,,40.7,,,,False,,,,,,,,,,,,35.69,23.17,,,
2026-09-21T23:55:00+00:00,dc-rack-a-py,,,,,,,12.73,,,,,,,,41.0,,,,False,,,,,,,,,,,,36.11,23.38,,,
2026-09-22T00:40:00+00:00,dc-rack-a-py,,,,,,,12.22,,,,,,,,40.8,,,,False,,,,,,,,,,,,35.5,23.28,,,
2026-09-22T00:45:00+00:00,dc-rack-a-py,,,,,,,12.85,,,,,,,,41.2,,,,False,,,,,,,,,,,,36.09,23.24,,,
2026-09-22T00:50:00+00:00,dc-rack-a-py,,,,,,,12.66,,,,,,,,41.3,,,,False,,,,,,,,,,,,35.76,23.1,,,
2026-09-22T00:55:00+00:00,dc-rack-a-py,,,,,,,11.71,,,,,,,,41.9,,,,False,,,,,,,,,,,,34.29,22.58,,,
2026-09-22T01:00:00+00:00,dc-rack-a-py,,,,,,,12.17,,,,,,,,41.8,,,,False,,,,,,,,,,,,34.84,22.67,,,
2026-09-22T01:05:00+00:00,dc-rack-a-py,,,,,,,12.54,,,,,,,,41.2,,,,False,,,,,,,,,,,,35.67,23.13,,,
2026-09-22T01:10:00+00:00,dc-rack-a-py,,,,,,,12.12,,,,,,,,42.0,,,,False,,,,,,,,,,,,34.99,22.87,,,
2026-09-22T01:15:00+00:00,dc-rack-a-py,,,,,,,12.23,,,,,,,,41.3,,,,False,,,,,,,,,,,,35.21,22.98,,,
2026-09-22T01:20:00+00:00,dc-rack-a-py,,,,,,,11.81,,,,,,,,42.8,,,,False,,,,,,,,,,,,34.57,22.76,,,
2026-09-22T01:25:00+00:00,dc-rack-a-py,,,,,,,11.74,,,,,,,,42.6,,,,False,,,,,,,,,,,,34.57,22.83,,,
2026-09-22T01:30:00+00:00,dc-rack-a-py,,,,,,,11.65,,,,,,,,42.1,,,,False,,,,,,,,,,,,34.43,22.78,,,
2026-09-22T01:35:00+00:00,dc-rack-a-py,,,,,,,12.37,,,,,,,,41.9,,,,False,,,,,,,,,,,,35.01,22.64,,,
2026-09-22T01:40:00+00:00,dc-rack-a-py,,,,,,,11.37,,,,,,,,41.3,,,,False,,,,,,,,,,,,34.2,22.83,,,
2026-09-22T01:45:00+00:00,dc-rack-a-py,,,,,,,11.67,,,,,,,,42.2,,,,False,,,,,,,,,,,,34.2,22.53,,,
2026-09-22T01:50:00+00:00,dc-rack-a-py,,,,,,,11.8,,,,,,,,42.5,,,,False,,,,,,,,,,,,34.33,22.53,,,
2026-09-22T01:55:00+00:00,dc-rack-a-py,,,,,,,11.72,,,,,,,,42.7,,,,False,,,,,,,,,,,,34.24,22.52,,,
2026-09-22T02:00:00+00:00,dc-rack-a-py,,,,,,,11.59,,,,,,,,42.5,,,,False,,,,,,,,,,,,34.5,22.91,,,
2026-09-22T02:05:00+00:00,dc-rack-a-py,,,,,,,11.53,,,,,,,,43.0,,,,False,,,,,,,,,,,,34.08,22.55,,,
2026-09-22T02:10:00+00:00,dc-rack-a-py,,,,,,,11.09,,,,,,,,42.8,,,,False,,,,,,,,,,,,33.57,22.48,,,
2026-09-22T02:15:00+00:00,dc-rack-a-py,,,,,,,11.42,,,,,,,,41.9,,,,False,,,,,,,,,,,,33.83,22.41,,,
2026-09-22T02:20:00+00:00,dc-rack-a-py,,,,,,,11.3,,,,,,,,43.1,,,,False,,,,,,,,,,,,33.66,22.36,,,
2026-09-22T02:25:00+00:00,dc-rack-a-py,,,,,,,11.52,,,,,,,,43.3,,,,False,,,,,,,,,,,,33.86,22.34,,,
2026-09-22T02:30:00+00:00,dc-rack-a-py,,,,,,,11.56,,,,,,,,43.2,,,,False,,,,,,,,,,,,33.87,22.31,,,
2026-09-22T02:35:00+00:00,dc-rack-a-py,,,,,,,11.26,,,,,,,,42.4,,,,False,,,,,,,,,,,,33.51,22.25,,,
2026-09-22T02:40:00+00:00,dc-rack-a-py,,,,,,,11.88,,,,,,,,43.0,,,,False,,,,,,,,,,,,33.91,22.03,,,
2026-09-22T02:45:00+00:00,dc-rack-a-py,,,,,,,11.08,,,,,,,,42.6,,,,False,,,,,,,,,,,,32.92,21.84,,,
2026-09-22T02:50:00+00:00,dc-rack-a-py,,,,,,,11.84,,,,,,,,44.3,,,,False,,,,,,,,,,,,34.07,22.23,,,
2026-09-22T02:55:00+00:00,dc-rack-a-py,,,,,,,11.14,,,,,,,,43.8,,,,False,,,,,,,,,,,,33.32,22.18,,,
2026-09-22T03:00:00+00:00,dc-rack-a-py,,,,,,,11.32,,,,,,,,43.4,,,,False,,,,,,,,,,,,33.52,22.2,,,
2026-09-22T03:05:00+00:00,dc-rack-a-py,,,,,,,11.4,,,,,,,,42.8,,,,False,,,,,,,,,,,,33.7,22.3,,,
2026-09-22T03:10:00+00:00,dc-rack-a-py,,,,,,,11.46,,,,,,,,44.2,,,,False,,,,,,,,,,,,33.65,22.19,,,
2026-09-22T03:15:00+00:00,dc-rack-a-py,,,,,,,11.13,,,,,,,,44.5,,,,False,,,,,,,,,,,,32.96,21.83,,,
2026-09-22T03:20:00+00:00,dc-rack-a-py,,,,,,,11.51,,,,,,,,44.4,,,,False,,,,,,,,,,,,33.71,22.2,,,
2026-09-22T03:25:00+00:00,dc-rack-a-py,,,,,,,10.87,,,,,,,,44.1,,,,False,,,,,,,,,,,,32.52,21.65,,,
2026-09-22T03:30:00+00:00,dc-rack-a-py,,,,,,,11.12,,,,,,,,43.7,,,,False,,,,,,,,,,,,32.71,21.59,,,
2026-09-22T03:35:00+00:00,dc-rack-a-py,,,,,,,11.04,,,,,,,,43.8,,,,False,,,,,,,,,,,,32.85,21.81,,,
2026-09-22T03:40:00+00:00,dc-rack-a-py,,,,,,,10.58,,,,,,,,43.7,,,,False,,,,,,,,,,,,32.6,22.02,,,
2026-09-22T03:45:00+00:00,dc-rack-a-py,,,,,,,10.72,,,,,,,,43.8,,,,False,,,,,,,,,,,,32.51,21.79,,,
2026-09-22T03:50:00+00:00,dc-rack-a-py,,,,,,,10.53,,,,,,,,44.8,,,,False,,,,,,,,,,,,32.18,21.65,,,
2026-09-22T03:55:00+00:00,dc-rack-a-py,,,,,,,10.72,,,,,,,,44.8,,,,False,,,,,,,,,,,,32.49,21.77,,,
2026-09-22T04:00:00+00:00,dc-rack-a-py,,,,,,,11.39,,,,,,,,45.6,,,,False,,,,,,,,,,,,32.86,21.47,,,
2026-09-22T04:05:00+00:00,dc-rack-a-py,,,,,,,10.74,,,,,,,,45.7,,,,False,,,,,,,,,,,,32.38,21.64,,,
2026-09-22T04:10:00+00:00,dc-rack-a-py,,,,,,,11.01,,,,,,,,45.1,,,,False,,,,,,,,,,,,32.52,21.51,,,
2026-09-22T04:15:00+00:00,dc-rack-a-py,,,,,,,10.7,,,,,,,,44.7,,,,False,,,,,,,,,,,,32.13,21.43,,,
2026-09-22T04:20:00+00:00,dc-rack-a-py,,,,,,,10.77,,,,,,,,46.0,,,,False,,,,,,,,,,,,32.44,21.67,,,
2026-09-22T04:25:00+00:00,dc-rack-a-py,,,,,,,10.85,,,,,,,,45.9,,,,False,,,,,,,,,,,,32.51,21.66,,,
2026-09-22T04:30:00+00:00,dc-rack-a-py,,,,,,,10.36,,,,,,,,45.4,,,,False,,,,,,,,,,,,31.68,21.32,,,
2026-09-22T04:35:00+00:00,dc-rack-a-py,,,,,,,10.51,,,,,,,,46.7,,,,False,,,,,,,,,,,,31.87,21.36,,,
2026-09-22T04:40:00+00:00,dc-rack-a-py,,,,,,,10.07,,,,,,,,45.6,,,,False,,,,,,,,,,,,31.43,21.36,,,
2026-09-22T04:45:00+00:00,dc-rack-a-py,,,,,,,10.18,,,,,,,,45.8,,,,False,,,,,,,,,,,,31.63,21.45,,,
2026-09-22T04:50:00+00:00,dc-rack-a-py,,,,,,,10.41,,,,,,,,46.0,,,,False,,,,,,,,,,,,31.82,21.41,,,
2026-09-22T04:55:00+00:00,dc-rack-a-py,,,,,,,10.16,,,,,,,,45.0,,,,False,,,,,,,,,,,,31.43,21.27,,,
2026-09-23T05:00:00+00:00,dc-rack-a-py,,,,,,,10.48,,,,,,,,46.9,,,,False,,,,,,,,,,,,32.01,21.53,,,
2026-09-23T05:05:00+00:00,dc-rack-a-py,,,,,,,10.42,,,,,,,,46.4,,,,False,,,,,,,,,,,,31.32,20.9,,,
2026-09-23T05:10:00+00:00,dc-rack-a-py,,,,,,,10.15,,,,,,,,46.4,,,,False,,,,,,,,,,,,31.2,21.05,,,
2026-09-23T05:15:00+00:00,dc-rack-a-py,,,,,,,10.27,,,,,,,,46.4,,,,False,,,,,,,,,,,,31.64,21.37,,,
2026-09-23T05:20:00+00:00,dc-rack-a-py,,,,,,,10.48,,,,,,,,46.5,,,,False,,,,,,,,,,,,31.49,21.01,,,
2026-09-23T05:25:00+00:00,dc-rack-a-py,,,,,,,10.22,,,,,,,,47.2,,,,False,,,,,,,,,,,,31.24,21.02,,,
2026-09-23T05:30:00+00:00,dc-rack-a-py,,,,,,,9.94,,,,,,,,47.0,,,,False,,,,,,,,,,,,31.16,21.22,,,
2026-09-23T05:35:00+00:00,dc-rack-a-py,,,,,,,9.79,,,,,,,,46.5,,,,False,,,,,,,,,,,,30.54,20.75,,,
2026-09-23T05:40:00+00:00,dc-rack-a-py,,,,,,,9.92,,,,,,,,48.2,,,,False,,,,,,,,,,,,30.96,21.04,,,
2026-09-23T05:45:00+00:00,dc-rack-a-py,,,,,,,10.51,,,,,,,,46.9,,,,False,,,,,,,,,,,,31.51,21.0,,,
2026-09-23T05:50:00+00:00,dc-rack-a-py,,,,,,,10.28,,,,,,,,47.0,,,,False,,,,,,,,,,,,31.2,20.92,,,
2026-09-23T05:55:00+00:00,dc-rack-a-py,,,,,,,10.0,,,,,,,,47.1,,,,False,,,,,,,,,,,,30.98,20.98,,,
2026-09-23T06:00:00+00:00,dc-rack-a-py,,,,,,,10.25,,,,,,,,47.7,,,,False,,,,,,,,,,,,31.17,20.92,,,
2026-09-23T06:05:00+00:00,dc-rack-a-py,,,,,,,9.54,,,,,,,,47.6,,,,False,,,,,,,,,,,,30.53,20.99,,,
2026-09-23T06:10:00+00:00,dc-rack-a-py,,,,,,,9.97,,,,,,,,48.0,,,,False,,,,,,,,,,,,30.88,20.91,,,
2026-09-23T06:15:00+00:00,dc-rack-a-py,,,,,,,9.97,,,,,,,,47.7,,,,False,,,,,,,,,,,,31.04,21.07,,,
2026-09-23T06:20:00+00:00,dc-rack-a-py,,,,,,,10.01,,,,,,,,48.1,,,,False,,,,,,,,,,,,31.07,21.06,,,
2026-09-23T06:25:00+00:00,dc-rack-a-py,,,,,,,10.01,,,,,,,,48.3,,,,False,,,,,,,,,,,,30.9,20.89,,,
2026-09-23T06:30:00+00:00,dc-rack-a-py,,,,,,,9.31,,,,,,,,47.3,,,,False,,,,,,,,,,,,30.17,20.86,,,
2026-09-23T06:35:00+00:00,dc-rack-a-py,,,,,,,9.67,,,,,,,,48.1,,,,False,,,,,,,,,,,,30.45,20.78,,,
2026-09-23T06:40:00+00:00,dc-rack-a-py,,,,,,,10.05,,,,,,,,48.3,,,,False,,,,,,,,,,,,30.93,20.88,,,
2026-09-23T06:45:00+00:00,dc-rack-a-py,,,,,,,9.71,,,,,,,,48.1,,,,False,,,,,,,,,,,,30.67,20.96,,,
2026-09-23T06:50:00+00:00,dc-rack-a-py,,,,,,,10.37,,,,,,,,48.0,,,,False,,,,,,,,,,,,31.09,20.72,,,
2026-09-23T06:55:00+00:00,dc-rack-a-py,,,,,,,9.48,,,,,,,,48.1,,,,False,,,,,,,,,,,,30.32,20.84,,,
2026-09-23T07:00:00+00:00,dc-rack-a-py,,,,,,,9.96,,,,,,,,49.1,,,,False,,,,,,,,,,,,31.03,21.07,,,
2026-09-23T07:05:00+00:00,dc-rack-a-py,,,,,,,9.63,,,,,,,,48.9,,,,False,,,,,,,,,,,,30.2,20.57,,,
2026-09-23T07:10:00+00:00,dc-rack-a-py,,,,,,,9.91,,,,,,,,47.8,,,,False,,,,,,,,,,,,30.6,20.69,,,
2026-09-23T07:15:00+00:00,dc-rack-a-py,,,,,,,9.5,,,,,,,,49.3,,,,False,,,,,,,,,,,,30.15,20.65,,,
2026-09-23T07:20:00+00:00,dc-rack-a-py,,,,,,,9.94,,,,,,,,48.1,,,,False,,,,,,,,,,,,30.82,20.88,,,
2026-09-23T07:25:00+00:00,dc-rack-a-py,,,,,,,9.06,,,,,,,,48.9,,,,False,,,,,,,,,,,,29.75,20.69,,,
2026-09-23T07:30:00+00:00,dc-rack-a-py,,,,,,,9.85,,,,,,,,49.6,,,,False,,,,,,,,,,,,30.7,20.85,,,
2026-09-23T07:35:00+00:00,dc-rack-a-py,,,,,,,9.45,,,,,,,,48.5,,,,False,,,,,,,,,,,,30.28,20.83,,,
2026-09-23T07:40:00+00:00,dc-rack-a-py,,,,,,,10.29,,,,,,,,48.8,,,,False,,,,,,,,,,,,31.12,20.83,,,
2026-09-23T07:45:00+00:00,dc-rack-a-py,,,,,,,9.52,,,,,,,,49.7,,,,False,,,,,,,,,,,,29.85,20.33,,,
2026-09-23T07:50:00+00:00,dc-rack-a-py,,,,,,,9.55,,,,,,,,48.4,,,,False,,,,,,,,,,,,30.32,20.77,,,
2026-09-23T07:55:00+00:00,dc-rack-a-py,,,,,,,9.04,,,,,,,,49.5,,,,False,,,,,,,,,,,,29.72,20.68,,,
2026-09-23T08:40:00+00:00,dc-rack-a-py,,,,,,,9.89,,,,,,,,49.2,,,,False,,,,,,,,,,,,30.66,20.77,,,
2026-09-23T08:45:00+00:00,dc-rack-a-py,,,,,,,9.64,,,,,,,,49.1,,,,False,,,,,,,,,,,,30.18,20.54,,,
2026-09-23T08:50:00+00:00,dc-rack-a-py,,,,,,,9.39,,,,,,,,49.1,,,,False,,,,,,,,,,,,30.13,20.74,,,
2026-09-23T08:55:00+00:00,dc-rack-a-py,,,,,,,9.66,,,,,,,,49.9,,,,False,,,,,,,,,,,,30.31,20.65,,,
2026-09-23T09:00:00+00:00,dc-rack-a-py,,,,,,,10.09,,,,,,,,50.7,,,,False,,,,,,,,,,,,30.74,20.65,,,
2026-09-23T09:05:00+00:00,dc-rack-a-py,,,,,,,9.62,,,,,,,,49.8,,,,False,,,,,,,,,,,,30.4,20.78,,,
2026-09-23T09:10:00+00:00,dc-rack-a-py,,,,,,,10.04,,,,,,,,49.5,,,,False,,,,,,,,,,,,30.83,20.79,,,
2026-09-23T09:15:00+00:00,dc-rack-a-py,,,,,,,9.7,,,,,,,,49.2,,,,False,,,,,,,,,,,,30.25,20.55,,,
2026-09-23T09:20:00+00:00,dc-rack-a-py,,,,,,,10.08,,,,,,,,49.6,,,,False,,,,,,,,,,,,30.8,20.72,,,
2026-09-23T09:25:00+00:00,dc-rack-a-py,,,,,,,10.39,,,,,,,,49.6,,,,False,,,,,,,,,,,,31.37,20.98,,,
2026-09-23T09:30:00+00:00,dc-rack-a-py,,,,,,,9.15,,,,,,,,49.8,,,,False,,,,,,,,,,,,29.88,20.73,,,
2026-09-23T09:35:00+00:00,dc-rack-a-py,,,,,,,9.84,,,,,,,,49.2,,,,False,,,,,,,,,,,,30.86,21.02,,,
2026-09-23T09:40:00+00:00,dc-rack-a-py,,,,,,,10.12,,,,,,,,48.9,,,,False,,,,,,,,,,,,31.01,20.89,,,
2026-09-23T09:45:00+00:00,dc-rack-a-py,,,,,,,9.89,,,,,,,,50.8,,,,False,,,,,,,,,,,,31.01,21.12,,,
2026-09-23T09:50:00+00:00,dc-rack-a-py,,,,,,,10.26,,,,,,,,50.9,,,,False,,,,,,,,,,,,31.07,20.81,,,
2026-09-23T09:55:00+00:00,dc-rack-a-py,,,,,,,9.89,,,,,,,,50.2,,,,False,,,,,,,,,,,,30.73,20.84,,,
2026-09-23T10:00:00+00:00,dc-rack-a-py,,,,,,,10.33,,,,,,,,49.9,,,,False,,,,,,,,,,,,31.26,20.93,,,
2026-09-23T10:05:00+00:00,dc-rack-a-py,,,,,,,10.26,,,,,,,,49.9,,,,False,,,,,,,,,,,,31.24,20.98,,,
2026-09-23T10:10:00+00:00,dc-rack-a-py,,,,,,,9.53,,,,,,,,50.1,,,,False,,,,,,,,,,,,30.68,21.15,,,
2026-09-23T10:15:00+00:00,dc-rack-a-py,,,,,,,9.83,,,,,,,,50.6,,,,False,,,,,,,,,,,,30.97,21.14,,,
2026-09-23T10:20:00+00:00,dc-rack-a-py,,,,,,,9.65,,,,,,,,49.8,,,,False,,,,,,,,,,,,30.71,21.06,,,
2026-09-23T10:25:00+00:00,dc-rack-a-py,,,,,,,10.65,,,,,,,,49.3,,,,False,,,,,,,,,,,,31.82,21.17,,,
2026-09-23T10:30:00+00:00,dc-rack-a-py,,,,,,,10.4,,,,,,,,50.0,,,,False,,,,,,,,,,,,31.6,21.2,,,
2026-09-23T10:35:00+00:00,dc-rack-a-py,,,,,,,10.1,,,,,,,,50.2,,,,False,,,,,,,,,,,,31.37,21.27,,,
2026-09-23T10:40:00+00:00,dc-rack-a-py,,,,,,,10.15,,,,,,,,50.1,,,,False,,,,,,,,,,,,31.35,21.2,,,
2026-09-23T10:45:00+00:00,dc-rack-a-py,,,,,,,10.24,,,,,,,,50.0,,,,False,,,,,,,,,,,,31.26,21.02,,,
2026-09-23T10:50:00+00:00,dc-rack-a-py,,,,,,,9.95,,,,,,,,49.9,,,,False,,,,,,,,,,,,31.25,21.3,,,
2026-09-23T10:55:00+00:00,dc-rack-a-py,,,,,,,10.51,,,,,,,,50.4,,,,False,,,,,,,,,,,,31.78,21.27,,,
2026-09-23T11:00:00+00:00,dc-rack-a-py,,,,,,,10.31,,,,,,,,49.9,,,,False,,,,,,,,,,,,31.59,21.28,,,
2026-09-23T11:05:00+00:00,dc-rack-a-py,,,,,,,10.53,,,,,,,,49.4,,,,False,,,,,,,,,,,,31.87,21.34,,,
2026-09-23T11:10:00+00:00,dc-rack-a-py,,,,,,,10.78,,,,,,,,50.6,,,,False,,,,,,,,,,,,32.2,21.42,,,
2026-09-23T11:15:00+00:00,dc-rack-a-py,,,,,,,11.06,,,,,,,,49.4,,,,False,,,,,,,,,,,,32.55,21.49,,,
2026-09-23T11:20:00+00:00,dc-rack-a-py,,,,,,,10.03,,,,,,,,49.9,,,,False,,,,,,,,,,,,31.2,21.17,,,
2026-09-23T11:25:00+00:00,dc-rack-a-py,,,,,,,10.44,,,,,,,,50.1,,,,False,,,,,,,,,,,,31.9,21.46,,,
2026-09-23T11:30:00+00:00,dc-rack-a-py,,,,,,,10.51,,,,,,,,49.7,,,,False,,,,,,,,,,,,31.97,21.46,,,
2026-09-23T11:35:00+00:00,dc-rack-a-py,,,,,,,10.51,,,,,,,,49.5,,,,False,,,,,,,,,,,,31.8,21.29,,,
2026-09-23T11:40:00+00:00,dc-rack-a-py,,,,,,,11.04,,,,,,,,49.7,,,,False,,,,,,,,,,,,32.52,21.48,,,
2026-09-23T11:45:00+00:00,dc-rack-a-py,,,,,,,10.87,,,,,,,,50.0,,,,False,,,,,,,,,,,,32.53,21.66,,,
2026-09-23T11:50:00+00:00,dc-rack-a-py,,,,,,,10.57,,,,,,,,49.2,,,,False,,,,,,,,,,,,32.07,21.5,,,
2026-09-23T11:55:00+00:00,dc-rack-a-py,,,,,,,9.86,,,,,,,,48.8,,,,False,,,,,,,,,,,,31.56,21.7,,,
2026-09-23T12:00:00+00:00,dc-rack-a-py,,,,,,,10.42,,,,,,,,49.3,,,,False,,,,,,,,,,,,32.27,21.85,,,
2026-09-23T12:05:00+00:00,dc-rack-a-py,,,,,,,10.71,,,,,,,,49.6,,,,False,,,,,,,,,,,,32.36,21.65,,,
2026-09-23T12:10:00+00:00,dc-rack-a-py,,,,,,,10.64,,,,,,,,50.0,,,,False,,,,,,,,,,,,32.39,21.75,,,
2026-09-23T12:15:00+00:00,dc-rack-a-py,,,,,,,10.29,,,,,,,,49.8,,,,False,,,,,,,,,,,,31.53,21.24,,,
2026-09-23T12:20:00+00:00,dc-rack-a-py,,,,,,,10.82,,,,,,,,48.4,,,,False,,,,,,,,,,,,32.55,21.73,,,
2026-09-23T12:25:00+00:00,dc-rack-a-py,,,,,,,10.53,,,,,,,,50.0,,,,False,,,,,,,,,,,,32.47,21.94,,,
2026-09-23T12:30:00+00:00,dc-rack-a-py,,,,,,,10.85,,,,,,,,48.0,,,,False,,,,,,,,,,,,32.61,21.76,,,
2026-09-23T12:35:00+00:00,dc-rack-a-py,,,,,,,10.72,,,,,,,,49.0,,,,False,,,,,,,,,,,,32.63,21.91,,,
2026-09-23T12:40:00+00:00,dc-rack-a-py,,,,,,,11.34,,,,,,,,49.2,,,,False,,,,,,,,,,,,33.36,22.02,,,
2026-09-23T12:45:00+00:00,dc-rack-a-py,,,,,,,11.16,,,,,,,,49.0,,,,False,,,,,,,,,,,,33.23,22.07,,,
2026-09-23T12:50:00+00:00,dc-rack-a-py,,,,,,,10.79,,,,,,,,48.7,,,,False,,,,,,,,,,,,32.72,21.93,,,
2026-09-23T12:55:00+00:00,dc-rack-a-py,,,,,,,11.5,,,,,,,,48.8,,,,False,,,,,,,,,,,,33.51,22.01,,,
2026-09-23T13:00:00+00:00,dc-rack-a-py,,,,,,,10.86,,,,,,,,48.7,,,,False,,,,,,,,,,,,32.76,21.9,,,
2026-09-23T13:05:00+00:00,dc-rack-a-py,,,,,,,11.37,,,,,,,,49.3,,,,False,,,,,,,,,,,,33.4,22.03,,,
2026-09-23T13:10:00+00:00,dc-rack-a-py,,,,,,,11.15,,,,,,,,48.7,,,,False,,,,,,,,,,,,32.96,21.81,,,
2026-09-23T13:15:00+00:00,dc-rack-a-py,,,,,,,11.03,,,,,,,,49.0,,,,False,,,,,,,,,,,,33.36,22.33,,,
2026-09-23T13:20:00+00:00,dc-rack-a-py,,,,,,,11.51,,,,,,,,48.2,,,,False,,,,,,,,,,,,33.65,22.14,,,
2026-09-23T13:25:00+00:00,dc-rack-a-py,,,,,,,11.18,,,,,,,,48.4,,,,False,,,,,,,,,,,,33.52,22.34,,,
2026-09-23T13:30:00+00:00,dc-rack-a-py,,,,,,,11.1,,,,,,,,47.9,,,,False,,,,,,,,,,,,33.54,22.44,,,
2026-09-23T13:35:00+00:00,dc-rack-a-py,,,,,,,12.12,,,,,,,,48.0,,,,False,,,,,,,,,,,,34.38,22.26,,,
2026-09-23T13:40:00+00:00,dc-rack-a-py,,,,,,,11.24,,,,,,,,48.3,,,,False,,,,,,,,,,,,33.55,22.31,,,
2026-09-23T13:45:00+00:00,dc-rack-a-py,,,,,,,11.12,,,,,,,,48.3,,,,False,,,,,,,,,,,,33.62,22.5,,,
2026-09-23T13:50:00+00:00,dc-rack-a-py,,,,,,,11.46,,,,,,,,48.0,,,,False,,,,,,,,,,,,33.89,22.43,,,
2026-09-23T13:55:00+00:00,dc-rack-a-py,,,,,,,11.76,,,,,,,,47.2,,,,False,,,,,,,,,,,,34.3,22.54,,,
2026-09-23T14:00:00+00:00,dc-rack-a-py,,,,,,,12.11,,,,,,,,47.3,,,,False,,,,,,,,,,,,34.56,22.45,,,
2026-09-23T14:05:00+00:00,dc-rack-a-py,,,,,,,11.47,,,,,,,,46.8,,,,False,,,,,,,,,,,,33.86,22.39,,,
2026-09-23T14:10:00+00:00,dc-rack-a-py,,,,,,,11.83,,,,,,,,46.9,,,,False,,,,,,,,,,,,34.42,22.59,,,
2026-09-23T14:15:00+00:00,dc-rack-a-py,,,,,,,11.27,,,,,,,,47.2,,,,False,,,,,,,,,,,,33.66,22.39,,,
2026-09-23T14:20:00+00:00,dc-rack-a-py,,,,,,,11.35,,,,,,,,46.9,,,,False,,,,,,,,,,,,34.07,22.72,,,
2026-09-23T14:25:00+00:00,dc-rack-a-py,,,,,,,11.72,,,,,,,,47.2,,,,False,,,,,,,,,,,,34.37,22.65,,,
2026-09-23T14:30:00+00:00,dc-rack-a-py,,,,,,,12.19,,,,,,,,47.2,,,,False,,,,,,,,,,,,34.79,22.6,,,
2026-09-23T14:35:00+00:00,dc-rack-a-py,,,,,,,11.82,,,,,,,,47.6,,,,False,,,,,,,,,,,,34.59,22.77,,,
2026-09-23T14:40:00+00:00,dc-rack-a-py,,,,,,,12.66,,,,,,,,47.2,,,,False,,,,,,,,,,,,35.39,22.73,,,
2026-09-23T14:45:00+00:00,dc-rack-a-py,,,,,,,11.87,,,,,,,,46.9,,,,False,,,,,,,,,,,,34.88,23.01,,,
2026-09-23T14:50:00+00:00,dc-rack-a-py,,,,,,,11.82,,,,,,,,47.4,,,,False,,,,,,,,,,,,34.49,22.67,,,
2026-09-23T14:55:00+00:00,dc-rack-a-py,,,,,,,12.66,,,,,,,,46.3,,,,False,,,,,,,,,,,,35.4,22.74,,,
2026-09-23T15:00:00+00:00,dc-rack-a-py,,,,,,,12.44,,,,,,,,45.3,,,,False,,,,,,,,,,,,35.59,23.15,,,
2026-09-23T15:05:00+00:00,dc-rack-a-py,,,,,,,12.11,,,,,,,,45.6,,,,False,,,,,,,,,,,,35.06,22.95,,,
2026-09-23T15:10:00+00:00,dc-rack-a-py,,,,,,,12.45,,,,,,,,46.5,,,,False,,,,,,,,,,,,35.32,22.87,,,
2026-09-23T15:15:00+00:00,dc-rack-a-py,,,,,,,11.9,,,,,,,,46.1,,,,False,,,,,,,,,,,,35.0,23.1,,,
2026-09-23T15:20:00+00:00,dc-rack-a-py,,,,,,,12.13,,,,,,,,46.0,,,,False,,,,,,,,,,,,35.23,23.1,,,
2026-09-23T15:25:00+00:00,dc-rack-a-py,,,,,,,12.62,,,,,,,,46.0,,,,False,,,,,,,,,,,,35.74,23.12,,,
2026-09-23T15:30:00+00:00,dc-rack-a-py,,,,,,,12.19,,,,,,,,45.4,,,,False,,,,,,,,,,,,35.58,23.39,,,
2026-09-23T15:35:00+00:00,dc-rack-a-py,,,,,,,12.34,,,,,,,,46.3,,,,False,,,,,,,,,,,,35.39,23.05,,,
2026-09-23T15:40:00+00:00,dc-rack-a-py,,,,,,,12.51,,,,,,,,45.7,,,,False,,,,,,,,,,,,35.6,23.09,,,
2026-09-23T15:45:00+00:00,dc-rack-a-py,,,,,,,12.7,,,,,,,,44.8,,,,False,,,,,,,,,,,,35.97,23.27,,,
2026-09-23T15:50:00+00:00,dc-rack-a-py,,,,,,,12.3,,,,,,,,45.2,,,,False,,,,,,,,,,,,35.81,23.51,,,
2026-09-23T15:55:00+00:00,dc-rack-a-py,,,,,,,12.93,,,,,,,,45.4,,,,False,,,,,,,,,,,,36.42,23.49,,,
2026-09-23T16:00:00+00:00,dc-rack-a-py,,,,,,,12.99,,,,,,,,45.6,,,,False,,,,,,,,,,,,36.49,23.5,,,
2026-09-23T16:05:00+00:00,dc-rack-a-py,,,,,,,12.53,,,,,,,,45.5,,,,False,,,,,,,,,,,,36.3,23.77,,,
2026-09-23T16:10:00+00:00,dc-rack-a-py,,,,,,,12.23,,,,,,,,45.3,,,,False,,,,,,,,,,,,35.49,23.26,,,
2026-09-23T16:15:00+00:00,dc-rack-a-py,,,,,,,13.15,,,,,,,,44.8,,,,False,,,,,,,,,,,,36.54,23.39,,,
2026-09-23T16:20:00+00:00,dc-rack-a-py,,,,,,,13.03,,,,,,,,44.5,,,,False,,,,,,,,,,,,36.63,23.6,,,
2026-09-23T16:25:00+00:00,dc-rack-a-py,,,,,,,12.76,,,,,,,,44.0,,,,False,,,,,,,,,,,,36.36,23.6,,,
2026-09-23T16:30:00+00:00,dc-rack-a-py,,,,,,,13.04,,,,,,,,44.2,,,,False,,,,,,,,,,,,36.81,23.77,,,
2026-09-23T16:35:00+00:00,dc-rack-a-py,,,,,,,13.04,,,,,,,,44.2,,,,False,,,,,,,,,,,,36.4,23.36,,,
2026-09-23T16:40:00+00:00,dc-rack-a-py,,,,,,,13.33,,,,,,,,44.8,,,,False,,,,,,,,,,,,37.08,23.75,,,
2026-09-23T16:45:00+00:00,dc-rack-a-py,,,,,,,12.9,,,,,,,,44.9,,,,False,,,,,,,,,,,,36.34,23.44,,,
2026-09-23T16:50:00+00:00,dc-rack-a-py,,,,,,,12.86,,,,,,,,44.4,,,,False,,,,,,,,,,,,36.41,23.55,,,
2026-09-23T16:55:00+00:00,dc-rack-a-py,,,,,,,13.15,,,,,,,,43.4,,,,False,,,,,,,,,,,,36.84,23.69,,,
2026-09-23T17:00:00+00:00,dc-rack-a-py,,,,,,,13.24,,,,,,,,43.2,,,,False,,,,,,,,,,,,36.97,23.73,,,
2026-09-23T17:05:00+00:00,dc-rack-a-py,,,,,,,13.07,,,,,,,,42.9,,,,False,,,,,,,,,,,,36.92,23.85,,,
2026-09-23T17:10:00+00:00,dc-rack-a-py,,,,,,,12.97,,,,,,,,43.7,,,,False,,,,,,,,,,,,36.73,23.76,,,
2026-09-23T17:15:00+00:00,dc-rack-a-py,,,,,,,13.01,,,,,,,,43.4,,,,False,,,,,,,,,,,,36.71,23.7,,,
2026-09-23T17:20:00+00:00,dc-rack-a-py,,,,,,,13.16,,,,,,,,43.1,,,,False,,,,,,,,,,,,37.2,24.04,,,
2026-09-23T17:25:00+00:00,dc-rack-a-py,,,,,,,13.65,,,,,,,,42.4,,,,False,,,,,,,,,,,,37.48,23.83,,,
2026-09-23T17:30:00+00:00,dc-rack-a-py,,,,,,,13.73,,,,,,,,43.4,,,,False,,,,,,,,,,,,37.7,23.97,,,
2026-09-23T17:35:00+00:00,dc-rack-a-py,,,,,,,13.21,,,,,,,,43.6,,,,False,,,,,,,,,,,,37.06,23.85,,,
2026-09-23T17:40:00+00:00,dc-rack-a-py,,,,,,,13.65,,,,,,,,42.6,,,,False,,,,,,,,,,,,37.66,24.01,,,
2026-09-23T17:45:00+00:00,dc-rack-a-py,,,,,,,13.29,,,,,,,,42.7,,,,False,,,,,,,,,,,,37.14,23.85,,,
2026-09-23T17:50:00+00:00,dc-rack-a-py,,,,,,,12.92,,,,,,,,42.2,,,,False,,,,,,,,,,,,36.64,23.72,,,
2026-09-23T17:55:00+00:00,dc-rack-a-py,,,,,,,13.72,,,,,,,,42.8,,,,False,,,,,,,,,,,,37.85,24.13,,,
2026-09-23T18:00:00+00:00,dc-rack-a-py,,,,,,,13.63,,,,,,,,42.9,,,,False,,,,,,,,,,,,37.68,24.05,,,
2026-09-23T18:05:00+00:00,dc-rack-a-py,,,,,,,13.37,,,,,,,,42.4,,,,False,,,,,,,,,,,,37.3,23.93,,,
2026-09-23T18:10:00+00:00,dc-rack-a-py,,,,,,,13.53,,,,,,,,41.9,,,,False,,,,,,,,,,,,37.44,23.91,,,
2026-09-23T18:15:00+00:00,dc-rack-a-py,,,,,,,13.81,,,,,,,,42.3,,,,False,,,,,,,,,,,,37.74,23.93,,,
2026-09-23T18:20:00+00:00,dc-rack-a-py,,,,,,,13.18,,,,,,,,42.1,,,,False,,,,,,,,,,,,37.29,24.11,,,
2026-09-23T18:25:00+00:00,dc-rack-a-py,,,,,,,13.75,,,,,,,,42.6,,,,False,,,,,,,,,,,,37.77,24.02,,,
2026-09-23T18:30:00+00:00,dc-rack-a-py,,,,,,,13.53,,,,,,,,42.9,,,,False,,,,,,,,,,,,37.72,24.19,,,
2026-09-23T18:35:00+00:00,dc-rack-a-py,,,,,,,14.11,,,,,,,,41.9,,,,False,,,,,,,,,,,,38.29,24.18,,,
2026-09-23T18:40:00+00:00,dc-rack-a-py,,,,,,,13.61,,,,,,,,42.3,,,,False,,,,,,,,,,,,37.85,24.24,,,
2026-09-23T18:45:00+00:00,dc-rack-a-py,,,,,,,13.49,,,,,,,,41.7,,,,False,,,,,,,,,,,,37.71,24.22,,,
2026-09-23T18:50:00+00:00,dc-rack-a-py,,,,,,,13.09,,,,,,,,41.9,,,,False,,,,,,,,,,,,37.14,24.05,,,
2026-09-23T18:55:00+00:00,dc-rack-a-py,,,,,,,13.38,,,,,,,,41.7,,,,False,,,,,,,,,,,,37.5,24.12,,,
2026-09-23T19:00:00+00:00,dc-rack-a-py,,,,,,,13.51,,,,,,,,41.3,,,,False,,,,,,,,,,,,37.79,24.28,,,
2026-09-23T19:05:00+00:00,dc-rack-a-py,,,,,,,13.67,,,,,,,,40.7,,,,False,,,,,,,,,,,,37.85,24.18,,,
2026-09-23T19:10:00+00:00,dc-rack-a-py,,,,,,,13.83,,,,,,,,41.7,,,,False,,,,,,,,,,,,38.15,24.32,,,
2026-09-23T19:15:00+00:00,dc-rack-a-py,,,,,,,13.05,,,,,,,,41.7,,,,False,,,,,,,,,,,,37.15,24.1,,,
2026-09-23T19:20:00+00:00,dc-rack-a-py,,,,,,,13.9,,,,,,,,41.3,,,,False,,,,,,,,,,,,38.25,24.35,,,
2026-09-23T19:25:00+00:00,dc-rack-a-py,,,,,,,13.3,,,,,,,,40.9,,,,False,,,,,,,,,,,,37.38,24.08,,,
2026-09-23T19:30:00+00:00,dc-rack-a-py,,,,,,,14.18,,,,,,,,41.4,,,,False,,,,,,,,,,,,38.4,24.22,,,
2026-09-23T19:35:00+00:00,dc-rack-a-py,,,,,,,13.33,,,,,,,,40.9,,,,False,,,,,,,,,,,,37.86,24.53,,,
2026-09-23T19:40:00+00:00,dc-rack-a-py,,,,,,,13.65,,,,,,,,40.8,,,,False,,,,,,,,,,,,37.83,24.18,,,
2026-09-23T19:45:00+00:00,dc-rack-a-py,,,,,,,13.47,,,,,,,,40.2,,,,False,,,,,,,,,,,,37.54,24.07,,,
2026-09-23T19:50:00+00:00,dc-rack-a-py,,,,,,,14.1,,,,,,,,40.9,,,,False,,,,,,,,,,,,38.37,24.27,,,
2026-09-23T19:55:00+00:00,dc-rack-a-py,,,,,,,14.22,,,,,,,,40.5,,,,False,,,,,,,,,,,,38.4,24.18,,,
2026-09-23T20:00:00+00:00,dc-rack-a-py,,,,,,,13.85,,,,,,,,40.3,,,,False,,,,,,,,,,,,38.38,24.53,,,
2026-09-23T20:05:00+00:00,dc-rack-a-py,,,,,,,13.83,,,,,,,,40.4,,,,False,,,,,,,,,,,,38.15,24.32,,,
2026-09-23T20:10:00+00:00,dc-rack-a-py,,,,,,,14.12,,,,,,,,41.1,,,,False,,,,,,,,,,,,38.51,24.39,,,
2026-09-23T20:15:00+00:00,dc-rack-a-py,,,,,,,13.57,,,,,,,,40.5,,,,False,,,,,,,,,,,,37.79,24.22,,,
2026-09-23T20:20:00+00:00,dc-rack-a-py,,,,,,,14.05,,,,,,,,40.7,,,,False,,,,,,,,,,,,38.33,24.28,,,
2026-09-23T20:25:00+00:00,dc-rack-a-py,,,,,,,13.61,,,,,,,,39.4,,,,False,,,,,,,,,,,,37.82,24.21,,,
2026-09-23T20:30:00+00:00,dc-rack-a-py,,,,,,,13.46,,,,,,,,40.4,,,,False,,,,,,,,,,,,37.81,24.35,,,
2026-09-23T20:35:00+00:00,dc-rack-a-py,,,,,,,13.6,,,,,,,,39.0,,,,False,,,,,,,,,,,,37.76,24.16,,,
2026-09-23T20:40:00+00:00,dc-rack-a-py,,,,,,,13.33,,,,,,,,40.7,,,,False,,,,,,,,,,,,37.64,24.31,,,
2026-09-23T20:45:00+00:00,dc-rack-a-py,,,,,,,14.03,,,,,,,,40.0,,,,False,,,,,,,,,,,,38.08,24.05,,,
2026-09-23T20:50:00+00:00,dc-rack-a-py,,,,,,,13.35,,,,,,,,39.4,,,,False,,,,,,,,,,,,37.48,24.13,,,
2026-09-23T20:55:00+00:00,dc-rack-a-py,,,,,,,13.97,,,,,,,,40.0,,,,False,,,,,,,,,,,,38.2,24.23,,,
2026-09-23T21:00:00+00:00,dc-rack-a-py,,,,,,,13.86,,,,,,,,40.0,,,,False,,,,,,,,,,,,38.01,24.15,,,
2026-09-23T21:05:00+00:00,dc-rack-a-py,,,,,,,13.71,,,,,,,,40.3,,,,False,,,,,,,,,,,,38.05,24.34,,,
2026-09-23T21:10:00+00:00,dc-rack-a-py,,,,,,,13.51,,,,,,,,39.8,,,,False,,,,,,,,,,,,38.1,24.59,,,
2026-09-23T21:15:00+00:00,dc-rack-a-py,,,,,,,13.68,,,,,,,,40.3,,,,False,,,,,,,,,,,,37.59,23.91,,,
2026-09-23T21:20:00+00:00,dc-rack-a-py,,,,,,,13.79,,,,,,,,40.6,,,,False,,,,,,,,,,,,38.03,24.24,,,
2026-09-23T21:25:00+00:00,dc-rack-a-py,,,,,,,13.91,,,,,,,,40.0,,,,False,,,,,,,,,,,,38.42,24.51,,,
2026-09-23T21:30:00+00:00,dc-rack-a-py,,,,,,,13.62,,,,,,,,40.7,,,,False,,,,,,,,,,,,37.6,23.98,,,
2026-09-23T21:35:00+00:00,dc-rack-a-py,,,,,,,13.87,,,,,,,,40.3,,,,False,,,,,,,,,,,,37.76,23.89,,,
2026-09-23T21:40:00+00:00,dc-rack-a-py,,,,,,,13.67,,,,,,,,40.7,,,,False,,,,,,,,,,,,37.28,23.61,,,
2026-09-23T21:45:00+00:00,dc-rack-a-py,,,,,,,13.58,,,,,,,,39.7,,,,False,,,,,,,,,,,,37.6,24.02,,,
2026-09-23T21:50:00+00:00,dc-rack-a-py,,,,,,,13.16,,,,,,,,40.2,,,,False,,,,,,,,,,,,37.07,23.91,,,
2026-09-23T21:55:00+00:00,dc-rack-a-py,,,,,,,13.86,,,,,,,,39.6,,,,False,,,,,,,,,,,,37.92,24.06,,,
2026-09-23T22:00:00+00:00,dc-rack-a-py,,,,,,,13.39,,,,,,,,40.4,,,,False,,,,,,,,,,,,37.43,24.04,,,
2026-09-23T22:05:00+00:00,dc-rack-a-py,,,,,,,13.39,,,,,,,,39.9,,,,False,,,,,,,,,,,,37.37,23.98,,,
2026-09-23T22:10:00+00:00,dc-rack-a-py,,,,,,,13.49,,,,,,,,40.3,,,,False,,,,,,,,,,,,37.5,24.01,,,
2026-09-23T22:15:00+00:00,dc-rack-a-py,,,,,,,13.42,,,,,,,,39.4,,,,False,,,,,,,,,,,,37.44,24.02,,,
2026-09-23T22:20:00+00:00,dc-rack-a-py,,,,,,,13.33,,,,,,,,39.6,,,,False,,,,,,,,,,,,37.3,23.97,,,
2026-09-23T22:25:00+00:00,dc-rack-a-py,,,,,,,12.9,,,,,,,,40.6,,,,False,,,,,,,,,,,,36.65,23.75,,,
2026-09-23T22:30:00+00:00,dc-rack-a-py,,,,,,,13.67,,,,,,,,40.7,,,,False,,,,,,,,,,,,37.24,23.57,,,
2026-09-23T22:35:00+00:00,dc-rack-a-py,,,,,,,13.07,,,,,,,,41.1,,,,False,,,,,,,,,,,,36.88,23.81,,,
2026-09-23T22:40:00+00:00,dc-rack-a-py,,,,,,,13.1,,,,,,,,39.8,,,,False,,,,,,,,,,,,37.09,23.99,,,
2026-09-23T22:45:00+00:00,dc-rack-a-py,,,,,,,13.73,,,,,,,,40.3,,,,False,,,,,,,,,,,,37.67,23.94,,,
2026-09-23T22:50:00+00:00,dc-rack-a-py,,,,,,,13.46,,,,,,,,40.0,,,,False,,,,,,,,,,,,37.42,23.96,,,
2026-09-23T22:55:00+00:00,dc-rack-a-py,,,,,,,13.04,,,,,,,,40.7,,,,False,,,,,,,,,,,,36.62,23.58,,,
2026-09-23T23:00:00+00:00,dc-rack-a-py,,,,,,,13.03,,,,,,,,39.2,,,,False,,,,,,,,,,,,37.02,23.99,,,
2026-09-23T23:05:00+00:00,dc-rack-a-py,,,,,,,12.88,,,,,,,,40.5,,,,False,,,,,,,,,,,,36.7,23.82,,,
2026-09-23T23:10:00+00:00,dc-rack-a-py,,,,,,,13.29,,,,,,,,39.9,,,,False,,,,,,,,,,,,37.26,23.97,,,
2026-09-23T23:15:00+00:00,dc-rack-a-py,,,,,,,13.14,,,,,,,,40.1,,,,False,,,,,,,,,,,,36.65,23.51,,,
2026-09-23T23:20:00+00:00,dc-rack-a-py,,,,,,,12.62,,,,,,,,41.0,,,,False,,,,,,,,,,,,36.14,23.52,,,
2026-09-23T23:25:00+00:00,dc-rack-a-py,,,,,,,13.03,,,,,,,,39.8,,,,False,,,,,,,,,,,,36.7,23.67,,,
2026-09-23T23:30:00+00:00,dc-rack-a-py,,,,,,,13.27,,,,,,,,39.9,,,,False,,,,,,,,,,,,36.77,23.5,,,
2026-09-23T23:35:00+00:00,dc-rack-a-py,,,,,,,12.26,,,,,,,,40.8,,,,False,,,,,,,,,,,,35.81,23.55,,,
2026-09-23T23:40:00+00:00,dc-rack-a-py,,,,,,,13.29,,,,,,,,41.0,,,,False,,,,,,,,,,,,37.13,23.84,,,
2026-09-23T23:45:00+00:00,dc-rack-a-py,,,,,,,13.04,,,,,,,,40.3,,,,False,,,,,,,,,,,,36.75,23.71,,,
2026-09-23T23:50:00+00:00,dc-rack-a-py,,,,,,,12.78,,,,,,,,40.3,,,,False,,,,,,,,,,,,36.33,23.55,,,
2026-09-23T23:55:00+00:00,dc-rack-a-py,,,,,,,12.28,,,,,,,,40.0,,,,False,,,,,,,,,,,,35.72,23.44,,,
2026-09-24T00:00:00+00:00,dc-rack-a-py,,,,,,,12.61,,,,,,,,41.3,,,,False,,,,,,,,,,,,36.05,23.44,,,
2026-09-24T00:05:00+00:00,dc-rack-a-py,,,,,,,12.75,,,,,,,,40.3,,,,False,,,,,,,,,,,,36.21,23.46,,,
2026-09-24T00:10:00+00:00,dc-rack-a-py,,,,,,,12.28,,,,,,,,40.2,,,,False,,,,,,,,,,,,35.55,23.27,,,
2026-09-24T00:15:00+00:00,dc-rack-a-py,,,,,,,12.79,,,,,,,,40.3,,,,False,,,,,,,,,,,,35.94,23.15,,,
2026-09-24T00:20:00+00:00,dc-rack-a-py,,,,,,,12.6,,,,,,,,41.6,,,,False,,,,,,,,,,,,36.13,23.53,,,
2026-09-24T00:25:00+00:00,dc-rack-a-py,,,,,,,13.19,,,,,,,,40.7,,,,False,,,,,,,,,,,,36.4,23.21,,,
2026-09-24T00:30:00+00:00,dc-rack-a-py,,,,,,,12.33,,,,,,,,40.4,,,,False,,,,,,,,,,,,35.43,23.1,,,
2026-09-24T00:35:00+00:00,dc-rack-a-py,,,,,,,12.04,,,,,,,,40.3,,,,False,,,,,,,,,,,,35.25,23.21,,,
2026-09-24T00:40:00+00:00,dc-rack-a-py,,,,,,,12.58,,,,,,,,40.6,,,,False,,,,,,,,,,,,35.76,23.18,,,
2026-09-24T00:45:00+00:00,dc-rack-a-py,,,,,,,12.07,,,,,,,,41.3,,,,False,,,,,,,,,,,,35.05,22.98,,,
2026-09-24T00:50:00+00:00,dc-rack-a-py,,,,,,,11.94,,,,,,,,41.5,,,,False,,,,,,,,,,,,35.05,23.11,,,
2026-09-24T00:55:00+00:00,dc-rack-a-py,,,,,,,11.86,,,,,,,,41.2,,,,False,,,,,,,,,,,,34.86,23.0,,,
2026-09-24T01:00:00+00:00,dc-rack-a-py,,,,,,,12.4,,,,,,,,41.6,,,,False,,,,,,,,,,,,35.4,23.0,,,
2026-09-24T01:05:00+00:00,dc-rack-a-py,,,,,,,12.46,,,,,,,,41.2,,,,False,,,,,,,,,,,,35.42,22.96,,,
2026-09-24T01:10:00+00:00,dc-rack-a-py,,,,,,,11.72,,,,,,,,42.2,,,,False,,,,,,,,,,,,34.55,22.83,,,
2026-09-24T01:15:00+00:00,dc-rack-a-py,,,,,,,12.15,,,,,,,,42.4,,,,False,,,,,,,,,,,,34.96,22.81,,,
2026-09-24T01:20:00+00:00,dc-rack-a-py,,,,,,,11.84,,,,,,,,41.6,,,,False,,,,,,,,,,,,34.67,22.83,,,
2026-09-24T01:25:00+00:00,dc-rack-a-py,,,,,,,11.95,,,,,,,,40.8,,,,False,,,,,,,,,,,,34.66,22.71,,,
2026-09-24T01:30:00+00:00,dc-rack-a-py,,,,,,,11.92,,,,,,,,41.9,,,,False,,,,,,,,,,,,34.62,22.7,,,
2026-09-24T01:35:00+00:00,dc-rack-a-py,,,,,,,11.1,,,,,,,,41.9,,,,False,,,,,,,,,,,,33.91,22.81,,,
2026-09-24T01:40:00+00:00,dc-rack-a-py,,,,,,,11.65,,,,,,,,41.6,,,,False,,,,,,,,,,,,34.3,22.65,,,
2026-09-24T01:45:00+00:00,dc-rack-a-py,,,,,,,11.62,,,,,,,,42.5,,,,False,,,,,,,,,,,,34.07,22.45,,,
2026-09-24T01:50:00+00:00,dc-rack-a-py,,,,,,,11.68,,,,,,,,42.1,,,,False,,,,,,,,,,,,34.05,22.37,,,
2026-09-24T01:55:00+00:00,dc-rack-a-py,,,,,,,11.41,,,,,,,,43.0,,,,False,,,,,,,,,,,,33.92,22.51,,,
2026-09-24T02:00:00+00:00,dc-rack-a-py,,,,,,,11.84,,,,,,,,42.4,,,,False,,,,,,,,,,,,34.16,22.32,,,
2026-09-24T02:05:00+00:00,dc-rack-a-py,,,,,,,11.72,,,,,,,,41.7,,,,False,,,,,,,,,,,,33.9,22.18,,,
2026-09-24T02:10:00+00:00,dc-rack-a-py,,,,,,,11.83,,,,,,,,42.6,,,,False,,,,,,,,,,,,34.27,22.44,,,
2026-09-24T02:15:00+00:00,dc-rack-a-py,,,,,,,11.43,,,,,,,,43.0,,,,False,,,,,,,,,,,,33.51,22.08,,,
2026-09-24T02:20:00+00:00,dc-rack-a-py,,,,,,,11.96,,,,,,,,42.6,,,,False,,,,,,,,,,,,34.31,22.35,,,
2026-09-24T02:25:00+00:00,dc-rack-a-py,,,,,,,11.28,,,,,,,,43.0,,,,False,,,,,,,,,,,,33.84,22.56,,,
2026-09-24T02:30:00+00:00,dc-rack-a-py,,,,,,,11.08,,,,,,,,42.7,,,,False,,,,,,,,,,,,33.21,22.13,,,
2026-09-24T02:35:00+00:00,dc-rack-a-py,,,,,,,10.88,,,,,,,,43.3,,,,False,,,,,,,,,,,,33.08,22.2,,,
2026-09-24T02:40:00+00:00,dc-rack-a-py,,,,,,,11.52,,,,,,,,43.0,,,,False,,,,,,,,,,,,33.62,22.1,,,
2026-09-24T02:45:00+00:00,dc-rack-a-py,,,,,,,11.98,,,,,,,,43.2,,,,False,,,,,,,,,,,,33.88,21.9,,,
2026-09-24T02:50:00+00:00,dc-rack-a-py,,,,,,,11.15,,,,,,,,43.5,,,,False,,,,,,,,,,,,33.31,22.16,,,
2026-09-24T02:55:00+00:00,dc-rack-a-py,,,,,,,11.39,,,,,,,,44.2,,,,False,,,,,,,,,,,,33.6,22.21,,,
2026-09-24T03:00:00+00:00,dc-rack-a-py,,,,,,,11.21,,,,,,,,43.4,,,,False,,,,,,,,,,,,33.36,22.15,,,
2026-09-24T03:05:00+00:00,dc-rack-a-py,,,,,,,11.58,,,,,,,,43.2,,,,False,,,,,,,,,,,,33.5,21.92,,,
2026-09-24T03:10:00+00:00,dc-rack-a-py,,,,,,,11.0,,,,,,,,43.5,,,,False,,,,,,,,,,,,32.92,21.92,,,
2026-09-24T03:15:00+00:00,dc-rack-a-py,,,,,,,11.19,,,,,,,,43.9,,,,False,,,,,,,,,,,,33.31,22.12,,,
2026-09-24T03:20:00+00:00,dc-rack-a-py,,,,,,,10.6,,,,,,,,44.7,,,,False,,,,,,,,,,,,32.55,21.95,,,
2026-09-24T03:25:00+00:00,dc-rack-a-py,,,,,,,11.18,,,,,,,,44.1,,,,False,,,,,,,,,,,,33.1,21.92,,,
2026-09-24T03:30:00+00:00,dc-rack-a-py,,,,,,,11.04,,,,,,,,44.3,,,,False,,,,,,,,,,,,32.74,21.7,,,
2026-09-24T03:35:00+00:00,dc-rack-a-py,,,,,,,10.87,,,,,,,,44.0,,,,False,,,,,,,,,,,,32.87,22.0,,,
2026-09-24T03:40:00+00:00,dc-rack-a-py,,,,,,,10.66,,,,,,,,44.5,,,,False,,,,,,,,,,,,32.42,21.76,,,
2026-09-24T03:45:00+00:00,dc-rack-a-py,,,,,,,10.4,,,,,,,,44.0,,,,False,,,,,,,,,,,,32.22,21.82,,,
2026-09-24T03:50:00+00:00,dc-rack-a-py,,,,,,,10.75,,,,,,,,45.3,,,,False,,,,,,,,,,,,32.53,21.78,,,
2026-09-24T03:55:00+00:00,dc-rack-a-py,,,,,,,10.91,,,,,,,,44.3,,,,False,,,,,,,,,,,,32.39,21.48,,,
2026-09-24T04:00:00+00:00,dc-rack-a-py,,,,,,,10.55,,,,,,,,44.3,,,,False,,,,,,,,,,,,32.26,21.71,,,
2026-09-24T04:05:00+00:00,dc-rack-a-py,,,,,,,10.64,,,,,,,,45.0,,,,False,,,,,,,,,,,,32.14,21.5,,,
2026-09-24T04:10:00+00:00,dc-rack-a-py,,,,,,,10.55,,,,,,,,44.3,,,,False,,,,,,,,,,,,32.2,21.65,,,
2026-09-24T04:15:00+00:00,dc-rack-a-py,,,,,,,10.61,,,,,,,,45.3,,,,False,,,,,,,,,,,,32.0,21.39,,,
2026-09-24T04:20:00+00:00,dc-rack-a-py,,,,,,,10.64,,,,,,,,45.5,,,,False,,,,,,,,,,,,32.07,21.43,,,
2026-09-24T04:25:00+00:00,dc-rack-a-py,,,,,,,10.2,,,,,,,,45.4,,,,False,,,,,,,,,,,,31.8,21.6,,,
2026-09-24T04:30:00+00:00,dc-rack-a-py,,,,,,,10.91,,,,,,,,46.2,,,,False,,,,,,,,,,,,32.22,21.31,,,
2026-09-24T04:35:00+00:00,dc-rack-a-py,,,,,,,10.77,,,,,,,,45.6,,,,False,,,,,,,,,,,,32.04,21.27,,,
2026-09-24T04:40:00+00:00,dc-rack-a-py,,,,,,,10.19,,,,,,,,45.2,,,,False,,,,,,,,,,,,31.58,21.39,,,
2026-09-24T04:45:00+00:00,dc-rack-a-py,,,,,,,10.84,,,,,,,,46.4,,,,False,,,,,,,,,,,,32.44,21.6,,,
2026-09-24T04:50:00+00:00,dc-rack-a-py,,,,,,,10.34,,,,,,,,46.9,,,,False,,,,,,,,,,,,31.57,21.23,,,
2026-09-24T04:55:00+00:00,dc-rack-a-py,,,,,,,10.86,,,,,,,,46.6,,,,False,,,,,,,,,,,,32.05,21.19,,,
2026-09-25T05:00:00+00:00,dc-rack-a-py,,,,,,,9.62,,,,,,,,46.4,,,,False,,,,,,,,,,,,31.15,21.53,,,
2026-09-25T05:05:00+00:00,dc-rack-a-py,,,,,,,9.86,,,,,,,,47.3,,,,False,,,,,,,,,,,,30.99,21.13,,,
2026-09-25T05:10:00+00:00,dc-rack-a-py,,,,,,,9.99,,,,,,,,46.1,,,,False,,,,,,,,,,,,31.16,21.17,,,
2026-09-25T05:15:00+00:00,dc-rack-a-py,,,,,,,10.04,,,,,,,,46.3,,,,False,,,,,,,,,,,,31.29,21.25,,,
2026-09-25T05:20:00+00:00,dc-rack-a-py,,,,,,,10.39,,,,,,,,46.3,,,,False,,,,,,,,,,,,31.4,21.01,,,
2026-09-25T05:25:00+00:00,dc-rack-a-py,,,,,,,10.21,,,,,,,,46.3,,,,False,,,,,,,,,,,,31.24,21.03,,,
2026-09-25T05:30:00+00:00,dc-rack-a-py,,,,,,,10.06,,,,,,,,46.6,,,,False,,,,,,,,,,,,31.3,21.24,,,
2026-09-25T05:35:00+00:00,dc-rack-a-py,,,,,,,10.28,,,,,,,,47.1,,,,False,,,,,,,,,,,,31.32,21.04,,,
2026-09-25T05:40:00+00:00,dc-rack-a-py,,,,,,,9.99,,,,,,,,46.2,,,,False,,,,,,,,,,,,31.32,21.33,,,
2026-09-25T05:45:00+00:00,dc-rack-a-py,,,,,,,10.04,,,,,,,,46.8,,,,False,,,,,,,,,,,,30.88,20.84,,,
2026-09-25T05:50:00+00:00,dc-rack-a-py,,,,,,,10.14,,,,,,,,47.4,,,,False,,,,,,,,,,,,31.31,21.17,,,
2026-09-25T05:55:00+00:00,dc-rack-a-py,,,,,,,9.54,,,,,,,,48.1,,,,False,,,,,,,,,,,,30.84,21.3,,,
2026-09-25T06:00:00+00:00,dc-rack-a-py,,,,,,,10.1,,,,,,,,47.9,,,,False,,,,,,,,,,,,30.89,20.79,,,
2026-09-25T06:05:00+00:00,dc-rack-a-py,,,,,,,10.38,,,,,,,,48.4,,,,False,,,,,,,,,,,,31.42,21.04,,,
2026-09-25T06:10:00+00:00,dc-rack-a-py,,,,,,,9.44,,,,,,,,46.9,,,,False,,,,,,,,,,,,30.27,20.83,,,
2026-09-25T06:15:00+00:00,dc-rack-a-py,,,,,,,10.14,,,,,,,,47.7,,,,False,,,,,,,,,,,,31.06,20.92,,,
2026-09-25T06:20:00+00:00,dc-rack-a-py,,,,,,,9.77,,,,,,,,48.5,,,,False,,,,,,,,,,,,30.64,20.87,,,
2026-09-25T06:25:00+00:00,dc-rack-a-py,,,,,,,9.59,,,,,,,,47.9,,,,False,,,,,,,,,,,,30.46,20.87,,,
2026-09-25T06:30:00+00:00,dc-rack-a-py,,,,,,,9.96,,,,,,,,48.2,,,,False,,,,,,,,,,,,30.61,20.65,,,
2026-09-25T06:35:00+00:00,dc-rack-a-py,,,,,,,9.77,,,,,,,,48.1,,,,False,,,,,,,,,,,,30.55,20.78,,,
2026-09-25T06:40:00+00:00,dc-rack-a-py,,,,,,,9.91,,,,,,,,48.4,,,,False,,,,,,,,,,,,30.45,20.54,,,
2026-09-25T06:45:00+00:00,dc-rack-a-py,,,,,,,9.78,,,,,,,,48.9,,,,False,,,,,,,,,,,,30.73,20.95,,,
2026-09-25T06:50:00+00:00,dc-rack-a-py,,,,,,,10.34,,,,,,,,48.3,,,,False,,,,,,,,,,,,31.09,20.75,,,
2026-09-25T06:55:00+00:00,dc-rack-a-py,,,,,,,9.7,,,,,,,,48.1,,,,False,,,,,,,,,,,,30.5,20.8,,,
2026-09-25T07:00:00+00:00,dc-rack-a-py,,,,,,,9.64,,,,,,,,47.5,,,,False,,,,,,,,,,,,30.46,20.82,,,
2026-09-25T07:05:00+00:00,dc-rack-a-py,,,,,,,10.13,,,,,,,,49.2,,,,False,,,,,,,,,,,,30.8,20.67,,,
2026-09-25T07:10:00+00:00,dc-rack-a-py,,,,,,,9.85,,,,,,,,48.6,,,,False,,,,,,,,,,,,30.53,20.68,,,
2026-09-25T07:15:00+00:00,dc-rack-a-py,,,,,,,9.36,,,,,,,,48.5,,,,False,,,,,,,,,,,,30.19,20.83,,,
2026-09-25T07:20:00+00:00,dc-rack-a-py,,,,,,,9.6,,,,,,,,48.6,,,,False,,,,,,,,,,,,30.36,20.76,,,
2026-09-25T07:25:00+00:00,dc-rack-a-py,,,,,,,9.6,,,,,,,,49.7,,,,False,,,,,,,,,,,,30.26,20.66,,,
2026-09-25T07:30:00+00:00,dc-rack-a-py,,,,,,,9.39,,,,,,,,48.8,,,,False,,,,,,,,,,,,29.87,20.48,,,
2026-09-25T07:35:00+00:00,dc-rack-a-py,,,,,,,9.76,,,,,,,,48.5,,,,False,,,,,,,,,,,,30.48,20.72,,,
2026-09-25T07:40:00+00:00,dc-rack-a-py,,,,,,,9.77,,,,,,,,48.7,,,,False,,,,,,,,,,,,30.3,20.53,,,
2026-09-25T07:45:00+00:00,dc-rack-a-py,,,,,,,9.82,,,,,,,,48.3,,,,False,,,,,,,,,,,,30.64,20.82,,,
2026-09-25T07:50:00+00:00,dc-rack-a-py,,,,,,,9.49,,,,,,,,48.7,,,,False,,,,,,,,,,,,29.91,20.42,,,
2026-09-25T07:55:00+00:00,dc-rack-a-py,,,,,,,9.63,,,,,,,,48.5,,,,False,,,,,,,,,,,,30.53,20.9,,,
2026-09-25T08:00:00+00:00,dc-rack-a-py,,,,,,,10.02,,,,,,,,49.5,,,,False,,,,,,,,,,,,30.64,20.62,,,
2026-09-25T08:05:00+00:00,dc-rack-a-py,,,,,,,9.56,,,,,,,,49.5,,,,False,,,,,,,,,,,,30.23,20.67,,,
2026-09-25T08:10:00+00:00,dc-rack-a-py,,,,,,,10.23,,,,,,,,49.2,,,,False,,,,,,,,,,,,30.97,20.74,,,
2026-09-25T08:15:00+00:00,dc-rack-a-py,,,,,,,9.85,,,,,,,,49.9,,,,False,,,,,,,,,,,,30.85,21.0,,,
2026-09-25T08:20:00+00:00,dc-rack-a-py,,,,,,,9.31,,,,,,,,49.6,,,,False,,,,,,,,,,,,30.14,20.83,,,
2026-09-25T08:25:00+00:00,dc-rack-a-py,,,,,,,9.98,,,,,,,,50.2,,,,False,,,,,,,,,,,,30.96,20.98,,,
2026-09-25T08:30:00+00:00,dc-rack-a-py,,,,,,,10.04,,,,,,,,50.1,,,,False,,,,,,,,,,,,31.05,21.01,,,
2026-09-25T08:35:00+00:00,dc-rack-a-py,,,,,,,9.32,,,,,,,,49.9,,,,False,,,,,,,,,,,,29.76,20.44,,,
2026-09-25T08:40:00+00:00,dc-rack-a-py,,,,,,,9.57,,,,,,,,49.2,,,,False,,,,,,,,,,,,30.19,20.62,,,
2026-09-25T08:45:00+00:00,dc-rack-a-py,,,,,,,9.52,,,,,,,,50.0,,,,False,,,,,,,,,,,,30.13,20.61,,,
2026-09-25T08:50:00+00:00,dc-rack-a-py,,,,,,,9.83,,,,,,,,50.4,,,,False,,,,,,,,,,,,30.64,20.81,,,
2026-09-25T08:55:00+00:00,dc-rack-a-py,,,,,,,9.98,,,,,,,,49.7,,,,False,,,,,,,,,,,,30.71,20.73,,,
2026-09-25T09:00:00+00:00,dc-rack-a-py,,,,,,,10.01,,,,,,,,50.1,,,,False,,,,,,,,,,,,30.75,20.74,,,
2026-09-25T09:05:00+00:00,dc-rack-a-py,,,,,,,9.84,,,,,,,,49.8,,,,False,,,,,,,,,,,,30.75,20.91,,,
2026-09-25T09:10:00+00:00,dc-rack-a-py,,,,,,,9.98,,,,,,,,49.2,,,,False,,,,,,,,,,,,30.8,20.82,,,
2026-09-25T09:15:00+00:00,dc-rack-a-py,,,,,,,9.75,,,,,,,,50.0,,,,False,,,,,,,,,,,,30.57,20.82,,,
2026-09-25T09:20:00+00:00,dc-rack-a-py,,,,,,,9.47,,,,,,,,50.4,,,,False,,,,,,,,,,,,30.25,20.78,,,
2026-09-25T09:25:00+00:00,dc-rack-a-py,,,,,,,9.83,,,,,,,,49.5,,,,False,,,,,,,,,,,,30.67,20.84,,,
2026-09-25T09:30:00+00:00,dc-rack-a-py,,,,,,,9.54,,,,,,,,49.5,,,,False,,,,,,,,,,,,30.43,20.89,,,
2026-09-25T09:35:00+00:00,dc-rack-a-py,,,,,,,10.23,,,,,,,,49.1,,,,False,,,,,,,,,,,,31.12,20.89,,,
2026-09-25T09:40:00+00:00,dc-rack-a-py,,,,,,,9.22,,,,,,,,50.1,,,,False,,,,,,,,,,,,30.03,20.81,,,
2026-09-25T09:45:00+00:00,dc-rack-a-py,,,,,,,9.97,,,,,,,,49.6,,,,False,,,,,,,,,,,,30.8,20.83,,,
2026-09-25T09:50:00+00:00,dc-rack-a-py,,,,,,,9.82,,,,,,,,50.4,,,,False,,,,,,,,,,,,30.7,20.88,,,
2026-09-25T09:55:00+00:00,dc-rack-a-py,,,,,,,9.6,,,,,,,,49.6,,,,False,,,,,,,,,,,,30.66,21.06,,,
2026-09-25T10:00:00+00:00,dc-rack-a-py,,,,,,,10.09,,,,,,,,50.1,,,,False,,,,,,,,,,,,31.13,21.04,,,
2026-09-25T10:05:00+00:00,dc-rack-a-py,,,,,,,9.89,,,,,,,,49.9,,,,False,,,,,,,,,,,,31.08,21.19,,,
2026-09-25T10:10:00+00:00,dc-rack-a-py,,,,,,,10.37,,,,,,,,50.3,,,,False,,,,,,,,,,,,31.25,20.88,,,
2026-09-25T10:15:00+00:00,dc-rack-a-py,,,,,,,10.17,,,,,,,,50.0,,,,False,,,,,,,,,,,,30.98,20.81,,,
2026-09-25T10:20:00+00:00,dc-rack-a-py,,,,,,,10.03,,,,,,,,50.2,,,,False,,,,,,,,,,,,31.09,21.06,,,
2026-09-25T10:25:00+00:00,dc-rack-a-py,,,,,,,9.92,,,,,,,,50.0,,,,False,,,,,,,,,,,,30.9,20.98,,,
2026-09-25T10:30:00+00:00,dc-rack-a-py,,,,,,,10.46,,,,,,,,51.1,,,,False,,,,,,,,,,,,31.62,21.16,,,
2026-09-25T10:35:00+00:00,dc-rack-a-py,,,,,,,10.79,,,,,,,,49.7,,,,False,,,,,,,,,,,,32.13,21.34,,,
2026-09-25T10:40:00+00:00,dc-rack-a-py,,,,,,,10.31,,,,,,,,49.8,,,,False,,,,,,,,,,,,31.41,21.1,,,
2026-09-25T10:45:00+00:00,dc-rack-a-py,,,,,,,10.12,,,,,,,,50.0,,,,False,,,,,,,,,,,,31.06,20.94,,,
2026-09-25T10:50:00+00:00,dc-rack-a-py,,,,,,,10.12,,,,,,,,50.1,,,,False,,,,,,,,,,,,31.03,20.91,,,
2026-09-25T10:55:00+00:00,dc-rack-a-py,,,,,,,10.47,,,,,,,,49.7,,,,False,,,,,,,,,,,,31.75,21.28,,,
2026-09-25T11:00:00+00:00,dc-rack-a-py,,,,,,,10.61,,,,,,,,49.9,,,,False,,,,,,,,,,,,31.87,21.26,,,
2026-09-25T11:05:00+00:00,dc-rack-a-py,,,,,,,10.46,,,,,,,,50.1,,,,False,,,,,,,,,,,,31.91,21.45,,,
2026-09-25T11:10:00+00:00,dc-rack-a-py,,,,,,,10.81,,,,,,,,49.3,,,,False,,,,,,,,,,,,32.09,21.28,,,
2026-09-25T11:15:00+00:00,dc-rack-a-py,,,,,,,10.35,,,,,,,,50.1,,,,False,,,,,,,,,,,,31.67,21.32,,,
2026-09-25T11:20:00+00:00,dc-rack-a-py,,,,,,,10.2,,,,,,,,49.8,,,,False,,,,,,,,,,,,31.62,21.42,,,
2026-09-25T11:25:00+00:00,dc-rack-a-py,,,,,,,10.73,,,,,,,,50.2,,,,False,,,,,,,,,,,,32.18,21.45,,,
2026-09-25T11:30:00+00:00,dc-rack-a-py,,,,,,,10.23,,,,,,,,50.1,,,,False,,,,,,,,,,,,31.75,21.52,,,
2026-09-25T11:35:00+00:00,dc-rack-a-py,,,,,,,10.9,,,,,,,,49.7,,,,False,,,,,,,,,,,,32.46,21.56,,,
2026-09-25T11:40:00+00:00,dc-rack-a-py,,,,,,,10.74,,,,,,,,49.2,,,,False,,,,,,,,,,,,32.37,21.63,,,
2026-09-25T11:45:00+00:00,dc-rack-a-py,,,,,,,10.27,,,,,,,,49.9,,,,False,,,,,,,,,,,,31.77,21.5,,,
2026-09-25T11:50:00+00:00,dc-rack-a-py,,,,,,,10.07,,,,,,,,49.5,,,,False,,,,,,,,,,,,31.79,21.72,,,
2026-09-25T11:55:00+00:00,dc-rack-a-py,,,,,,,10.88,,,,,,,,49.2,,,,False,,,,,,,,,,,,32.7,21.82,,,
2026-09-25T12:00:00+00:00,dc-rack-a-py,,,,,,,10.96,,,,,,,,49.3,,,,False,,,,,,,,,,,,32.56,21.6,,,
2026-09-25T12:05:00+00:00,dc-rack-a-py,,,,,,,10.44,,,,,,,,48.5,,,,False,,,,,,,,,,,,32.0,21.56,,,
2026-09-25T12:10:00+00:00,dc-rack-a-py,,,,,,,10.75,,,,,,,,48.7,,,,False,,,,,,,,,,,,32.5,21.75,,,
2026-09-25T12:15:00+00:00,dc-rack-a-py,,,,,,,11.06,,,,,,,,49.4,,,,False,,,,,,,,,,,,32.78,21.72,,,
2026-09-25T12:20:00+00:00,dc-rack-a-py,,,,,,,10.29,,,,,,,,48.7,,,,False,,,,,,,,,,,,31.85,21.56,,,
2026-09-25T12:25:00+00:00,dc-rack-a-py,,,,,,,10.5,,,,,,,,49.8,,,,False,,,,,,,,,,,,32.37,21.87,,,
2026-09-25T12:30:00+00:00,dc-rack-a-py,,,,,,,10.97,,,,,,,,49.7,,,,False,,,,,,,,,,,,32.77,21.8,,,
2026-09-25T12:35:00+00:00,dc-rack-a-py,,,,,,,11.47,,,,,,,,48.3,,,,False,,,,,,,,,,,,33.51,22.04,,,
2026-09-25T12:40:00+00:00,dc-rack-a-py,,,,,,,11.05,,,,,,,,48.9,,,,False,,,,,,,,,,,,33.14,22.09,,,
2026-09-25T12:45:00+00:00,dc-rack-a-py,,,,,,,11.59,,,,,,,,49.3,,,,False,,,,,,,,,,,,33.54,21.95,,,
2026-09-25T12:50:00+00:00,dc-rack-a-py,,,,,,,11.3,,,,,,,,48.3,,,,False,,,,,,,,,,,,33.06,21.76,,,
2026-09-25T12:55:00+00:00,dc-rack-a-py,,,,,,,11.82,,,,,,,,48.6,,,,False,,,,,,,,,,,,33.95,22.13,,,
2026-09-25T13:00:00+00:00,dc-rack-a-py,,,,,,,10.94,,,,,,,,48.6,,,,False,,,,,,,,,,,,32.9,21.96,,,
2026-09-25T13:05:00+00:00,dc-rack-a-py,,,,,,,11.96,,,,,,,,49.2,,,,False,,,,,,,,,,,,34.03,22.07,,,
2026-09-25T13:10:00+00:00,dc-rack-a-py,,,,,,,11.27,,,,,,,,48.7,,,,False,,,,,,,,,,,,33.39,22.12,,,
2026-09-25T13:15:00+00:00,dc-rack-a-py,,,,,,,11.75,,,,,,,,48.1,,,,False,,,,,,,,,,,,34.05,22.3,,,
2026-09-25T13:20:00+00:00,dc-rack-a-py,,,,,,,11.0,,,,,,,,48.6,,,,False,,,,,,,,,,,,33.2,22.2,,,
2026-09-25T13:25:00+00:00,dc-rack-a-py,,,,,,,11.78,,,,,,,,48.0,,,,False,,,,,,,,,,,,34.13,22.35,,,
2026-09-25T13:30:00+00:00,dc-rack-a-py,,,,,,,11.38,,,,,,,,47.5,,,,False,,,,,,,,,,,,33.99,22.61,,,
2026-09-25T13:35:00+00:00,dc-rack-a-py,,,,,,,11.51,,,,,,,,47.3,,,,False,,,,,,,,,,,,33.82,22.31,,,
2026-09-25T13:40:00+00:00,dc-rack-a-py,,,,,,,11.41,,,,,,,,48.0,,,,False,,,,,,,,,,,,33.69,22.28,,,
2026-09-25T13:45:00+00:00,dc-rack-a-py,,,,,,,11.51,,,,,,,,49.2,,,,False,,,,,,,,,,,,33.99,22.48,,,
2026-09-25T13:50:00+00:00,dc-rack-a-py,,,,,,,11.45,,,,,,,,47.7,,,,False,,,,,,,,,,,,34.07,22.62,,,
2026-09-25T13:55:00+00:00,dc-rack-a-py,,,,,,,11.61,,,,,,,,47.7,,,,False,,,,,,,,,,,,34.3,22.69,,,
2026-09-25T14:00:00+00:00,dc-rack-a-py,,,,,,,12.23,,,,,,,,46.7,,,,False,,,,,,,,,,,,34.75,22.52,,,
2026-09-25T14:05:00+00:00,dc-rack-a-py,,,,,,,11.75,,,,,,,,45.7,,,,False,,,,,,,,,,,,34.53,22.78,,,
2026-09-25T14:10:00+00:00,dc-rack-a-py,,,,,,,11.7,,,,,,,,47.0,,,,False,,,,,,,,,,,,34.3,22.6,,,
2026-09-25T14:15:00+00:00,dc-rack-a-py,,,,,,,12.21,,,,,,,,47.0,,,,False,,,,,,,,,,,,34.75,22.54,,,
2026-09-25T14:20:00+00:00,dc-rack-a-py,,,,,,,11.73,,,,,,,,47.8,,,,False,,,,,,,,,,,,34.52,22.79,,,
2026-09-25T14:25:00+00:00,dc-rack-a-py,,,,,,,12.15,,,,,,,,47.8,,,,False,,,,,,,,,,,,35.12,22.97,,,
2026-09-25T14:30:00+00:00,dc-rack-a-py,,,,,,,11.91,,,,,,,,46.9,,,,False,,,,,,,,,,,,34.55,22.64,,,
2026-09-25T14:35:00+00:00,dc-rack-a-py,,,,,,,11.68,,,,,,,,46.5,,,,False,,,,,,,,,,,,34.18,22.5,,,
2026-09-25T14:40:00+00:00,dc-rack-a-py,,,,,,,12.35,,,,,,,,45.9,,,,False,,,,,,,,,,,,35.22,22.87,,,
2026-09-25T14:45:00+00:00,dc-rack-a-py,,,,,,,12.19,,,,,,,,45.8,,,,False,,,,,,,,,,,,35.16,22.97,,,
2026-09-25T14:50:00+00:00,dc-rack-a-py,,,,,,,11.74,,,,,,,,46.6,,,,False,,,,,,,,,,,,34.65,22.91,,,
2026-09-25T14:55:00+00:00,dc-rack-a-py,,,,,,,12.14,,,,,,,,46.8,,,,False,,,,,,,,,,,,35.01,22.87,,,
2026-09-25T15:00:00+00:00,dc-rack-a-py,,,,,,,11.73,,,,,,,,45.7,,,,False,,,,,,,,,,,,34.6,22.87,,,
2026-09-25T15:05:00+00:00,dc-rack-a-py,,,,,,,12.71,,,,,,,,45.7,,,,False,,,,,,,,,,,,35.63,22.92,,,
2026-09-25T15:10:00+00:00,dc-rack-a-py,,,,,,,12.23,,,,,,,,46.3,,,,False,,,,,,,,,,,,35.24,23.01,,,
2026-09-25T15:15:00+00:00,dc-rack-a-py,,,,,,,12.44,,,,,,,,45.7,,,,False,,,,,,,,,,,,35.56,23.12,,,
2026-09-25T15:20:00+00:00,dc-rack-a-py,,,,,,,12.47,,,,,,,,45.9,,,,False,,,,,,,,,,,,35.64,23.17,,,
2026-09-25T15:25:00+00:00,dc-rack-a-py,,,,,,,11.95,,,,,,,,45.5,,,,False,,,,,,,,,,,,34.97,23.02,,,
2026-09-25T15:30:00+00:00,dc-rack-a-py,,,,,,,11.97,,,,,,,,44.9,,,,False,,,,,,,,,,,,35.34,23.37,,,
2026-09-25T15:35:00+00:00,dc-rack-a-py,,,,,,,12.47,,,,,,,,45.2,,,,False,,,,,,,,,,,,35.73,23.26,,,
2026-09-25T15:40:00+00:00,dc-rack-a-py,,,,,,,12.53,,,,,,,,45.2,,,,False,,,,,,,,,,,,35.87,23.34,,,
2026-09-25T15:45:00+00:00,dc-rack-a-py,,,,,,,12.74,,,,,,,,46.7,,,,False,,,,,,,,,,,,35.82,23.08,,,
2026-09-25T15:50:00+00:00,dc-rack-a-py,,,,,,,13.05,,,,,,,,44.2,,,,False,,,,,,,,,,,,36.42,23.37,,,
2026-09-25T15:55:00+00:00,dc-rack-a-py,,,,,,,12.97,,,,,,,,44.7,,,,False,,,,,,,,,,,,36.33,23.36,,,
2026-09-25T16:40:00+00:00,dc-rack-a-py,,,,,,,13.49,,,,,,,,42.6,,,,False,,,,,,,,,,,,37.38,23.89,,,
2026-09-25T16:45:00+00:00,dc-rack-a-py,,,,,,,13.56,,,,,,,,43.9,,,,False,,,,,,,,,,,,37.27,23.71,,,
2026-09-25T16:50:00+00:00,dc-rack-a-py,,,,,,,13.1,,,,,,,,44.5,,,,False,,,,,,,,,,,,36.97,23.87,,,
2026-09-25T16:55:00+00:00,dc-rack-a-py,,,,,,,12.74,,,,,,,,44.2,,,,False,,,,,,,,,,,,36.53,23.79,,,
2026-09-25T17:00:00+00:00,dc-rack-a-py,,,,,,,13.9,,,,,,,,43.3,,,,False,,,,,,,,,,,,37.97,24.07,,,
2026-09-25T17:05:00+00:00,dc-rack-a-py,,,,,,,13.28,,,,,,,,43.2,,,,False,,,,,,,,,,,,37.1,23.82,,,
2026-09-25T17:10:00+00:00,dc-rack-a-py,,,,,,,13.41,,,,,,,,43.0,,,,False,,,,,,,,,,,,37.24,23.83,,,
2026-09-25T17:15:00+00:00,dc-rack-a-py,,,,,,,12.58,,,,,,,,43.4,,,,False,,,,,,,,,,,,36.49,23.91,,,
2026-09-25T17:20:00+00:00,dc-rack-a-py,,,,,,,13.47,,,,,,,,43.2,,,,False,,,,,,,,,,,,37.34,23.87,,,
2026-09-25T17:25:00+00:00,dc-rack-a-py,,,,,,,13.56,,,,,,,,43.1,,,,False,,,,,,,,,,,,37.21,23.65,,,
2026-09-25T17:30:00+00:00,dc-rack-a-py,,,,,,,12.65,,,,,,,,42.6,,,,False,,,,,,,,,,,,36.41,23.76,,,
2026-09-25T17:35:00+00:00,dc-rack-a-py,,,,,,,13.65,,,,,,,,43.6,,,,False,,,,,,,,,,,,37.25,23.6,,,
2026-09-25T17:40:00+00:00,dc-rack-a-py,,,,,,,13.62,,,,,,,,42.2,,,,False,,,,,,,,,,,,37.46,23.84,,,
2026-09-25T17:45:00+00:00,dc-rack-a-py,,,,,,,13.47,,,,,,,,43.3,,,,False,,,,,,,,,,,,37.58,24.11,,,
2026-09-25T17:50:00+00:00,dc-rack-a-py,,,,,,,13.29,,,,,,,,42.2,,,,False,,,,,,,,,,,,37.11,23.82,,,
2026-09-25T17:55:00+00:00,dc-rack-a-py,,,,,,,13.35,,,,,,,,42.3,,,,False,,,,,,,,,,,,37.26,23.91,,,
2026-09-25T18:00:00+00:00,dc-rack-a-py,,,,,,,12.9,,,,,,,,42.3,,,,False,,,,,,,,,,,,37.03,24.13,,,
2026-09-25T18:05:00+00:00,dc-rack-a-py,,,,,,,13.59,,,,,,,,42.2,,,,False,,,,,,,,,,,,37.63,24.04,,,
2026-09-25T18:10:00+00:00,dc-rack-a-py,,,,,,,13.59,,,,,,,,42.0,,,,False,,,,,,,,,,,,37.64,24.05,,,
2026-09-25T18:15:00+00:00,dc-rack-a-py,,,,,,,13.22,,,,,,,,42.3,,,,False,,,,,,,,,,,,36.97,23.75,,,
2026-09-25T18:20:00+00:00,dc-rack-a-py,,,,,,,13.38,,,,,,,,42.6,,,,False,,,,,,,,,,,,37.5,24.12,,,
2026-09-25T18:25:00+00:00,dc-rack-a-py,,,,,,,13.56,,,,,,,,41.9,,,,False,,,,,,,,,,,,37.78,24.22,,,
2026-09-25T18:30:00+00:00,dc-rack-a-py,,,,,,,13.67,,,,,,,,41.9,,,,False,,,,,,,,,,,,37.98,24.31,,,
2026-09-25T18:35:00+00:00,dc-rack-a-py,,,,,,,14.0,,,,,,,,41.1,,,,False,,,,,,,,,,,,38.41,24.41,,,
2026-09-25T18:40:00+00:00,dc-rack-a-py,,,,,,,13.75,,,,,,,,41.8,,,,False,,,,,,,,,,,,37.88,24.13,,,
2026-09-25T18:45:00+00:00,dc-rack-a-py,,,,,,,13.93,,,,,,,,41.3,,,,False,,,,,,,,,,,,38.14,24.21,,,
2026-09-25T18:50:00+00:00,dc-rack-a-py,,,,,,,13.42,,,,,,,,41.6,,,,False,,,,,,,,,,,,37.85,24.43,,,
2026-09-25T18:55:00+00:00,dc-rack-a-py,,,,,,,13.36,,,,,,,,41.2,,,,False,,,,,,,,,,,,37.85,24.49,,,
2026-09-25T19:00:00+00:00,dc-rack-a-py,,,,,,,14.14,,,,,,,,42.6,,,,False,,,,,,,,,,,,38.15,24.01,,,
2026-09-25T19:05:00+00:00,dc-rack-a-py,,,,,,,13.71,,,,,,,,41.7,,,,False,,,,,,,,,,,,38.06,24.35,,,
2026-09-25T19:10:00+00:00,dc-rack-a-py,,,,,,,13.88,,,,,,,,40.8,,,,False,,,,,,,,,,,,38.35,24.47,,,
2026-09-25T19:15:00+00:00,dc-rack-a-py,,,,,,,13.79,,,,,,,,41.6,,,,False,,,,,,,,,,,,38.18,24.39,,,
2026-09-25T19:20:00+00:00,dc-rack-a-py,,,,,,,13.98,,,,,,,,41.7,,,,False,,,,,,,,,,,,38.42,24.44,,,
2026-09-25T19:25:00+00:00,dc-rack-a-py,,,,,,,13.12,,,,,,,,41.9,,,,False,,,,,,,,,,,,37.27,24.15,,,
2026-09-25T19:30:00+00:00,dc-rack-a-py,,,,,,,13.75,,,,,,,,42.3,,,,False,,,,,,,,,,,,38.08,24.33,,,
2026-09-25T19:35:00+00:00,dc-rack-a-py,,,,,,,13.22,,,,,,,,40.7,,,,False,,,,,,,,,,,,37.37,24.15,,,
2026-09-25T19:40:00+00:00,dc-rack-a-py,,,,,,,13.34,,,,,,,,40.7,,,,False,,,,,,,,,,,,37.78,24.44,,,
2026-09-25T19:45:00+00:00,dc-rack-a-py,,,,,,,13.92,,,,,,,,40.8,,,,False,,,,,,,,,,,,37.91,23.99,,,
2026-09-25T19:50:00+00:00,dc-rack-a-py,,,,,,,13.85,,,,,,,,42.0,,,,False,,,,,,,,,,,,38.25,24.4,,,
2026-09-25T19:55:00+00:00,dc-rack-a-py,,,,,,,13.86,,,,,,,,40.5,,,,False,,,,,,,,,,,,38.12,24.26,,,
2026-09-25T20:00:00+00:00,dc-rack-a-py,,,,,,,13.65,,,,,,,,40.6,,,,False,,,,,,,,,,,,38.03,24.38,,,
2026-09-25T20:05:00+00:00,dc-rack-a-py,,,,,,,13.68,,,,,,,,40.2,,,,False,,,,,,,,,,,,38.08,24.4,,,
2026-09-25T20:10:00+00:00,dc-rack-a-py,,,,,,,13.35,,,,,,,,41.3,,,,False,,,,,,,,,,,,37.76,24.41,,,
2026-09-25T20:15:00+00:00,dc-rack-a-py,,,,,,,13.27,,,,,,,,41.4,,,,False,,,,,,,,,,,,37.57,24.3,,,
2026-09-25T20:20:00+00:00,dc-rack-a-py,,,,,,,13.67,,,,,,,,40.9,,,,False,,,,,,,,,,,,37.81,24.14,,,
2026-09-25T20:25:00+00:00,dc-rack-a-py,,,,,,,13.57,,,,,,,,41.4,,,,False,,,,,,,,,,,,37.83,24.26,,,
2026-09-25T20:30:00+00:00,dc-rack-a-py,,,,,,,14.02,,,,,,,,40.2,,,,False,,,,,,,,,,,,38.05,24.03,,,
2026-09-25T20:35:00+00:00,dc-rack-a-py,,,,,,,13.79,,,,,,,,39.5,,,,False,,,,,,,,,,,,38.12,24.33,,,
2026-09-25T20:40:00+00:00,dc-rack-a-py,,,,,,,13.92,,,,,,,,40.4,,,,False,,,,,,,,,,,,37.91,23.99,,,
2026-09-25T20:45:00+00:00,dc-rack-a-py,,,,,,,13.3,,,,,,,,40.5,,,,False,,,,,,,,,,,,37.5,24.2,,,
2026-09-25T20:50:00+00:00,dc-rack-a-py,,,,,,,13.59,,,,,,,,40.2,,,,False,,,,,,,,,,,,37.82,24.23,,,
2026-09-25T20:55:00+00:00,dc-rack-a-py,,,,,,,13.12,,,,,,,,40.2,,,,False,,,,,,,,,,,,37.1,23.98,,,
2026-09-25T21:00:00+00:00,dc-rack-a-py,,,,,,,13.41,,,,,,,,40.1,,,,False,,,,,,,,,,,,37.76,24.35,,,
2026-09-25T21:05:00+00:00,dc-rack-a-py,,,,,,,13.62,,,,,,,,40.0,,,,False,,,,,,,,,,,,37.64,24.02,,,
2026-09-25T21:10:00+00:00,dc-rack-a-py,,,,,,,13.93,,,,,,,,40.6,,,,False,,,,,,,,,,,,38.08,24.15,,,
2026-09-25T21:15:00+00:00,dc-rack-a-py,,,,,,,14.06,,,,,,,,39.6,,,,False,,,,,,,,,,,,38.62,24.56,,,
2026-09-25T21:20:00+00:00,dc-rack-a-py,,,,,,,13.66,,,,,,,,40.0,,,,False,,,,,,,,,,,,37.81,24.15,,,
2026-09-25T21:25:00+00:00,dc-rack-a-py,,,,,,,13.35,,,,,,,,39.6,,,,False,,,,,,,,,,,,37.55,24.2,,,
2026-09-25T21:30:00+00:00,dc-rack-a-py,,,,,,,13.66,,,,,,,,40.1,,,,False,,,,,,,,,,,,38.17,24.51,,,
2026-09-25T21:35:00+00:00,dc-rack-a-py,,,,,,,13.25,,,,,,,,39.9,,,,False,,,,,,,,,,,,37.43,24.18,,,
2026-09-25T21:40:00+00:00,dc-rack-a-py,,,,,,,14.08,,,,,,,,40.5,,,,False,,,,,,,,,,,,38.16,24.08,,,
2026-09-25T21:45:00+00:00,dc-rack-a-py,,,,,,,14.29,,,,,,,,40.2,,,,False,,,,,,,,,,,,38.61,24.32,,,
2026-09-25T21:50:00+00:00,dc-rack-a-py,,,,,,,13.4,,,,,,,,40.9,,,,False,,,,,,,,,,,,37.47,24.07,,,
2026-09-25T21:55:00+00:00,dc-rack-a-py,,,,,,,13.11,,,,,,,,39.8,,,,False,,,,,,,,,,,,37.2,24.09,,,
2026-09-25T22:00:00+00:00,dc-rack-a-py,,,,,,,13.5,,,,,,,,39.9,,,,False,,,,,,,,,,,,37.13,23.63,,,
2026-09-25T22:05:00+00:00,dc-rack-a-py,,,,,,,13.64,,,,,,,,40.4,,,,False,,,,,,,,,,,,37.63,23.99,,,
2026-09-25T22:10:00+00:00,dc-rack-a-py,,,,,,,13.07,,,,,,,,39.2,,,,False,,,,,,,,,,,,37.22,24.15,,,
2026-09-25T22:15:00+00:00,dc-rack-a-py,,,,,,,13.57,,,,,,,,39.6,,,,False,,,,,,,,,,,,37.55,23.98,,,
2026-09-25T22:20:00+00:00,dc-rack-a-py,,,,,,,13.14,,,,,,,,39.6,,,,False,,,,,,,,,,,,37.01,23.87,,,
2026-09-25T22:25:00+00:00,dc-rack-a-py,,,,,,,13.55,,,,,,,,40.0,,,,False,,,,,,,,,,,,37.31,23.76,,,
2026-09-25T22:30:00+00:00,dc-rack-a-py,,,,,,,13.49,,,,,,,,39.5,,,,False,,,,,,,,,,,,37.31,23.82,,,
2026-09-25T22:35:00+00:00,dc-rack-a-py,,,,,,,13.23,,,,,,,,39.6,,,,False,,,,,,,,,,,,36.91,23.68,,,
2026-09-25T22:40:00+00:00,dc-rack-a-py,,,,,,,13.08,,,,,,,,40.5,,,,False,,,,,,,,,,,,36.89,23.81,,,
2026-09-25T22:45:00+00:00,dc-rack-a-py,,,,,,,12.92,,,,,,,,39.8,,,,False,,,,,,,,,,,,36.74,23.82,,,
2026-09-25T22:50:00+00:00,dc-rack-a-py,,,,,,,13.21,,,,,,,,39.4,,,,False,,,,,,,,,,,,37.02,23.81,,,
2026-09-25T22:55:00+00:00,dc-rack-a-py,,,,,,,13.48,,,,,,,,40.6,,,,False,,,,,,,,,,,,37.33,23.85,,,
2026-09-25T23:00:00+00:00,dc-rack-a-py,,,,,,,13.25,,,,,,,,39.1,,,,False,,,,,,,,,,,,37.1,23.85,,,
2026-09-25T23:05:00+00:00,dc-rack-a-py,,,,,,,12.8,,,,,,,,40.4,,,,False,,,,,,,,,,,,36.37,23.57,,,
2026-09-25T23:10:00+00:00,dc-rack-a-py,,,,,,,12.98,,,,,,,,39.7,,,,False,,,,,,,,,,,,36.86,23.88,,,
2026-09-25T23:15:00+00:00,dc-rack-a-py,,,,,,,12.48,,,,,,,,39.9,,,,False,,,,,,,,,,,,36.21,23.73,,,
2026-09-25T23:20:00+00:00,dc-rack-a-py,,,,,,,13.35,,,,,,,,40.3,,,,False,,,,,,,,,,,,37.07,23.72,,,
2026-09-25T23:25:00+00:00,dc-rack-a-py,,,,,,,12.37,,,,,,,,41.0,,,,False,,,,,,,,,,,,35.9,23.53,,,
2026-09-25T23:30:00+00:00,dc-rack-a-py,,,,,,,12.45,,,,,,,,41.0,,,,False,,,,,,,,,,,,35.81,23.36,,,
2026-09-25T23:35:00+00:00,dc-rack-a-py,,,,,,,12.1,,,,,,,,40.1,,,,False,,,,,,,,,,,,35.82,23.72,,,
2026-09-25T23:40:00+00:00,dc-rack-a-py,,,,,,,12.79,,,,,,,,41.2,,,,False,,,,,,,,,,,,36.37,23.58,,,
2026-09-25T23:45:00+00:00,dc-rack-a-py,,,,,,,13.35,,,,,,,,41.3,,,,False,,,,,,,,,,,,36.61,23.26,,,
2026-09-25T23:50:00+00:00,dc-rack-a-py,,,,,,,12.0,,,,,,,,41.2,,,,False,,,,,,,,,,,,35.46,23.46,,,
2026-09-25T23:55:00+00:00,dc-rack-a-py,,,,,,,12.28,,,,,,,,41.1,,,,False,,,,,,,,,,,,35.84,23.56,,,
2026-09-26T00:00:00+00:00,dc-rack-a-py,,,,,,,12.57,,,,,,,,40.4,,,,False,,,,,,,,,,,,36.01,23.44,,,
2026-09-26T00:05:00+00:00,dc-rack-a-py,,,,,,,12.22,,,,,,,,40.9,,,,False,,,,,,,,,,,,35.5,23.28,,,
2026-09-26T00:10:00+00:00,dc-rack-a-py,,,,,,,12.66,,,,,,,,40.8,,,,False,,,,,,,,,,,,35.93,23.27,,,
2026-09-26T00:15:00+00:00,dc-rack-a-py,,,,,,,12.17,,,,,,,,40.7,,,,False,,,,,,,,,,,,35.53,23.36,,,
2026-09-26T00:20:00+00:00,dc-rack-a-py,,,,,,,12.71,,,,,,,,41.0,,,,False,,,,,,,,,,,,35.76,23.05,,,
2026-09-26T00:25:00+00:00,dc-rack-a-py,,,,,,,12.34,,,,,,,,40.9,,,,False,,,,,,,,,,,,35.64,23.3,,,
2026-09-26T00:30:00+00:00,dc-rack-a-py,,,,,,,12.73,,,,,,,,40.9,,,,False,,,,,,,,,,,,35.62,22.89,,,
2026-09-26T00:35:00+00:00,dc-rack-a-py,,,,,,,12.36,,,,,,,,41.7,,,,False,,,,,,,,,,,,35.74,23.38,,,
2026-09-26T00:40:00+00:00,dc-rack-a-py,,,,,,,12.81,,,,,,,,40.1,,,,False,,,,,,,,,,,,35.67,22.86,,,
2026-09-26T00:45:00+00:00,dc-rack-a-py,,,,,,,12.17,,,,,,,,40.9,,,,False,,,,,,,,,,,,35.57,23.4,,,
2026-09-26T00:50:00+00:00,dc-rack-a-py,,,,,,,12.35,,,,,,,,41.8,,,,False,,,,,,,,,,,,35.23,22.88,,,
2026-09-26T00:55:00+00:00,dc-rack-a-py,,,,,,,12.36,,,,,,,,40.8,,,,False,,,,,,,,,,,,35.61,23.25,,,
2026-09-26T01:00:00+00:00,dc-rack-a-py,,,,,,,11.85,,,,,,,,40.8,,,,False,,,,,,,,,,,,34.66,22.81,,,
2026-09-26T01:05:00+00:00,dc-rack-a-py,,,,,,,12.19,,,,,,,,41.6,,,,False,,,,,,,,,,,,35.38,23.19,,,
2026-09-26T01:10:00+00:00,dc-rack-a-py,,,,,,,12.38,,,,,,,,41.7,,,,False,,,,,,,,,,,,35.34,22.96,,,
2026-09-26T01:15:00+00:00,dc-rack-a-py,,,,,,,11.95,,,,,,,,41.0,,,,False,,,,,,,,,,,,34.87,22.92,,,
2026-09-26T01:20:00+00:00,dc-rack-a-py,,,,,,,11.95,,,,,,,,41.8,,,,False,,,,,,,,,,,,34.62,22.67,,,
2026-09-26T01:25:00+00:00,dc-rack-a-py,,,,,,,11.1,,,,,,,,42.4,,,,False,,,,,,,,,,,,33.98,22.88,,,
2026-09-26T01:30:00+00:00,dc-rack-a-py,,,,,,,12.27,,,,,,,,41.2,,,,False,,,,,,,,,,,,35.18,22.91,,,
2026-09-26T01:35:00+00:00,dc-rack-a-py,,,,,,,11.51,,,,,,,,42.4,,,,False,,,,,,,,,,,,34.34,22.83,,,
2026-09-26T01:40:00+00:00,dc-rack-a-py,,,,,,,11.62,,,,,,,,42.3,,,,False,,,,,,,,,,,,34.35,22.73,,,
2026-09-26T01:45:00+00:00,dc-rack-a-py,,,,,,,12.28,,,,,,,,42.1,,,,False,,,,,,,,,,,,35.16,22.88,,,
2026-09-26T01:50:00+00:00,dc-rack-a-py,,,,,,,11.42,,,,,,,,42.5,,,,False,,,,,,,,,,,,33.85,22.43,,,
2026-09-26T01:55:00+00:00,dc-rack-a-py,,,,,,,12.25,,,,,,,,42.5,,,,False,,,,,,,,,,,,34.66,22.41,,,
2026-09-26T02:00:00+00:00,dc-rack-a-py,,,,,,,11.88,,,,,,,,42.1,,,,False,,,,,,,,,,,,34.29,22.41,,,
2026-09-26T02:05:00+00:00,dc-rack-a-py,,,,,,,11.55,,,,,,,,42.4,,,,False,,,,,,,,,,,,33.91,22.36,,,
2026-09-26T02:10:00+00:00,dc-rack-a-py,,,,,,,11.75,,,,,,,,44.2,,,,False,,,,,,,,,,,,33.76,22.01,,,
2026-09-26T02:15:00+00:00,dc-rack-a-py,,,,,,,11.74,,,,,,,,42.0,,,,False,,,,,,,,,,,,33.97,22.23,,,
2026-09-26T02:20:00+00:00,dc-rack-a-py,,,,,,,11.02,,,,,,,,42.9,,,,False,,,,,,,,,,,,33.44,22.42,,,
2026-09-26T02:25:00+00:00,dc-rack-a-py,,,,,,,11.68,,,,,,,,43.2,,,,False,,,,,,,,,,,,34.2,22.52,,,
2026-09-26T02:30:00+00:00,dc-rack-a-py,,,,,,,11.04,,,,,,,,43.7,,,,False,,,,,,,,,,,,33.22,22.18,,,
2026-09-26T02:35:00+00:00,dc-rack-a-py,,,,,,,10.78,,,,,,,,42.5,,,,False,,,,,,,,,,,,33.16,22.38,,,
2026-09-26T02:40:00+00:00,dc-rack-a-py,,,,,,,11.06,,,,,,,,42.1,,,,False,,,,,,,,,,,,33.45,22.39,,,
2026-09-26T02:45:00+00:00,dc-rack-a-py,,,,,,,11.17,,,,,,,,43.6,,,,False,,,,,,,,,,,,33.11,21.94,,,
2026-09-26T02:50:00+00:00,dc-rack-a-py,,,,,,,11.43,,,,,,,,43.8,,,,False,,,,,,,,,,,,33.62,22.19,,,
2026-09-26T02:55:00+00:00,dc-rack-a-py,,,,,,,10.54,,,,,,,,43.7,,,,False,,,,,,,,,,,,32.59,22.05,,,
2026-09-26T03:00:00+00:00,dc-rack-a-py,,,,,,,11.35,,,,,,,,43.7,,,,False,,,,,,,,,,,,33.33,21.98,,,
2026-09-26T03:05:00+00:00,dc-rack-a-py,,,,,,,11.36,,,,,,,,42.9,,,,False,,,,,,,,,,,,33.51,22.15,,,
2026-09-26T03:10:00+00:00,dc-rack-a-py,,,,,,,11.35,,,,,,,,43.4,,,,False,,,,,,,,,,,,33.23,21.88,,,
2026-09-26T03:15:00+00:00,dc-rack-a-py,,,,,,,11.18,,,,,,,,44.6,,,,False,,,,,,,,,,,,33.18,22.0,,,
2026-09-26T03:20:00+00:00,dc-rack-a-py,,,,,,,10.88,,,,,,,,43.7,,,,False,,,,,,,,,,,,32.66,21.78,,,
2026-09-26T03:25:00+00:00,dc-rack-a-py,,,,,,,11.19,,,,,,,,43.7,,,,False,,,,,,,,,,,,33.04,21.85,,,
2026-09-26T03:30:00+00:00,dc-rack-a-py,,,,,,,10.98,,,,,,,,44.5,,,,False,,,,,,,,,,,,32.99,22.01,,,
2026-09-26T03:35:00+00:00,dc-rack-a-py,,,,,,,10.99,,,,,,,,43.8,,,,False,,,,,,,,,,,,32.82,21.83,,,
2026-09-26T03:40:00+00:00,dc-rack-a-py,,,,,,,10.98,,,,,,,,44.7,,,,False,,,,,,,,,,,,32.97,21.99,,,
2026-09-26T03:45:00+00:00,dc-rack-a-py,,,,,,,11.03,,,,,,,,45.4,,,,False,,,,,,,,,,,,32.65,21.62,,,
2026-09-26T03:50:00+00:00,dc-rack-a-py,,,,,,,10.95,,,,,,,,44.9,,,,False,,,,,,,,,,,,32.7,21.75,,,
2026-09-26T03:55:00+00:00,dc-rack-a-py,,,,,,,10.98,,,,,,,,44.1,,,,False,,,,,,,,,,,,32.36,21.38,,,
2026-09-26T04:00:00+00:00,dc-rack-a-py,,,,,,,10.5,,,,,,,,45.4,,,,False,,,,,,,,,,,,32.08,21.58,,,
2026-09-26T04:05:00+00:00,dc-rack-a-py,,,,,,,10.59,,,,,,,,45.4,,,,False,,,,,,,,,,,,32.09,21.5,,,
2026-09-26T04:10:00+00:00,dc-rack-a-py,,,,,,,11.04,,,,,,,,45.0,,,,False,,,,,,,,,,,,32.72,21.68,,,
2026-09-26T04:15:00+00:00,dc-rack-a-py,,,,,,,10.35,,,,,,,,46.2,,,,False,,,,,,,,,,,,31.73,21.38,,,
2026-09-26T04:20:00+00:00,dc-rack-a-py,,,,,,,10.45,,,,,,,,45.1,,,,False,,,,,,,,,,,,31.99,21.54,,,
2026-09-26T04:25:00+00:00,dc-rack-a-py,,,,,,,10.57,,,,,,,,46.0,,,,False,,,,,,,,,,,,32.04,21.47,,,
2026-09-26T04:30:00+00:00,dc-rack-a-py,,,,,,,10.58,,,,,,,,45.4,,,,False,,,,,,,,,,,,32.06,21.48,,,
2026-09-26T04:35:00+00:00,dc-rack-a-py,,,,,,,10.18,,,,,,,,45.6,,,,False,,,,,,,,,,,,31.42,21.24,,,
2026-09-26T04:40:00+00:00,dc-rack-a-py,,,,,,,9.62,,,,,,,,45.6,,,,False,,,,,,,,,,,,31.26,21.64,,,
2026-09-26T04:45:00+00:00,dc-rack-a-py,,,,,,,10.74,,,,,,,,45.9,,,,False,,,,,,,,,,,,32.16,21.42,,,
2026-09-26T04:50:00+00:00,dc-rack-a-py,,,,,,,10.03,,,,,,,,46.4,,,,False,,,,,,,,,,,,31.28,21.25,,,
2026-09-26T04:55:00+00:00,dc-rack-a-py,,,,,,,9.96,,,,,,,,45.4,,,,False,,,,,,,,,,,,31.19,21.23,,,
2026-09-27T05:00:00+00:00,dc-rack-a-py,,,,,,,10.21,,,,,,,,46.1,,,,False,,,,,,,,,,,,31.45,21.24,,,
2026-09-27T05:05:00+00:00,dc-rack-a-py,,,,,,,10.25,,,,,,,,46.3,,,,False,,,,,,,,,,,,31.62,21.37,,,
2026-09-27T05:10:00+00:00,dc-rack-a-py,,,,,,,10.08,,,,,,,,46.5,,,,False,,,,,,,,,,,,31.41,21.33,,,
2026-09-27T05:15:00+00:00,dc-rack-a-py,,,,,,,10.37,,,,,,,,47.0,,,,False,,,,,,,,,,,,31.47,21.1,,,
2026-09-27T05:20:00+00:00,dc-rack-a-py,,,,,,,9.52,,,,,,,,47.0,,,,False,,,,,,,,,,,,30.66,21.14,,,
2026-09-27T05:25:00+00:00,dc-rack-a-py,,,,,,,10.54,,,,,,,,47.0,,,,False,,,,,,,,,,,,31.76,21.22,,,
2026-09-27T05:30:00+00:00,dc-rack-a-py,,,,,,,10.37,,,,,,,,46.2,,,,False,,,,,,,,,,,,31.47,21.1,,,
2026-09-27T05:35:00+00:00,dc-rack-a-py,,,,,,,10.24,,,,,,,,46.7,,,,False,,,,,,,,,,,,31.38,21.14,,,
2026-09-27T05:40:00+00:00,dc-rack-a-py,,,,,,,9.71,,,,,,,,47.2,,,,False,,,,,,,,,,,,30.84,21.13,,,
2026-09-27T05:45:00+00:00,dc-rack-a-py,,,,,,,9.97,,,,,,,,46.8,,,,False,,,,,,,,,,,,30.97,21.0,,,
2026-09-27T05:50:00+00:00,dc-rack-a-py,,,,,,,10.02,,,,,,,,47.8,,,,False,,,,,,,,,,,,31.05,21.03,,,
2026-09-27T05:55:00+00:00,dc-rack-a-py,,,,,,,9.91,,,,,,,,46.6,,,,False,,,,,,,,,,,,31.03,21.12,,,
2026-09-27T06:00:00+00:00,dc-rack-a-py,,,,,,,9.86,,,,,,,,47.8,,,,False,,,,,,,,,,,,30.66,20.8,,,
2026-09-27T06:05:00+00:00,dc-rack-a-py,,,,,,,9.68,,,,,,,,47.0,,,,False,,,,,,,,,,,,30.56,20.88,,,
2026-09-27T06:10:00+00:00,dc-rack-a-py,,,,,,,10.09,,,,,,,,47.3,,,,False,,,,,,,,,,,,30.99,20.9,,,
2026-09-27T06:15:00+00:00,dc-rack-a-py,,,,,,,10.26,,,,,,,,47.2,,,,False,,,,,,,,,,,,30.85,20.59,,,
2026-09-27T06:20:00+00:00,dc-rack-a-py,,,,,,,9.88,,,,,,,,48.3,,,,False,,,,,,,,,,,,30.8,20.92,,,
2026-09-27T06:25:00+00:00,dc-rack-a-py,,,,,,,9.47,,,,,,,,47.8,,,,False,,,,,,,,,,,,30.12,20.65,,,
2026-09-27T06:30:00+00:00,dc-rack-a-py,,,,,,,9.88,,,,,,,,48.4,,,,False,,,,,,,,,,,,30.79,20.91,,,
2026-09-27T06:35:00+00:00,dc-rack-a-py,,,,,,,9.9,,,,,,,,49.1,,,,False,,,,,,,,,,,,30.53,20.63,,,
2026-09-27T06:40:00+00:00,dc-rack-a-py,,,,,,,10.6,,,,,,,,49.0,,,,False,,,,,,,,,,,,31.51,20.91,,,
2026-09-27T06:45:00+00:00,dc-rack-a-py,,,,,,,10.27,,,,,,,,48.2,,,,False,,,,,,,,,,,,31.13,20.86,,,
2026-09-27T06:50:00+00:00,dc-rack-a-py,,,,,,,9.75,,,,,,,,48.4,,,,False,,,,,,,,,,,,30.42,20.67,,,
2026-09-27T06:55:00+00:00,dc-rack-a-py,,,,,,,10.09,,,,,,,,48.4,,,,False,,,,,,,,,,,,30.59,20.5,,,
2026-09-27T07:00:00+00:00,dc-rack-a-py,,,,,,,10.09,,,,,,,,48.1,,,,False,,,,,,,,,,,,30.75,20.66,,,
2026-09-27T07:05:00+00:00,dc-rack-a-py,,,,,,,9.74,,,,,,,,48.1,,,,False,,,,,,,,,,,,30.37,20.63,,,
2026-09-27T07:10:00+00:00,dc-rack-a-py,,,,,,,10.39,,,,,,,,49.1,,,,False,,,,,,,,,,,,31.08,20.69,,,
2026-09-27T07:15:00+00:00,dc-rack-a-py,,,,,,,10.15,,,,,,,,48.6,,,,False,,,,,,,,,,,,30.95,20.8,,,
2026-09-27T07:20:00+00:00,dc-rack-a-py,,,,,,,9.65,,,,,,,,48.9,,,,False,,,,,,,,,,,,30.39,20.74,,,
2026-09-27T07:25:00+00:00,dc-rack-a-py,,,,,,,10.45,,,,,,,,48.3,,,,False,,,,,,,,,,,,31.15,20.7,,,
2026-09-27T07:30:00+00:00,dc-rack-a-py,,,,,,,9.61,,,,,,,,49.9,,,,False,,,,,,,,,,,,30.35,20.74,,,
2026-09-27T07:35:00+00:00,dc-rack-a-py,,,,,,,9.55,,,,,,,,48.7,,,,False,,,,,,,,,,,,30.44,20.89,,,
2026-09-27T07:40:00+00:00,dc-rack-a-py,,,,,,,9.89,,,,,,,,48.9,,,,False,,,,,,,,,,,,30.66,20.77,,,
2026-09-27T07:45:00+00:00,dc-rack-a-py,,,,,,,9.6,,,,,,,,49.0,,,,False,,,,,,,,,,,,30.45,20.85,,,
2026-09-27T07:50:00+00:00,dc-rack-a-py,,,,,,,9.81,,,,,,,,49.0,,,,False,,,,,,,,,,,,30.4,20.59,,,
2026-09-27T07:55:00+00:00,dc-rack-a-py,,,,,,,9.21,,,,,,,,49.1,,,,False,,,,,,,,,,,,29.92,20.71,,,
2026-09-27T08:00:00+00:00,dc-rack-a-py,,,,,,,9.82,,,,,,,,48.6,,,,False,,,,,,,,,,,,30.64,20.82,,,
2026-09-27T08:05:00+00:00,dc-rack-a-py,,,,,,,9.75,,,,,,,,49.8,,,,False,,,,,,,,,,,,30.44,20.69,,,
2026-09-27T08:10:00+00:00,dc-rack-a-py,,,,,,,10.32,,,,,,,,48.8,,,,False,,,,,,,,,,,,31.04,20.72,,,
2026-09-27T08:15:00+00:00,dc-rack-a-py,,,,,,,9.36,,,,,,,,49.9,,,,False,,,,,,,,,,,,30.01,20.65,,,
2026-09-27T08:20:00+00:00,dc-rack-a-py,,,,,,,9.82,,,,,,,,50.0,,,,False,,,,,,,,,,,,30.41,20.59,,,
2026-09-27T08:25:00+00:00,dc-rack-a-py,,,,,,,9.85,,,,,,,,48.7,,,,False,,,,,,,,,,,,30.73,20.88,,,
2026-09-27T08:30:00+00:00,dc-rack-a-py,,,,,,,9.54,,,,,,,,49.7,,,,False,,,,,,,,,,,,30.61,21.07,,,
2026-09-27T08:35:00+00:00,dc-rack-a-py,,,,,,,9.48,,,,,,,,49.6,,,,False,,,,,,,,,,,,30.18,20.7,,,
2026-09-27T08:40:00+00:00,dc-rack-a-py,,,,,,,9.86,,,,,,,,49.6,,,,False,,,,,,,,,,,,30.38,20.52,,,
2026-09-27T08:45:00+00:00,dc-rack-a-py,,,,,,,9.45,,,,,,,,48.7,,,,False,,,,,,,,,,,,30.09,20.64,,,
2026-09-27T08:50:00+00:00,dc-rack-a-py,,,,,,,9.86,,,,,,,,50.7,,,,False,,,,,,,,,,,,30.41,20.55,,,
2026-09-27T08:55:00+00:00,dc-rack-a-py,,,,,,,9.69,,,,,,,,49.5,,,,False,,,,,,,,,,,,30.46,20.77,,,
2026-09-27T09:00:00+00:00,dc-rack-a-py,,,,,,,9.95,,,,,,,,50.0,,,,False,,,,,,,,,,,,30.61,20.66,,,
2026-09-27T09:05:00+00:00,dc-rack-a-py,,,,,,,9.99,,,,,,,,49.4,,,,False,,,,,,,,,,,,30.73,20.74,,,
2026-09-27T09:10:00+00:00,dc-rack-a-py,,,,,,,9.5,,,,,,,,50.4,,,,False,,,,,,,,,,,,30.25,20.75,,,
2026-09-27T09:15:00+00:00,dc-rack-a-py,,,,,,,9.42,,,,,,,,50.5,,,,False,,,,,,,,,,,,30.4,20.98,,,
2026-09-27T09:20:00+00:00,dc-rack-a-py,,,,,,,9.59,,,,,,,,50.3,,,,False,,,,,,,,,,,,30.37,20.78,,,
2026-09-27T09:25:00+00:00,dc-rack-a-py,,,,,,,10.02,,,,,,,,49.8,,,,False,,,,,,,,,,,,30.99,20.97,,,
2026-09-27T09:30:00+00:00,dc-rack-a-py,,,,,,,9.8,,,,,,,,50.4,,,,False,,,,,,,,,,,,30.73,20.93,,,
2026-09-27T09:35:00+00:00,dc-rack-a-py,,,,,,,10.06,,,,,,,,49.9,,,,False,,,,,,,,,,,,30.99,20.93,,,
2026-09-27T09:40:00+00:00,dc-rack-a-py,,,,,,,9.97,,,,,,,,49.3,,,,False,,,,,,,,,,,,30.87,20.9,,,
2026-09-27T09:45:00+00:00,dc-rack-a-py,,,,,,,9.78,,,,,,,,50.1,,,,False,,,,,,,,,,,,30.57,20.79,,,
2026-09-27T09:50:00+00:00,dc-rack-a-py,,,,,,,10.06,,,,,,,,50.8,,,,False,,,,,,,,,,,,31.05,20.99,,,
2026-09-27T09:55:00+00:00,dc-rack-a-py,,,,,,,10.05,,,,,,,,49.4,,,,False,,,,,,,,,,,,31.06,21.01,,,
2026-09-27T10:00:00+00:00,dc-rack-a-py,,,,,,,9.75,,,,,,,,50.3,,,,False,,,,,,,,,,,,30.93,21.18,,,
2026-09-27T10:05:00+00:00,dc-rack-a-py,,,,,,,10.16,,,,,,,,49.9,,,,False,,,,,,,,,,,,31.04,20.88,,,
2026-09-27T10:10:00+00:00,dc-rack-a-py,,,,,,,10.42,,,,,,,,49.1,,,,False,,,,,,,,,,,,31.39,20.97,,,
2026-09-27T10:15:00+00:00,dc-rack-a-py,,,,,,,9.85,,,,,,,,50.0,,,,False,,,,,,,,,,,,30.87,21.02,,,
2026-09-27T10:20:00+00:00,dc-rack-a-py,,,,,,,10.2,,,,,,,,49.3,,,,False,,,,,,,,,,,,31.15,20.95,,,
2026-09-27T10:25:00+00:00,dc-rack-a-py,,,,,,,9.92,,,,,,,,50.5,,,,False,,,,,,,,,,,,31.13,21.21,,,
2026-09-27T10:30:00+00:00,dc-rack-a-py,,,,,,,10.38,,,,,,,,50.2,,,,False,,,,,,,,,,,,31.63,21.25,,,
2026-09-27T10:35:00+00:00,dc-rack-a-py,,,,,,,10.47,,,,,,,,49.6,,,,False,,,,,,,,,,,,31.45,20.98,,,
2026-09-27T10:40:00+00:00,dc-rack-a-py,,,,,,,9.85,,,,,,,,50.3,,,,False,,,,,,,,,,,,30.93,21.08,,,
2026-09-27T10:45:00+00:00,dc-rack-a-py,,,,,,,9.52,,,,,,,,49.5,,,,False,,,,,,,,,,,,30.64,21.12,,,
2026-09-27T10:50:00+00:00,dc-rack-a-py,,,,,,,10.28,,,,,,,,49.6,,,,False,,,,,,,,,,,,31.45,21.17,,,
2026-09-27T10:55:00+00:00,dc-rack-a-py,,,,,,,9.97,,,,,,,,50.4,,,,False,,,,,,,,,,,,31.21,21.24,,,
2026-09-27T11:00:00+00:00,dc-rack-a-py,,,,,,,9.78,,,,,,,,50.5,,,,False,,,,,,,,,,,,31.09,21.31,,,
2026-09-27T11:05:00+00:00,dc-rack-a-py,,,,,,,10.26,,,,,,,,50.6,,,,False,,,,,,,,,,,,31.75,21.49,,,
2026-09-27T11:10:00+00:00,dc-rack-a-py,,,,,,,10.11,,,,,,,,50.2,,,,False,,,,,,,,,,,,31.33,21.22,,,
2026-09-27T11:15:00+00:00,dc-rack-a-py,,,,,,,9.96,,,,,,,,49.5,,,,False,,,,,,,,,,,,31.12,21.16,,,
2026-09-27T11:20:00+00:00,dc-rack-a-py,,,,,,,10.61,,,,,,,,49.2,,,,False,,,,,,,,,,,,31.92,21.31,,,
2026-09-27T11:25:00+00:00,dc-rack-a-py,,,,,,,10.33,,,,,,,,49.2,,,,False,,,,,,,,,,,,31.48,21.15,,,
2026-09-27T11:30:00+00:00,dc-rack-a-py,,,,,,,10.93,,,,,,,,50.7,,,,False,,,,,,,,,,,,32.38,21.45,,,
2026-09-27T11:35:00+00:00,dc-rack-a-py,,,,,,,11.06,,,,,,,,49.1,,,,False,,,,,,,,,,,,32.49,21.43,,,
2026-09-27T11:40:00+00:00,dc-rack-a-py,,,,,,,10.11,,,,,,,,49.7,,,,False,,,,,,,,,,,,31.38,21.27,,,
2026-09-27T11:45:00+00:00,dc-rack-a-py,,,,,,,10.5,,,,,,,,49.9,,,,False,,,,,,,,,,,,32.21,21.71,,,
2026-09-27T11:50:00+00:00,dc-rack-a-py,,,,,,,10.65,,,,,,,,49.6,,,,False,,,,,,,,,,,,32.5,21.85,,,
2026-09-27T11:55:00+00:00,dc-rack-a-py,,,,,,,10.86,,,,,,,,48.0,,,,False,,,,,,,,,,,,32.62,21.76,,,
2026-09-27T12:00:00+00:00,dc-rack-a-py,,,,,,,10.59,,,,,,,,49.4,,,,False,,,,,,,,,,,,32.22,21.63,,,
2026-09-27T12:05:00+00:00,dc-rack-a-py,,,,,,,10.91,,,,,,,,49.6,,,,False,,,,,,,,,,,,32.74,21.83,,,
2026-09-27T12:10:00+00:00,dc-rack-a-py,,,,,,,10.69,,,,,,,,49.2,,,,False,,,,,,,,,,,,32.5,21.81,,,
2026-09-27T12:15:00+00:00,dc-rack-a-py,,,,,,,10.22,,,,,,,,50.0,,,,False,,,,,,,,,,,,32.11,21.89,,,
2026-09-27T12:20:00+00:00,dc-rack-a-py,,,,,,,10.78,,,,,,,,49.4,,,,False,,,,,,,,,,,,32.37,21.59,,,
2026-09-27T12:25:00+00:00,dc-rack-a-py,,,,,,,10.93,,,,,,,,48.9,,,,False,,,,,,,,,,,,32.68,21.75,,,
2026-09-27T12:30:00+00:00,dc-rack-a-py,,,,,,,10.66,,,,,,,,48.8,,,,False,,,,,,,,,,,,32.73,22.07,,,
2026-09-27T12:35:00+00:00,dc-rack-a-py,,,,,,,11.06,,,,,,,,48.7,,,,False,,,,,,,,,,,,32.8,21.74,,,
2026-09-27T12:40:00+00:00,dc-rack-a-py,,,,,,,10.85,,,,,,,,49.0,,,,False,,,,,,,,,,,,32.64,21.79,,,
2026-09-27T12:45:00+00:00,dc-rack-a-py,,,,,,,10.94,,,,,,,,48.9,,,,False,,,,,,,,,,,,33.22,22.28,,,
2026-09-27T12:50:00+00:00,dc-rack-a-py,,,,,,,11.01,,,,,,,,49.8,,,,False,,,,,,,,,,,,32.9,21.89,,,
2026-09-27T12:55:00+00:00,dc-rack-a-py,,,,,,,10.96,,,,,,,,48.7,,,,False,,,,,,,,,,,,32.81,21.85,,,
2026-09-27T13:00:00+00:00,dc-rack-a-py,,,,,,,10.72,,,,,,,,48.5,,,,False,,,,,,,,,,,,32.67,21.95,,,
2026-09-27T13:05:00+00:00,dc-rack-a-py,,,,,,,11.16,,,,,,,,48.0,,,,False,,,,,,,,,,,,33.35,22.19,,,
2026-09-27T13:10:00+00:00,dc-rack-a-py,,,,,,,11.15,,,,,,,,48.4,,,,False,,,,,,,,,,,,33.15,22.0,,,
2026-09-27T13:15:00+00:00,dc-rack-a-py,,,,,,,11.98,,,,,,,,47.7,,,,False,,,,,,,,,,,,34.1,22.12,,,
2026-09-27T13:20:00+00:00,dc-rack-a-py,,,,,,,11.62,,,,,,,,48.5,,,,False,,,,,,,,,,,,33.81,22.19,,,
2026-09-27T13:25:00+00:00,dc-rack-a-py,,,,,,,11.87,,,,,,,,48.6,,,,False,,,,,,,,,,,,34.53,22.66,,,
2026-09-27T13:30:00+00:00,dc-rack-a-py,,,,,,,12.0,,,,,,,,47.2,,,,False,,,,,,,,,,,,34.13,22.13,,,
2026-09-27T13:35:00+00:00,dc-rack-a-py,,,,,,,11.14,,,,,,,,47.1,,,,False,,,,,,,,,,,,33.34,22.2,,,
2026-09-27T13:40:00+00:00,dc-rack-a-py,,,,,,,11.46,,,,,,,,47.3,,,,False,,,,,,,,,,,,33.86,22.4,,,
2026-09-27T13:45:00+00:00,dc-rack-a-py,,,,,,,11.92,,,,,,,,48.8,,,,False,,,,,,,,,,,,34.44,22.52,,,
2026-09-27T13:50:00+00:00,dc-rack-a-py,,,,,,,11.6,,,,,,,,47.2,,,,False,,,,,,,,,,,,33.97,22.37,,,
2026-09-27T13:55:00+00:00,dc-rack-a-py,,,,,,,11.88,,,,,,,,48.3,,,,False,,,,,,,,,,,,34.34,22.46,,,
2026-09-27T14:00:00+00:00,dc-rack-a-py,,,,,,,11.99,,,,,,,,47.4,,,,False,,,,,,,,,,,,34.47,22.48,,,
2026-09-27T14:05:00+00:00,dc-rack-a-py,,,,,,,11.77,,,,,,,,47.5,,,,False,,,,,,,,,,,,34.39,22.62,,,
2026-09-27T14:10:00+00:00,dc-rack-a-py,,,,,,,11.82,,,,,,,,47.8,,,,False,,,,,,,,,,,,34.41,22.59,,,
2026-09-27T14:15:00+00:00,dc-rack-a-py,,,,,,,11.59,,,,,,,,47.1,,,,False,,,,,,,,,,,,34.15,22.56,,,
2026-09-27T14:20:00+00:00,dc-rack-a-py,,,,,,,11.42,,,,,,,,47.3,,,,False,,,,,,,,,,,,34.06,22.64,,,
2026-09-27T14:25:00+00:00,dc-rack-a-py,,,,,,,11.95,,,,,,,,47.1,,,,False,,,,,,,,,,,,34.74,22.79,,,
2026-09-27T14:30:00+00:00,dc-rack-a-py,,,,,,,11.82,,,,,,,,47.4,,,,False,,,,,,,,,,,,34.62,22.8,,,
2026-09-27T14:35:00+00:00,dc-rack-a-py,,,,,,,11.69,,,,,,,,46.7,,,,False,,,,,,,,,,,,34.48,22.79,,,
2026-09-27T14:40:00+00:00,dc-rack-a-py,,,,,,,11.62,,,,,,,,47.2,,,,False,,,,,,,,,,,,34.43,22.81,,,
2026-09-27T14:45:00+00:00,dc-rack-a-py,,,,,,,12.38,,,,,,,,46.0,,,,False,,,,,,,,,,,,35.2,22.82,,,
2026-09-27T14:50:00+00:00,dc-rack-a-py,,,,,,,12.07,,,,,,,,46.7,,,,False,,,,,,,,,,,,34.76,22.69,,,
2026-09-27T14:55:00+00:00,dc-rack-a-py,,,,,,,11.47,,,,,,,,46.6,,,,False,,,,,,,,,,,,34.46,22.99,,,
2026-09-27T15:00:00+00:00,dc-rack-a-py,,,,,,,12.33,,,,,,,,46.5,,,,False,,,,,,,,,,,,35.5,23.17,,,
2026-09-27T15:05:00+00:00,dc-rack-a-py,,,,,,,12.53,,,,,,,,46.3,,,,False,,,,,,,,,,,,35.67,23.14,,,
2026-09-27T15:10:00+00:00,dc-rack-a-py,,,,,,,11.97,,,,,,,,46.3,,,,False,,,,,,,,,,,,35.02,23.05,,,
2026-09-27T15:15:00+00:00,dc-rack-a-py,,,,,,,12.7,,,,,,,,45.9,,,,False,,,,,,,,,,,,35.92,23.22,,,
2026-09-27T15:20:00+00:00,dc-rack-a-py,,,,,,,12.16,,,,,,,,44.4,,,,False,,,,,,,,,,,,35.31,23.15,,,
2026-09-27T15:25:00+00:00,dc-rack-a-py,,,,,,,12.02,,,,,,,,45.8,,,,False,,,,,,,,,,,,35.13,23.11,,,
2026-09-27T15:30:00+00:00,dc-rack-a-py,,,,,,,12.75,,,,,,,,45.9,,,,False,,,,,,,,,,,,36.04,23.29,,,
2026-09-27T15:35:00+00:00,dc-rack-a-py,,,,,,,12.38,,,,,,,,45.0,,,,False,,,,,,,,,,,,35.38,23.0,,,
2026-09-27T15:40:00+00:00,dc-rack-a-py,,,,,,,12.85,,,,,,,,44.9,,,,False,,,,,,,,,,,,35.99,23.14,,,
2026-09-27T15:45:00+00:00,dc-rack-a-py,,,,,,,12.68,,,,,,,,45.5,,,,False,,,,,,,,,,,,35.87,23.19,,,
2026-09-27T15:50:00+00:00,dc-rack-a-py,,,,,,,12.83,,,,,,,,45.1,,,,False,,,,,,,,,,,,35.79,22.96,,,
2026-09-27T15:55:00+00:00,dc-rack-a-py,,,,,,,12.54,,,,,,,,45.7,,,,False,,,,,,,,,,,,35.78,23.24,,,
2026-09-27T16:40:00+00:00,dc-rack-a-py,,,,,,,12.69,,,,,,,,44.7,,,,False,,,,,,,,,,,,36.54,23.85,,,
2026-09-27T16:45:00+00:00,dc-rack-a-py,,,,,,,13.07,,,,,,,,45.2,,,,False,,,,,,,,,,,,36.46,23.39,,,
2026-09-27T16:50:00+00:00,dc-rack-a-py,,,,,,,12.89,,,,,,,,43.9,,,,False,,,,,,,,,,,,36.44,23.55,,,
2026-09-27T16:55:00+00:00,dc-rack-a-py,,,,,,,12.45,,,,,,,,43.6,,,,False,,,,,,,,,,,,36.19,23.74,,,
2026-09-27T17:00:00+00:00,dc-rack-a-py,,,,,,,13.27,,,,,,,,43.6,,,,False,,,,,,,,,,,,37.1,23.83,,,
2026-09-27T17:05:00+00:00,dc-rack-a-py,,,,,,,13.53,,,,,,,,43.7,,,,False,,,,,,,,,,,,37.36,23.83,,,
2026-09-27T17:10:00+00:00,dc-rack-a-py,,,,,,,13.57,,,,,,,,43.4,,,,False,,,,,,,,,,,,37.46,23.89,,,
2026-09-27T17:15:00+00:00,dc-rack-a-py,,,,,,,13.07,,,,,,,,44.5,,,,False,,,,,,,,,,,,37.13,24.06,,,
2026-09-27T17:20:00+00:00,dc-rack-a-py,,,,,,,13.19,,,,,,,,44.1,,,,False,,,,,,,,,,,,36.71,23.52,,,
2026-09-27T17:25:00+00:00,dc-rack-a-py,,,,,,,13.35,,,,,,,,43.2,,,,False,,,,,,,,,,,,36.93,23.58,,,
2026-09-27T17:30:00+00:00,dc-rack-a-py,,,,,,,12.84,,,,,,,,42.9,,,,False,,,,,,,,,,,,36.56,23.72,,,
2026-09-27T17:35:00+00:00,dc-rack-a-py,,,,,,,13.49,,,,,,,,42.5,,,,False,,,,,,,,,,,,37.68,24.19,,,
2026-09-27T17:40:00+00:00,dc-rack-a-py,,,,,,,13.58,,,,,,,,43.3,,,,False,,,,,,,,,,,,37.7,24.12,,,
2026-09-27T17:45:00+00:00,dc-rack-a-py,,,,,,,13.23,,,,,,,,43.1,,,,False,,,,,,,,,,,,37.05,23.82,,,
2026-09-27T17:50:00+00:00,dc-rack-a-py,,,,,,,12.99,,,,,,,,42.8,,,,False,,,,,,,,,,,,36.56,23.57,,,
2026-09-27T17:55:00+00:00,dc-rack-a-py,,,,,,,12.95,,,,,,,,43.8,,,,False,,,,,,,,,,,,37.05,24.1,,,
2026-09-27T18:00:00+00:00,dc-rack-a-py,,,,,,,12.72,,,,,,,,43.2,,,,False,,,,,,,,,,,,36.89,24.17,,,
2026-09-27T18:05:00+00:00,dc-rack-a-py,,,,,,,13.81,,,,,,,,42.0,,,,False,,,,,,,,,,,,37.85,24.04,,,
2026-09-27T18:10:00+00:00,dc-rack-a-py,,,,,,,13.32,,,,,,,,42.7,,,,False,,,,,,,,,,,,37.43,24.11,,,
2026-09-27T18:15:00+00:00,dc-rack-a-py,,,,,,,13.92,,,,,,,,42.5,,,,False,,,,,,,,,,,,38.09,24.17,,,
2026-09-27T18:20:00+00:00,dc-rack-a-py,,,,,,,13.6,,,,,,,,41.1,,,,False,,,,,,,,,,,,37.84,24.24,,,
2026-09-27T18:25:00+00:00,dc-rack-a-py,,,,,,,13.28,,,,,,,,42.5,,,,False,,,,,,,,,,,,37.56,24.28,,,
2026-09-27T18:30:00+00:00,dc-rack-a-py,,,,,,,13.33,,,,,,,,41.4,,,,False,,,,,,,,,,,,37.54,24.21,,,
2026-09-27T18:35:00+00:00,dc-rack-a-py,,,,,,,13.05,,,,,,,,41.9,,,,False,,,,,,,,,,,,37.24,24.19,,,
2026-09-27T18:40:00+00:00,dc-rack-a-py,,,,,,,13.61,,,,,,,,42.5,,,,False,,,,,,,,,,,,37.57,23.96,,,
2026-09-27T18:45:00+00:00,dc-rack-a-py,,,,,,,13.9,,,,,,,,40.9,,,,False,,,,,,,,,,,,38.17,24.27,,,
2026-09-27T18:50:00+00:00,dc-rack-a-py,,,,,,,13.64,,,,,,,,41.3,,,,False,,,,,,,,,,,,37.81,24.17,,,
2026-09-27T18:55:00+00:00,dc-rack-a-py,,,,,,,13.79,,,,,,,,42.3,,,,False,,,,,,,,,,,,38.18,24.39,,,
2026-09-27T19:00:00+00:00,dc-rack-a-py,,,,,,,13.88,,,,,,,,41.3,,,,False,,,,,,,,,,,,38.29,24.41,,,
2026-09-27T19:05:00+00:00,dc-rack-a-py,,,,,,,13.99,,,,,,,,41.1,,,,False,,,,,,,,,,,,38.19,24.2,,,
2026-09-27T19:10:00+00:00,dc-rack-a-py,,,,,,,13.59,,,,,,,,41.0,,,,False,,,,,,,,,,,,37.71,24.12,,,
2026-09-27T19:15:00+00:00,dc-rack-a-py,,,,,,,13.16,,,,,,,,40.8,,,,False,,,,,,,,,,,,37.14,23.98,,,
2026-09-27T19:20:00+00:00,dc-rack-a-py,,,,,,,14.25,,,,,,,,41.5,,,,False,,,,,,,,,,,,38.8,24.55,,,
2026-09-27T19:25:00+00:00,dc-rack-a-py,,,,,,,13.67,,,,,,,,41.7,,,,False,,,,,,,,,,,,37.98,24.31,,,
2026-09-27T19:30:00+00:00,dc-rack-a-py,,,,,,,13.5,,,,,,,,41.7,,,,False,,,,,,,,,,,,37.9,24.4,,,
2026-09-27T19:35:00+00:00,dc-rack-a-py,,,,,,,13.9,,,,,,,,40.6,,,,False,,,,,,,,,,,,38.23,24.33,,,
2026-09-27T19:40:00+00:00,dc-rack-a-py,,,,,,,13.69,,,,,,,,40.5,,,,False,,,,,,,,,,,,37.79,24.1,,,
2026-09-27T19:45:00+00:00,dc-rack-a-py,,,,,,,13.68,,,,,,,,41.6,,,,False,,,,,,,,,,,,38.22,24.54,,,
2026-09-27T19:50:00+00:00,dc-rack-a-py,,,,,,,13.74,,,,,,,,40.7,,,,False,,,,,,,,,,,,37.89,24.15,,,
2026-09-27T19:55:00+00:00,dc-rack-a-py,,,,,,,13.8,,,,,,,,41.2,,,,False,,,,,,,,,,,,38.22,24.42,,,
2026-09-27T20:00:00+00:00,dc-rack-a-py,,,,,,,14.4,,,,,,,,41.1,,,,False,,,,,,,,,,,,38.6,24.2,,,
2026-09-27T20:05:00+00:00,dc-rack-a-py,,,,,,,13.37,,,,,,,,39.4,,,,False,,,,,,,,,,,,37.49,24.12,,,
2026-09-27T20:10:00+00:00,dc-rack-a-py,,,,,,,13.69,,,,,,,,39.9,,,,False,,,,,,,,,,,,38.01,24.32,,,
2026-09-27T20:15:00+00:00,dc-rack-a-py,,,,,,,13.29,,,,,,,,40.7,,,,False,,,,,,,,,,,,37.45,24.16,,,
2026-09-27T20:20:00+00:00,dc-rack-a-py,,,,,,,14.15,,,,,,,,40.6,,,,False,,,,,,,,,,,,38.22,24.07,,,
2026-09-27T20:25:00+00:00,dc-rack-a-py,,,,,,,13.59,,,,,,,,40.5,,,,False,,,,,,,,,,,,37.91,24.32,,,
2026-09-27T20:30:00+00:00,dc-rack-a-py,,,,,,,13.81,,,,,,,,40.4,,,,False,,,,,,,,,,,,38.12,24.31,,,
2026-09-27T20:35:00+00:00,dc-rack-a-py,,,,,,,13.01,,,,,,,,40.2,,,,False,,,,,,,,,,,,37.07,24.06,,,
2026-09-27T20:40:00+00:00,dc-rack-a-py,,,,,,,14.06,,,,,,,,40.6,,,,False,,,,,,,,,,,,38.44,24.38,,,
2026-09-27T20:45:00+00:00,dc-rack-a-py,,,,,,,13.36,,,,,,,,40.3,,,,False,,,,,,,,,,,,37.59,24.23,,,
2026-09-27T20:50:00+00:00,dc-rack-a-py,,,,,,,13.48,,,,,,,,40.5,,,,False,,,,,,,,,,,,37.77,24.29,,,
2026-09-27T20:55:00+00:00,dc-rack-a-py,,,,,,,13.69,,,,,,,,38.8,,,,False,,,,,,,,,,,,37.86,24.17,,,
2026-09-27T21:00:00+00:00,dc-rack-a-py,,,,,,,13.77,,,,,,,,40.2,,,,False,,,,,,,,,,,,37.87,24.1,,,
2026-09-27T21:05:00+00:00,dc-rack-a-py,,,,,,,13.36,,,,,,,,40.4,,,,False,,,,,,,,,,,,37.69,24.33,,,
2026-09-27T21:10:00+00:00,dc-rack-a-py,,,,,,,13.37,,,,,,,,39.4,,,,False,,,,,,,,,,,,37.74,24.37,,,
2026-09-27T21:15:00+00:00,dc-rack-a-py,,,,,,,13.72,,,,,,,,40.2,,,,False,,,,,,,,,,,,38.04,24.32,,,
2026-09-27T21:20:00+00:00,dc-rack-a-py,,,,,,,13.44,,,,,,,,39.8,,,,False,,,,,,,,,,,,37.61,24.17,,,
2026-09-27T21:25:00+00:00,dc-rack-a-py,,,,,,,13.51,,,,,,,,40.5,,,,False,,,,,,,,,,,,37.75,24.24,,,
2026-09-27T21:30:00+00:00,dc-rack-a-py,,,,,,,13.74,,,,,,,,40.8,,,,False,,,,,,,,,,,,37.87,24.13,,,
2026-09-27T21:35:00+00:00,dc-rack-a-py,,,,,,,13.6,,,,,,,,40.5,,,,False,,,,,,,,,,,,37.88,24.28,,,
2026-09-27T21:40:00+00:00,dc-rack-a-py,,,,,,,13.74,,,,,,,,39.1,,,,False,,,,,,,,,,,,38.2,24.46,,,
2026-09-27T21:45:00+00:00,dc-rack-a-py,,,,,,,14.15,,,,,,,,40.2,,,,False,,,,,,,,,,,,38.27,24.12,,,
2026-09-27T21:50:00+00:00,dc-rack-a-py,,,,,,,13.49,,,,,,,,39.7,,,,False,,,,,,,,,,,,37.43,23.94,,,
2026-09-27T21:55:00+00:00,dc-rack-a-py,,,,,,,13.12,,,,,,,,40.2,,,,False,,,,,,,,,,,,37.04,23.92,,,
2026-09-27T22:00:00+00:00,dc-rack-a-py,,,,,,,13.36,,,,,,,,39.9,,,,False,,,,,,,,,,,,37.34,23.98,,,
2026-09-27T22:05:00+00:00,dc-rack-a-py,,,,,,,12.69,,,,,,,,40.2,,,,False,,,,,,,,,,,,36.66,23.97,,,
2026-09-27T22:10:00+00:00,dc-rack-a-py,,,,,,,13.11,,,,,,,,40.0,,,,False,,,,,,,,,,,,37.36,24.25,,,
2026-09-27T22:15:00+00:00,dc-rack-a-py,,,,,,,14.06,,,,,,,,39.8,,,,False,,,,,,,,,,,,38.39,24.33,,,
2026-09-27T22:20:00+00:00,dc-rack-a-py,,,,,,,13.63,,,,,,,,41.1,,,,False,,,,,,,,,,,,37.41,23.78,,,
2026-09-27T22:25:00+00:00,dc-rack-a-py,,,,,,,13.19,,,,,,,,40.4,,,,False,,,,,,,,,,,,37.2,24.01,,,
2026-09-27T22:30:00+00:00,dc-rack-a-py,,,,,,,13.11,,,,,,,,40.0,,,,False,,,,,,,,,,,,37.21,24.1,,,
2026-09-27T22:35:00+00:00,dc-rack-a-py,,,,,,,13.05,,,,,,,,39.8,,,,False,,,,,,,,,,,,36.91,23.86,,,
2026-09-27T22:40:00+00:00,dc-rack-a-py,,,,,,,13.1,,,,,,,,40.2,,,,False,,,,,,,,,,,,36.99,23.89,,,
2026-09-27T22:45:00+00:00,dc-rack-a-py,,,,,,,13.56,,,,,,,,40.3,,,,False,,,,,,,,,,,,37.46,23.9,,,
2026-09-27T22:50:00+00:00,dc-rack-a-py,,,,,,,12.74,,,,,,,,40.2,,,,False,,,,,,,,,,,,36.58,23.84,,,
2026-09-27T22:55:00+00:00,dc-rack-a-py,,,,,,,12.95,,,,,,,,40.2,,,,False,,,,,,,,,,,,36.77,23.82,,,
2026-09-27T23:00:00+00:00,dc-rack-a-py,,,,,,,13.17,,,,,,,,40.4,,,,False,,,,,,,,,,,,37.16,23.99,,,
2026-09-27T23:05:00+00:00,dc-rack-a-py,,,,,,,13.35,,,,,,,,40.1,,,,False,,,,,,,,,,,,37.08,23.73,,,
2026-09-27T23:10:00+00:00,dc-rack-a-py,,,,,,,12.95,,,,,,,,40.3,,,,False,,,,,,,,,,,,36.5,23.55,,,
2026-09-27T23:15:00+00:00,dc-rack-a-py,,,,,,,13.13,,,,,,,,39.3,,,,False,,,,,,,,,,,,36.85,23.72,,,
2026-09-27T23:20:00+00:00,dc-rack-a-py,,,,,,,12.65,,,,,,,,40.6,,,,False,,,,,,,,,,,,36.37,23.72,,,
2026-09-27T23:25:00+00:00,dc-rack-a-py,,,,,,,12.98,,,,,,,,40.7,,,,False,,,,,,,,,,,,36.53,23.55,,,
2026-09-27T23:30:00+00:00,dc-rack-a-py,,,,,,,12.69,,,,,,,,39.3,,,,False,,,,,,,,,,,,36.44,23.75,,,
2026-09-27T23:35:00+00:00,dc-rack-a-py,,,,,,,13.29,,,,,,,,40.4,,,,False,,,,,,,,,,,,36.66,23.37,,,
2026-09-27T23:40:00+00:00,dc-rack-a-py,,,,,,,12.34,,,,,,,,41.2,,,,False,,,,,,,,,,,,36.02,23.68,,,
2026-09-27T23:45:00+00:00,dc-rack-a-py,,,,,,,13.16,,,,,,,,40.3,,,,False,,,,,,,,,,,,36.46,23.3,,,
2026-09-27T23:50:00+00:00,dc-rack-a-py,,,,,,,12.33,,,,,,,,40.3,,,,False,,,,,,,,,,,,35.67,23.34,,,
2026-09-27T23:55:00+00:00,dc-rack-a-py,,,,,,,12.7,,,,,,,,40.5,,,,False,,,,,,,,,,,,36.2,23.5,,,
2026-09-28T00:00:00+00:00,dc-rack-a-py,,,,,,,12.41,,,,,,,,41.1,,,,False,,,,,,,,,,,,35.9,23.49,,,
2026-09-28T00:05:00+00:00,dc-rack-a-py,,,,,,,12.92,,,,,,,,40.6,,,,False,,,,,,,,,,,,36.31,23.39,,,
2026-09-28T00:10:00+00:00,dc-rack-a-py,,,,,,,12.53,,,,,,,,40.2,,,,False,,,,,,,,,,,,36.05,23.52,,,
2026-09-28T00:15:00+00:00,dc-rack-a-py,,,,,,,12.63,,,,,,,,40.7,,,,False,,,,,,,,,,,,36.13,23.5,,,
2026-09-28T00:20:00+00:00,dc-rack-a-py,,,,,,,12.35,,,,,,,,40.7,,,,False,,,,,,,,,,,,35.68,23.33,,,
2026-09-28T00:25:00+00:00,dc-rack-a-py,,,,,,,11.75,,,,,,,,41.4,,,,False,,,,,,,,,,,,35.21,23.46,,,
2026-09-28T00:30:00+00:00,dc-rack-a-py,,,,,,,12.89,,,,,,,,41.2,,,,False,,,,,,,,,,,,36.14,23.25,,,
2026-09-28T00:35:00+00:00,dc-rack-a-py,,,,,,,12.14,,,,,,,,40.8,,,,False,,,,,,,,,,,,35.12,22.98,,,
2026-09-28T00:40:00+00:00,dc-rack-a-py,,,,,,,11.89,,,,,,,,40.5,,,,False,,,,,,,,,,,,35.01,23.12,,,
2026-09-28T00:45:00+00:00,dc-rack-a-py,,,,,,,12.48,,,,,,,,41.4,,,,False,,,,,,,,,,,,35.52,23.04,,,
2026-09-28T00:50:00+00:00,dc-rack-a-py,,,,,,,12.21,,,,,,,,41.5,,,,False,,,,,,,,,,,,35.44,23.23,,,
2026-09-28T00:55:00+00:00,dc-rack-a-py,,,,,,,11.83,,,,,,,,41.1,,,,False,,,,,,,,,,,,34.74,22.91,,,
2026-09-28T01:00:00+00:00,dc-rack-a-py,,,,,,,12.57,,,,,,,,40.8,,,,False,,,,,,,,,,,,35.55,22.98,,,
2026-09-28T01:05:00+00:00,dc-rack-a-py,,,,,,,11.89,,,,,,,,40.7,,,,False,,,,,,,,,,,,34.9,23.01,,,
2026-09-28T01:10:00+00:00,dc-rack-a-py,,,,,,,11.76,,,,,,,,41.2,,,,False,,,,,,,,,,,,34.56,22.8,,,
2026-09-28T01:15:00+00:00,dc-rack-a-py,,,,,,,12.01,,,,,,,,42.2,,,,False,,,,,,,,,,,,34.74,22.73,,,
2026-09-28T01:20:00+00:00,dc-rack-a-py,,,,,,,12.45,,,,,,,,41.6,,,,False,,,,,,,,,,,,35.48,23.03,,,
2026-09-28T01:25:00+00:00,dc-rack-a-py,,,,,,,11.78,,,,,,,,41.4,,,,False,,,,,,,,,,,,34.57,22.79,,,
2026-09-28T01:30:00+00:00,dc-rack-a-py,,,,,,,11.41,,,,,,,,42.0,,,,False,,,,,,,,,,,,34.21,22.8,,,
2026-09-28T01:35:00+00:00,dc-rack-a-py,,,,,,,11.63,,,,,,,,41.8,,,,False,,,,,,,,,,,,34.38,22.75,,,
2026-09-28T01:40:00+00:00,dc-rack-a-py,,,,,,,12.19,,,,,,,,42.5,,,,False,,,,,,,,,,,,34.68,22.49,,,
2026-09-28T01:45:00+00:00,dc-rack-a-py,,,,,,,11.9,,,,,,,,41.7,,,,False,,,,,,,,,,,,34.62,22.72,,,
2026-09-28T01:50:00+00:00,dc-rack-a-py,,,,,,,11.79,,,,,,,,42.8,,,,False,,,,,,,,,,,,34.4,22.61,,,
2026-09-28T01:55:00+00:00,dc-rack-a-py,,,,,,,11.2,,,,,,,,42.0,,,,False,,,,,,,,,,,,33.58,22.38,,,
2026-09-28T02:00:00+00:00,dc-rack-a-py,,,,,,,11.54,,,,,,,,43.1,,,,False,,,,,,,,,,,,34.16,22.62,,,
2026-09-28T02:05:00+00:00,dc-rack-a-py,,,,,,,11.3,,,,,,,,42.5,,,,False,,,,,,,,,,,,33.76,22.46,,,
2026-09-28T02:10:00+00:00,dc-rack-a-py,,,,,,,12.11,,,,,,,,43.1,,,,False,,,,,,,,,,,,34.1,21.99,,,
2026-09-28T02:15:00+00:00,dc-rack-a-py,,,,,,,12.48,,,,,,,,43.1,,,,False,,,,,,,,,,,,34.73,22.25,,,
2026-09-28T02:20:00+00:00,dc-rack-a-py,,,,,,,12.51,,,,,,,,43.0,,,,False,,,,,,,,,,,,34.7,22.19,,,
2026-09-28T02:25:00+00:00,dc-rack-a-py,,,,,,,11.94,,,,,,,,43.0,,,,False,,,,,,,,,,,,34.28,22.34,,,
2026-09-28T02:30:00+00:00,dc-rack-a-py,,,,,,,11.46,,,,,,,,42.5,,,,False,,,,,,,,,,,,33.61,22.15,,,
2026-09-28T02:35:00+00:00,dc-rack-a-py,,,,,,,11.59,,,,,,,,42.2,,,,False,,,,,,,,,,,,34.11,22.52,,,
2026-09-28T02:40:00+00:00,dc-rack-a-py,,,,,,,10.99,,,,,,,,42.7,,,,False,,,,,,,,,,,,33.11,22.12,,,
2026-09-28T02:45:00+00:00,dc-rack-a-py,,,,,,,11.13,,,,,,,,42.6,,,,False,,,,,,,,,,,,33.25,22.12,,,
2026-09-28T02:50:00+00:00,dc-rack-a-py,,,,,,,10.85,,,,,,,,43.8,,,,False,,,,,,,,,,,,33.12,22.27,,,
2026-09-28T02:55:00+00:00,dc-rack-a-py,,,,,,,11.8,,,,,,,,43.9,,,,False,,,,,,,,,,,,33.96,22.16,,,
2026-09-28T03:00:00+00:00,dc-rack-a-py,,,,,,,11.26,,,,,,,,43.9,,,,False,,,,,,,,,,,,33.32,22.06,,,
2026-09-28T03:05:00+00:00,dc-rack-a-py,,,,,,,11.23,,,,,,,,45.2,,,,False,,,,,,,,,,,,33.13,21.9,,,
2026-09-28T03:10:00+00:00,dc-rack-a-py,,,,,,,11.37,,,,,,,,43.5,,,,False,,,,,,,,,,,,33.38,22.01,,,
2026-09-28T03:15:00+00:00,dc-rack-a-py,,,,,,,11.47,,,,,,,,44.2,,,,False,,,,,,,,,,,,33.48,22.01,,,
2026-09-28T03:20:00+00:00,dc-rack-a-py,,,,,,,11.0,,,,,,,,43.5,,,,False,,,,,,,,,,,,33.0,22.0,,,
2026-09-28T03:25:00+00:00,dc-rack-a-py,,,,,,,11.19,,,,,,,,44.5,,,,False,,,,,,,,,,,,33.26,22.07,,,
2026-09-28T03:30:00+00:00,dc-rack-a-py,,,,,,,10.81,,,,,,,,44.7,,,,False,,,,,,,,,,,,32.61,21.8,,,
2026-09-28T03:35:00+00:00,dc-rack-a-py,,,,,,,10.88,,,,,,,,43.2,,,,False,,,,,,,,,,,,32.63,21.75,,,
2026-09-28T03:40:00+00:00,dc-rack-a-py,,,,,,,11.08,,,,,,,,44.2,,,,False,,,,,,,,,,,,32.77,21.69,,,
2026-09-28T03:45:00+00:00,dc-rack-a-py,,,,,,,10.79,,,,,,,,44.6,,,,False,,,,,,,,,,,,32.57,21.78,,,
2026-09-28T03:50:00+00:00,dc-rack-a-py,,,,,,,10.66,,,,,,,,44.9,,,,False,,,,,,,,,,,,32.7,22.04,,,
2026-09-28T03:55:00+00:00,dc-rack-a-py,,,,,,,10.48,,,,,,,,45.1,,,,False,,,,,,,,,,,,31.72,21.24,,,
2026-09-28T04:00:00+00:00,dc-rack-a-py,,,,,,,11.01,,,,,,,,45.0,,,,False,,,,,,,,,,,,32.53,21.52,,,
2026-09-28T04:05:00+00:00,dc-rack-a-py,,,,,,,10.81,,,,,,,,45.0,,,,False,,,,,,,,,,,,32.71,21.9,,,
2026-09-28T04:10:00+00:00,dc-rack-a-py,,,,,,,10.28,,,,,,,,45.0,,,,False,,,,,,,,,,,,31.86,21.58,,,
2026-09-28T04:15:00+00:00,dc-rack-a-py,,,,,,,10.92,,,,,,,,44.9,,,,False,,,,,,,,,,,,32.42,21.5,,,
2026-09-28T04:20:00+00:00,dc-rack-a-py,,,,,,,10.13,,,,,,,,46.0,,,,False,,,,,,,,,,,,31.29,21.16,,,
2026-09-28T04:25:00+00:00,dc-rack-a-py,,,,,,,10.39,,,,,,,,45.6,,,,False,,,,,,,,,,,,31.89,21.5,,,
2026-09-28T04:30:00+00:00,dc-rack-a-py,,,,,,,10.04,,,,,,,,45.8,,,,False,,,,,,,,,,,,31.26,21.22,,,
2026-09-28T04:35:00+00:00,dc-rack-a-py,,,,,,,9.95,,,,,,,,45.9,,,,False,,,,,,,,,,,,31.49,21.54,,,
2026-09-28T04:40:00+00:00,dc-rack-a-py,,,,,,,10.52,,,,,,,,46.0,,,,False,,,,,,,,,,,,31.59,21.07,,,
2026-09-28T04:45:00+00:00,dc-rack-a-py,,,,,,,9.75,,,,,,,,45.3,,,,False,,,,,,,,,,,,31.0,21.25,,,
2026-09-28T04:50:00+00:00,dc-rack-a-py,,,,,,,10.04,,,,,,,,46.2,,,,False,,,,,,,,,,,,31.28,21.24,,,
2026-09-28T04:55:00+00:00,dc-rack-a-py,,,,,,,10.11,,,,,,,,45.7,,,,False,,,,,,,,,,,,31.49,21.38,,,
2026-09-21T05:00:00+00:00,dc-aisle-cold-pyws,,,,,,,,7.9,0.69,,,,,,46.8,,,,,,,,,,,,,,,19.59,,,,,
2026-09-21T05:05:00+00:00,dc-aisle-cold-pyws,,,,,,,,7.99,4.03,,,,,,46.6,,,,,,,,,,,,,,,19.76,,,,,
2026-09-21T05:10:00+00:00,dc-aisle-cold-pyws,,,,,,,,8.27,4.1,,,,,,47.5,,,,,,,,,,,,,,,19.75,,,,,
2026-09-21T05:15:00+00:00,dc-aisle-cold-pyws,,,,,,,,8.17,4.32,,,,,,47.5,,,,,,,,,,,,,,,19.65,,,,,
2026-09-21T05:20:00+00:00,dc-aisle-cold-pyws,,,,,,,,8.24,3.87,,,,,,47.9,,,,,,,,,,,,,,,19.59,,,,,
2026-09-21T05:25:00+00:00,dc-aisle-cold-pyws,,,,,,,,8.17,4.47,,,,,,47.5,,,,,,,,,,,,,,,19.65,,,,,
2026-09-21T05:30:00+00:00,dc-aisle-cold-pyws,,,,,,,,8.12,4.78,,,,,,47.9,,,,,,,,,,,,,,,19.46,,,,,
2026-09-21T05:35:00+00:00,dc-aisle-cold-pyws,,,,,,,,7.92,4.31,,,,,,47.0,,,,,,,,,,,,,,,19.54,,,,,
2026-09-21T05:40:00+00:00,dc-aisle-cold-pyws,,,,,,,,8.16,4.17,,,,,,48.0,,,,,,,,,,,,,,,19.47,,,,,
2026-09-21T05:45:00+00:00,dc-aisle-cold-pyws,,,,,,,,8.27,3.95,,,,,,48.0,,,,,,,,,,,,,,,19.58,,,,,
2026-09-21T05:50:00+00:00,dc-aisle-cold-pyws,,,,,,,,8.33,4.39,,,,,,48.2,,,,,,,,,,,,,,,19.58,,,,,
2026-09-21T05:55:00+00:00,dc-aisle-cold-pyws,,,,,,,,8.16,4.42,,,,,,47.9,,,,,,,,,,,,,,,19.5,,,,,
2026-09-21T06:00:00+00:00,dc-aisle-cold-pyws,,,,,,,,7.79,3.86,,,,,,47.5,,,,,,,,,,,,,,,19.23,,,,,
2026-09-21T06:05:00+00:00,dc-aisle-cold-pyws,,,,,,,,8.21,4.43,,,,,,47.9,,,,,,,,,,,,,,,19.55,,,,,
2026-09-21T06:10:00+00:00,dc-aisle-cold-pyws,,,,,,,,8.42,3.77,,,,,,48.4,,,,,,,,,,,,,,,19.62,,,,,
2026-09-21T06:15:00+00:00,dc-aisle-cold-pyws,,,,,,,,7.99,4.5,,,,,,48.2,,,,,,,,,,,,,,,19.21,,,,,
2026-09-21T06:20:00+00:00,dc-aisle-cold-pyws,,,,,,,,8.0,4.24,,,,,,48.1,,,,,,,,,,,,,,,19.26,,,,,
2026-09-21T06:25:00+00:00,dc-aisle-cold-pyws,,,,,,,,8.14,4.7,,,,,,48.4,,,,,,,,,,,,,,,19.31,,,,,
2026-09-21T06:30:00+00:00,dc-aisle-cold-pyws,,,,,,,,8.13,4.74,,,,,,48.0,,,,,,,,,,,,,,,19.43,,,,,
2026-09-21T06:35:00+00:00,dc-aisle-cold-pyws,,,,,,,,8.45,4.24,,,,,,49.0,,,,,,,,,,,,,,,19.45,,,,,
2026-09-21T06:40:00+00:00,dc-aisle-cold-pyws,,,,,,,,8.32,4.11,,,,,,48.5,,,,,,,,,,,,,,,19.47,,,,,
2026-09-21T06:45:00+00:00,dc-aisle-cold-pyws,,,,,,,,8.13,3.82,,,,,,48.3,,,,,,,,,,,,,,,19.33,,,,,
2026-09-21T06:50:00+00:00,dc-aisle-cold-pyws,,,,,,,,8.35,3.89,,,,,,49.0,,,,,,,,,,,,,,,19.34,,,,,
2026-09-21T06:55:00+00:00,dc-aisle-cold-pyws,,,,,,,,8.46,3.7,,,,,,49.4,,,,,,,,,,,,,,,19.33,,,,,
2026-09-21T07:00:00+00:00,dc-aisle-cold-pyws,,,,,,,,8.18,4.74,,,,,,48.7,,,,,,,,,,,,,,,19.25,,,,,
2026-09-21T07:05:00+00:00,dc-aisle-cold-pyws,,,,,,,,8.19,4.75,,,,,,48.7,,,,,,,,,,,,,,,19.27,,,,,
2026-09-21T07:10:00+00:00,dc-aisle-cold-pyws,,,,,,,,8.15,4.41,,,,,,48.3,,,,,,,,,,,,,,,19.35,,,,,
2026-09-21T07:15:00+00:00,dc-aisle-cold-pyws,,,,,,,,8.39,4.47,,,,,,48.8,,,,,,,,,,,,,,,19.45,,,,,
2026-09-21T07:20:00+00:00,dc-aisle-cold-pyws,,,,,,,,7.99,4.58,,,,,,48.0,,,,,,,,,,,,,,,19.28,,,,,
2026-09-21T07:25:00+00:00,dc-aisle-cold-pyws,,,,,,,,8.01,4.22,,,,,,48.1,,,,,,,,,,,,,,,19.27,,,,,
2026-09-21T07:30:00+00:00,dc-aisle-cold-pyws,,,,,,,,8.37,4.26,,,,,,48.9,,,,,,,,,,,,,,,19.39,,,,,
2026-09-21T07:35:00+00:00,dc-aisle-cold-pyws,,,,,,,,8.33,4.44,,,,,,48.9,,,,,,,,,,,,,,,19.35,,,,,
2026-09-21T07:40:00+00:00,dc-aisle-cold-pyws,,,,,,,,8.67,4.44,,,,,,50.2,,,,,,,,,,,,,,,19.3,,,,,
2026-09-21T07:45:00+00:00,dc-aisle-cold-pyws,,,,,,,,8.46,4.43,,,,,,49.4,,,,,,,,,,,,,,,19.33,,,,,
2026-09-21T07:50:00+00:00,dc-aisle-cold-pyws,,,,,,,,8.67,4.34,,,,,,49.6,,,,,,,,,,,,,,,19.49,,,,,
2026-09-21T07:55:00+00:00,dc-aisle-cold-pyws,,,,,,,,8.34,4.11,,,,,,49.1,,,,,,,,,,,,,,,19.3,,,,,
2026-09-21T08:40:00+00:00,dc-aisle-cold-pyws,,,,,,,,8.51,4.58,,,,,,49.4,,,,,,,,,,,,,,,19.38,,,,,
2026-09-21T08:45:00+00:00,dc-aisle-cold-pyws,,,,,,,,8.63,4.18,,,,,,49.8,,,,,,,,,,,,,,,19.38,,,,,
2026-09-21T08:50:00+00:00,dc-aisle-cold-pyws,,,,,,,,8.26,4.5,,,,,,49.6,,,,,,,,,,,,,,,19.05,,,,,
2026-09-21T08:55:00+00:00,dc-aisle-cold-pyws,,,,,,,,8.6,3.89,,,,,,49.8,,,,,,,,,,,,,,,19.35,,,,,
2026-09-21T09:00:00+00:00,dc-aisle-cold-pyws,,,,,,,,8.58,4.14,,,,,,49.2,,,,,,,,,,,,,,,19.53,,,,,
2026-09-21T09:05:00+00:00,dc-aisle-cold-pyws,,,,,,,,8.54,4.3,,,,,,49.9,,,,,,,,,,,,,,,19.25,,,,,
2026-09-21T09:10:00+00:00,dc-aisle-cold-pyws,,,,,,,,8.65,4.05,,,,,,50.0,,,,,,,,,,,,,,,19.34,,,,,
2026-09-21T09:15:00+00:00,dc-aisle-cold-pyws,,,,,,,,8.7,4.06,,,,,,50.4,,,,,,,,,,,,,,,19.27,,,,,
2026-09-21T09:20:00+00:00,dc-aisle-cold-pyws,,,,,,,,8.75,3.96,,,,,,50.7,,,,,,,,,,,,,,,19.23,,,,,
2026-09-21T09:25:00+00:00,dc-aisle-cold-pyws,,,,,,,,8.6,3.8,,,,,,49.9,,,,,,,,,,,,,,,19.32,,,,,
2026-09-21T09:30:00+00:00,dc-aisle-cold-pyws,,,,,,,,8.85,0.11,,,,,,50.2,,,,,,,,,,,,,,,19.49,,,,,
2026-09-21T09:35:00+00:00,dc-aisle-cold-pyws,,,,,,,,8.61,4.36,,,,,,49.8,,,,,,,,,,,,,,,19.36,,,,,
2026-09-21T09:40:00+00:00,dc-aisle-cold-pyws,,,,,,,,8.79,4.06,,,,,,50.1,,,,,,,,,,,,,,,19.46,,,,,
2026-09-21T09:45:00+00:00,dc-aisle-cold-pyws,,,,,,,,8.54,4.35,,,,,,49.6,,,,,,,,,,,,,,,19.35,,,,,
2026-09-21T09:50:00+00:00,dc-aisle-cold-pyws,,,,,,,,8.66,4.01,,,,,,49.5,,,,,,,,,,,,,,,19.52,,,,,
2026-09-21T09:55:00+00:00,dc-aisle-cold-pyws,,,,,,,,8.77,4.61,,,,,,50.2,,,,,,,,,,,,,,,19.41,,,,,
2026-09-21T10:00:00+00:00,dc-aisle-cold-pyws,,,,,,,,8.75,4.45,,,,,,49.8,,,,,,,,,,,,,,,19.52,,,,,
2026-09-21T10:05:00+00:00,dc-aisle-cold-pyws,,,,,,,,8.45,0.85,,,,,,49.3,,,,,,,,,,,,,,,19.35,,,,,
2026-09-21T10:10:00+00:00,dc-aisle-cold-pyws,,,,,,,,8.61,4.25,,,,,,49.4,,,,,,,,,,,,,,,19.49,,,,,
2026-09-21T10:15:00+00:00,dc-aisle-cold-pyws,,,,,,,,8.63,1.4,,,,,,49.4,,,,,,,,,,,,,,,19.52,,,,,
2026-09-21T10:20:00+00:00,dc-aisle-cold-pyws,,,,,,,,8.5,4.01,,,,,,49.4,,,,,,,,,,,,,,,19.37,,,,,
2026-09-21T10:25:00+00:00,dc-aisle-cold-pyws,,,,,,,,9.09,4.39,,,,,,50.3,,,,,,,,,,,,,,,19.72,,,,,
2026-09-21T10:30:00+00:00,dc-aisle-cold-pyws,,,,,,,,8.94,5.08,,,,,,49.9,,,,,,,,,,,,,,,19.69,,,,,
2026-09-21T10:35:00+00:00,dc-aisle-cold-pyws,,,,,,,,9.02,4.2,,,,,,50.5,,,,,,,,,,,,,,,19.58,,,,,
2026-09-21T10:40:00+00:00,dc-aisle-cold-pyws,,,,,,,,9.01,3.82,,,,,,50.2,,,,,,,,,,,,,,,19.67,,,,,
2026-09-21T10:45:00+00:00,dc-aisle-cold-pyws,,,,,,,,8.84,3.28,,,,,,49.6,,,,,,,,,,,,,,,19.68,,,,,
2026-09-21T10:50:00+00:00,dc-aisle-cold-pyws,,,,,,,,9.08,3.71,,,,,,49.9,,,,,,,,,,,,,,,19.84,,,,,
2026-09-21T10:55:00+00:00,dc-aisle-cold-pyws,,,,,,,,8.74,4.22,,,,,,49.5,,,,,,,,,,,,,,,19.6,,,,,
2026-09-21T11:00:00+00:00,dc-aisle-cold-pyws,,,,,,,,8.75,4.25,,,,,,49.7,,,,,,,,,,,,,,,19.55,,,,,
2026-09-21T11:05:00+00:00,dc-aisle-cold-pyws,,,,,,,,8.9,4.86,,,,,,49.6,,,,,,,,,,,,,,,19.74,,,,,
2026-09-21T11:10:00+00:00,dc-aisle-cold-pyws,,,,,,,,9.15,3.95,,,,,,50.0,,,,,,,,,,,,,,,19.89,,,,,
2026-09-21T11:15:00+00:00,dc-aisle-cold-pyws,,,,,,,,9.12,4.85,,,,,,49.9,,,,,,,,,,,,,,,19.89,,,,,
2026-09-21T11:20:00+00:00,dc-aisle-cold-pyws,,,,,,,,8.82,4.26,,,,,,49.7,,,,,,,,,,,,,,,19.62,,,,,
2026-09-21T11:25:00+00:00,dc-aisle-cold-pyws,,,,,,,,8.94,4.72,,,,,,49.7,,,,,,,,,,,,,,,19.75,,,,,
2026-09-21T11:30:00+00:00,dc-aisle-cold-pyws,,,,,,,,8.97,4.08,,,,,,49.5,,,,,,,,,,,,,,,19.85,,,,,
2026-09-21T11:35:00+00:00,dc-aisle-cold-pyws,,,,,,,,9.18,4.67,,,,,,49.7,,,,,,,,,,,,,,,20.02,,,,,
2026-09-21T11:40:00+00:00,dc-aisle-cold-pyws,,,,,,,,8.99,4.63,,,,,,49.5,,,,,,,,,,,,,,,19.87,,,,,
2026-09-21T11:45:00+00:00,dc-aisle-cold-pyws,,,,,,,,9.2,3.94,,,,,,49.8,,,,,,,,,,,,,,,20.01,,,,,
2026-09-21T11:50:00+00:00,dc-aisle-cold-pyws,,,,,,,,9.0,4.22,,,,,,49.4,,,,,,,,,,,,,,,19.92,,,,,
2026-09-21T11:55:00+00:00,dc-aisle-cold-pyws,,,,,,,,9.03,4.15,,,,,,49.3,,,,,,,,,,,,,,,19.98,,,,,
2026-09-21T12:00:00+00:00,dc-aisle-cold-pyws,,,,,,,,8.96,3.95,,,,,,49.4,,,,,,,,,,,,,,,19.87,,,,,
2026-09-21T12:05:00+00:00,dc-aisle-cold-pyws,,,,,,,,9.07,4.34,,,,,,49.8,,,,,,,,,,,,,,,19.86,,,,,
2026-09-21T12:10:00+00:00,dc-aisle-cold-pyws,,,,,,,,8.94,4.02,,,,,,49.0,,,,,,,,,,,,,,,19.98,,,,,
2026-09-21T12:15:00+00:00,dc-aisle-cold-pyws,,,,,,,,9.03,4.0,,,,,,49.5,,,,,,,,,,,,,,,19.92,,,,,
2026-09-21T12:20:00+00:00,dc-aisle-cold-pyws,,,,,,,,8.89,4.3,,,,,,49.0,,,,,,,,,,,,,,,19.93,,,,,
2026-09-21T12:25:00+00:00,dc-aisle-cold-pyws,,,,,,,,9.17,3.45,,,,,,49.6,,,,,,,,,,,,,,,20.04,,,,,
2026-09-21T12:30:00+00:00,dc-aisle-cold-pyws,,,,,,,,9.24,3.57,,,,,,49.7,,,,,,,,,,,,,,,20.08,,,,,
2026-09-21T12:35:00+00:00,dc-aisle-cold-pyws,,,,,,,,9.36,4.1,,,,,,49.8,,,,,,,,,,,,,,,20.18,,,,,
2026-09-21T12:40:00+00:00,dc-aisle-cold-pyws,,,,,,,,9.41,4.26,,,,,,49.7,,,,,,,,,,,,,,,20.27,,,,,
2026-09-21T12:45:00+00:00,dc-aisle-cold-pyws,,,,,,,,9.06,4.29,,,,,,49.4,,,,,,,,,,,,,,,19.98,,,,,
2026-09-21T12:50:00+00:00,dc-aisle-cold-pyws,,,,,,,,9.1,4.05,,,,,,49.3,,,,,,,,,,,,,,,20.06,,,,,
2026-09-21T12:55:00+00:00,dc-aisle-cold-pyws,,,,,,,,8.85,4.69,,,,,,48.1,,,,,,,,,,,,,,,20.18,,,,,
2026-09-21T13:00:00+00:00,dc-aisle-cold-pyws,,,,,,,,8.93,3.67,,,,,,48.4,,,,,,,,,,,,,,,20.17,,,,,
2026-09-21T13:05:00+00:00,dc-aisle-cold-pyws,,,,,,,,8.97,4.89,,,,,,48.9,,,,,,,,,,,,,,,20.05,,,,,
2026-09-21T13:10:00+00:00,dc-aisle-cold-pyws,,,,,,,,9.26,4.03,,,,,,49.0,,,,,,,,,,,,,,,20.33,,,,,
2026-09-21T13:15:00+00:00,dc-aisle-cold-pyws,,,,,,,,9.24,4.68,,,,,,48.8,,,,,,,,,,,,,,,20.38,,,,,
2026-09-21T13:20:00+00:00,dc-aisle-cold-pyws,,,,,,,,8.95,4.28,,,,,,48.2,,,,,,,,,,,,,,,20.26,,,,,
2026-09-21T13:25:00+00:00,dc-aisle-cold-pyws,,,,,,,,9.0,4.09,,,,,,48.2,,,,,,,,,,,,,,,20.32,,,,,
2026-09-21T13:30:00+00:00,dc-aisle-cold-pyws,,,,,,,,8.9,4.99,,,,,,48.0,,,,,,,,,,,,,,,20.27,,,,,
2026-09-21T13:35:00+00:00,dc-aisle-cold-pyws,,,,,,,,9.2,4.58,,,,,,48.9,,,,,,,,,,,,,,,20.3,,,,,
2026-09-21T13:40:00+00:00,dc-aisle-cold-pyws,,,,,,,,9.32,4.01,,,,,,48.6,,,,,,,,,,,,,,,20.53,,,,,
2026-09-21T13:45:00+00:00,dc-aisle-cold-pyws,,,,,,,,9.26,4.3,,,,,,48.7,,,,,,,,,,,,,,,20.43,,,,,
2026-09-21T13:50:00+00:00,dc-aisle-cold-pyws,,,,,,,,9.22,0.53,,,,,,48.5,,,,,,,,,,,,,,,20.46,,,,,
2026-09-21T13:55:00+00:00,dc-aisle-cold-pyws,,,,,,,,9.03,0.83,,,,,,47.7,,,,,,,,,,,,,,,20.52,,,,,
2026-09-21T14:00:00+00:00,dc-aisle-cold-pyws,,,,,,,,9.03,3.72,,,,,,47.8,,,,,,,,,,,,,,,20.48,,,,,
2026-09-21T14:05:00+00:00,dc-aisle-cold-pyws,,,,,,,,9.17,4.54,,,,,,47.5,,,,,,,,,,,,,,,20.74,,,,,
2026-09-21T14:10:00+00:00,dc-aisle-cold-pyws,,,,,,,,9.06,5.11,,,,,,47.6,,,,,,,,,,,,,,,20.58,,,,,
2026-09-21T14:15:00+00:00,dc-aisle-cold-pyws,,,,,,,,8.98,1.37,,,,,,47.8,,,,,,,,,,,,,,,20.43,,,,,
2026-09-21T14:20:00+00:00,dc-aisle-cold-pyws,,,,,,,,8.94,4.72,,,,,,47.2,,,,,,,,,,,,,,,20.59,,,,,
2026-09-21T14:25:00+00:00,dc-aisle-cold-pyws,,,,,,,,9.13,3.55,,,,,,47.5,,,,,,,,,,,,,,,20.7,,,,,
2026-09-21T14:30:00+00:00,dc-aisle-cold-pyws,,,,,,,,9.38,0.85,,,,,,47.4,,,,,,,,,,,,,,,21.0,,,,,
2026-09-21T14:35:00+00:00,dc-aisle-cold-pyws,,,,,,,,9.17,3.97,,,,,,47.6,,,,,,,,,,,,,,,20.7,,,,,
2026-09-21T14:40:00+00:00,dc-aisle-cold-pyws,,,,,,,,9.39,5.01,,,,,,47.6,,,,,,,,,,,,,,,20.94,,,,,
2026-09-21T14:45:00+00:00,dc-aisle-cold-pyws,,,,,,,,9.19,4.39,,,,,,47.4,,,,,,,,,,,,,,,20.79,,,,,
2026-09-21T14:50:00+00:00,dc-aisle-cold-pyws,,,,,,,,8.93,4.67,,,,,,46.9,,,,,,,,,,,,,,,20.68,,,,,
2026-09-21T14:55:00+00:00,dc-aisle-cold-pyws,,,,,,,,8.91,4.38,,,,,,46.7,,,,,,,,,,,,,,,20.73,,,,,
2026-09-21T15:00:00+00:00,dc-aisle-cold-pyws,,,,,,,,9.17,4.14,,,,,,47.4,,,,,,,,,,,,,,,20.77,,,,,
2026-09-21T15:05:00+00:00,dc-aisle-cold-pyws,,,,,,,,8.92,4.02,,,,,,46.4,,,,,,,,,,,,,,,20.85,,,,,
2026-09-21T15:10:00+00:00,dc-aisle-cold-pyws,,,,,,,,9.17,4.36,,,,,,46.8,,,,,,,,,,,,,,,20.98,,,,,
2026-09-21T15:15:00+00:00,dc-aisle-cold-pyws,,,,,,,,8.86,5.01,,,,,,46.3,,,,,,,,,,,,,,,20.81,,,,,
2026-09-21T15:20:00+00:00,dc-aisle-cold-pyws,,,,,,,,9.05,4.76,,,,,,46.4,,,,,,,,,,,,,,,20.99,,,,,
2026-09-21T15:25:00+00:00,dc-aisle-cold-pyws,,,,,,,,9.37,4.39,,,,,,47.1,,,,,,,,,,,,,,,21.09,,,,,
2026-09-21T15:30:00+00:00,dc-aisle-cold-pyws,,,,,,,,9.26,4.3,,,,,,47.1,,,,,,,,,,,,,,,20.97,,,,,
2026-09-21T15:35:00+00:00,dc-aisle-cold-pyws,,,,,,,,8.96,3.95,,,,,,46.3,,,,,,,,,,,,,,,20.93,,,,,
2026-09-21T15:40:00+00:00,dc-aisle-cold-pyws,,,,,,,,8.89,4.15,,,,,,46.1,,,,,,,,,,,,,,,20.92,,,,,
2026-09-21T15:45:00+00:00,dc-aisle-cold-pyws,,,,,,,,9.02,4.64,,,,,,46.1,,,,,,,,,,,,,,,21.06,,,,,
2026-09-21T15:50:00+00:00,dc-aisle-cold-pyws,,,,,,,,9.21,3.85,,,,,,46.6,,,,,,,,,,,,,,,21.09,,,,,
2026-09-21T15:55:00+00:00,dc-aisle-cold-pyws,,,,,,,,8.89,4.95,,,,,,45.6,,,,,,,,,,,,,,,21.1,,,,,
2026-09-21T16:00:00+00:00,dc-aisle-cold-pyws,,,,,,,,8.77,4.56,,,,,,45.7,,,,,,,,,,,,,,,20.93,,,,,
2026-09-21T16:05:00+00:00,dc-aisle-cold-pyws,,,,,,,,9.03,4.39,,,,,,45.7,,,,,,,,,,,,,,,21.21,,,,,
2026-09-21T16:10:00+00:00,dc-aisle-cold-pyws,,,,,,,,9.26,4.53,,,,,,46.5,,,,,,,,,,,,,,,21.18,,,,,
2026-09-21T16:15:00+00:00,dc-aisle-cold-pyws,,,,,,,,9.05,3.8,,,,,,45.7,,,,,,,,,,,,,,,21.24,,,,,
2026-09-21T16:20:00+00:00,dc-aisle-cold-pyws,,,,,,,,9.09,4.55,,,,,,45.7,,,,,,,,,,,,,,,21.28,,,,,
2026-09-21T16:25:00+00:00,dc-aisle-cold-pyws,,,,,,,,8.81,4.37,,,,,,45.0,,,,,,,,,,,,,,,21.22,,,,,
2026-09-21T16:30:00+00:00,dc-aisle-cold-pyws,,,,,,,,9.08,3.86,,,,,,45.4,,,,,,,,,,,,,,,21.38,,,,,
2026-09-21T16:35:00+00:00,dc-aisle-cold-pyws,,,,,,,,9.27,4.13,,,,,,46.3,,,,,,,,,,,,,,,21.26,,,,,
2026-09-21T16:40:00+00:00,dc-aisle-cold-pyws,,,,,,,,9.1,4.61,,,,,,45.5,,,,,,,,,,,,,,,21.36,,,,,
2026-09-21T16:45:00+00:00,dc-aisle-cold-pyws,,,,,,,,8.89,4.49,,,,,,44.7,,,,,,,,,,,,,,,21.42,,,,,
2026-09-21T16:50:00+00:00,dc-aisle-cold-pyws,,,,,,,,9.02,4.28,,,,,,45.0,,,,,,,,,,,,,,,21.46,,,,,
2026-09-21T16:55:00+00:00,dc-aisle-cold-pyws,,,,,,,,8.86,0.81,,,,,,44.6,,,,,,,,,,,,,,,21.43,,,,,
2026-09-21T17:00:00+00:00,dc-aisle-cold-pyws,,,,,,,,8.79,4.48,,,,,,44.6,,,,,,,,,,,,,,,21.35,,,,,
2026-09-21T17:05:00+00:00,dc-aisle-cold-pyws,,,,,,,,8.61,4.22,,,,,,44.5,,,,,,,,,,,,,,,21.19,,,,,
2026-09-21T17:10:00+00:00,dc-aisle-cold-pyws,,,,,,,,8.86,0.53,,,,,,44.6,,,,,,,,,,,,,,,21.42,,,,,
2026-09-21T17:15:00+00:00,dc-aisle-cold-pyws,,,,,,,,8.94,3.87,,,,,,44.5,,,,,,,,,,,,,,,21.55,,,,,
2026-09-21T17:20:00+00:00,dc-aisle-cold-pyws,,,,,,,,8.78,3.93,,,,,,44.5,,,,,,,,,,,,,,,21.37,,,,,
2026-09-21T17:25:00+00:00,dc-aisle-cold-pyws,,,,,,,,8.88,3.93,,,,,,44.3,,,,,,,,,,,,,,,21.56,,,,,
2026-09-21T17:30:00+00:00,dc-aisle-cold-pyws,,,,,,,,8.76,4.21,,,,,,44.4,,,,,,,,,,,,,,,21.39,,,,,
2026-09-21T17:35:00+00:00,dc-aisle-cold-pyws,,,,,,,,9.03,4.86,,,,,,44.9,,,,,,,,,,,,,,,21.5,,,,,
2026-09-21T17:40:00+00:00,dc-aisle-cold-pyws,,,,,,,,8.97,4.32,,,,,,44.6,,,,,,,,,,,,,,,21.55,,,,,
2026-09-21T17:45:00+00:00,dc-aisle-cold-pyws,,,,,,,,8.45,4.7,,,,,,43.6,,,,,,,,,,,,,,,21.34,,,,,
2026-09-21T17:50:00+00:00,dc-aisle-cold-pyws,,,,,,,,8.96,0.28,,,,,,44.8,,,,,,,,,,,,,,,21.46,,,,,
2026-09-21T17:55:00+00:00,dc-aisle-cold-pyws,,,,,,,,9.02,4.32,,,,,,44.3,,,,,,,,,,,,,,,21.71,,,,,
2026-09-21T18:00:00+00:00,dc-aisle-cold-pyws,,,,,,,,8.58,4.35,,,,,,43.7,,,,,,,,,,,,,,,21.45,,,,,
2026-09-21T18:05:00+00:00,dc-aisle-cold-pyws,,,,,,,,8.99,4.52,,,,,,44.3,,,,,,,,,,,,,,,21.68,,,,,
2026-09-21T18:10:00+00:00,dc-aisle-cold-pyws,,,,,,,,8.8,4.18,,,,,,43.7,,,,,,,,,,,,,,,21.69,,,,,
2026-09-21T18:15:00+00:00,dc-aisle-cold-pyws,,,,,,,,8.78,4.07,,,,,,44.1,,,,,,,,,,,,,,,21.52,,,,,
2026-09-21T18:20:00+00:00,dc-aisle-cold-pyws,,,,,,,,8.95,4.47,,,,,,44.2,,,,,,,,,,,,,,,21.67,,,,,
2026-09-21T18:25:00+00:00,dc-aisle-cold-pyws,,,,,,,,8.74,4.79,,,,,,44.0,,,,,,,,,,,,,,,21.51,,,,,
2026-09-21T18:30:00+00:00,dc-aisle-cold-pyws,,,,,,,,8.78,4.56,,,,,,43.4,,,,,,,,,,,,,,,21.78,,,,,
2026-09-21T18:35:00+00:00,dc-aisle-cold-pyws,,,,,,,,8.58,3.75,,,,,,43.1,,,,,,,,,,,,,,,21.68,,,,,
2026-09-21T18:40:00+00:00,dc-aisle-cold-pyws,,,,,,,,8.48,3.66,,,,,,42.9,,,,,,,,,,,,,,,21.64,,,,,
2026-09-21T18:45:00+00:00,dc-aisle-cold-pyws,,,,,,,,8.82,3.75,,,,,,43.8,,,,,,,,,,,,,,,21.68,,,,,
2026-09-21T18:50:00+00:00,dc-aisle-cold-pyws,,,,,,,,8.64,4.19,,,,,,43.4,,,,,,,,,,,,,,,21.63,,,,,
2026-09-21T18:55:00+00:00,dc-aisle-cold-pyws,,,,,,,,8.31,4.61,,,,,,42.6,,,,,,,,,,,,,,,21.57,,,,,
2026-09-21T19:00:00+00:00,dc-aisle-cold-pyws,,,,,,,,8.59,3.96,,,,,,42.8,,,,,,,,,,,,,,,21.8,,,,,
2026-09-21T19:05:00+00:00,dc-aisle-cold-pyws,,,,,,,,8.62,4.3,,,,,,43.1,,,,,,,,,,,,,,,21.72,,,,,
2026-09-21T19:10:00+00:00,dc-aisle-cold-pyws,,,,,,,,8.56,4.0,,,,,,43.5,,,,,,,,,,,,,,,21.5,,,,,
2026-09-21T19:15:00+00:00,dc-aisle-cold-pyws,,,,,,,,8.56,4.72,,,,,,42.9,,,,,,,,,,,,,,,21.73,,,,,
2026-09-21T19:20:00+00:00,dc-aisle-cold-pyws,,,,,,,,8.21,4.51,,,,,,42.6,,,,,,,,,,,,,,,21.46,,,,,
2026-09-21T19:25:00+00:00,dc-aisle-cold-pyws,,,,,,,,8.32,4.45,,,,,,42.8,,,,,,,,,,,,,,,21.5,,,,,
2026-09-21T19:30:00+00:00,dc-aisle-cold-pyws,,,,,,,,8.53,4.03,,,,,,42.8,,,,,,,,,,,,,,,21.73,,,,,
2026-09-21T19:35:00+00:00,dc-aisle-cold-pyws,,,,,,,,8.47,4.32,,,,,,42.3,,,,,,,,,,,,,,,21.86,,,,,
2026-09-21T19:40:00+00:00,dc-aisle-cold-pyws,,,,,,,,8.44,4.23,,,,,,42.6,,,,,,,,,,,,,,,21.71,,,,,
2026-09-21T19:45:00+00:00,dc-aisle-cold-pyws,,,,,,,,8.3,4.51,,,,,,42.6,,,,,,,,,,,,,,,21.56,,,,,
2026-09-21T19:50:00+00:00,dc-aisle-cold-pyws,,,,,,,,8.25,3.91,,,,,,42.0,,,,,,,,,,,,,,,21.73,,,,,
2026-09-21T19:55:00+00:00,dc-aisle-cold-pyws,,,,,,,,8.41,4.9,,,,,,42.6,,,,,,,,,,,,,,,21.68,,,,,
2026-09-21T20:00:00+00:00,dc-aisle-cold-pyws,,,,,,,,8.05,4.49,,,,,,41.8,,,,,,,,,,,,,,,21.59,,,,,
2026-09-21T20:05:00+00:00,dc-aisle-cold-pyws,,,,,,,,8.49,4.0,,,,,,42.5,,,,,,,,,,,,,,,21.8,,,,,
2026-09-21T20:10:00+00:00,dc-aisle-cold-pyws,,,,,,,,8.26,3.5,,,,,,42.5,,,,,,,,,,,,,,,21.55,,,,,
2026-09-21T20:15:00+00:00,dc-aisle-cold-pyws,,,,,,,,8.06,4.91,,,,,,41.7,,,,,,,,,,,,,,,21.64,,,,,
2026-09-21T20:20:00+00:00,dc-aisle-cold-pyws,,,,,,,,8.35,4.44,,,,,,42.3,,,,,,,,,,,,,,,21.73,,,,,
2026-09-21T20:25:00+00:00,dc-aisle-cold-pyws,,,,,,,,8.44,4.24,,,,,,42.2,,,,,,,,,,,,,,,21.87,,,,,
2026-09-21T20:30:00+00:00,dc-aisle-cold-pyws,,,,,,,,8.26,4.88,,,,,,42.3,,,,,,,,,,,,,,,21.63,,,,,
2026-09-21T20:35:00+00:00,dc-aisle-cold-pyws,,,,,,,,8.16,4.23,,,,,,42.5,,,,,,,,,,,,,,,21.44,,,,,
2026-09-21T20:40:00+00:00,dc-aisle-cold-pyws,,,,,,,,8.38,4.08,,,,,,42.3,,,,,,,,,,,,,,,21.76,,,,,
2026-09-21T20:45:00+00:00,dc-aisle-cold-pyws,,,,,,,,8.25,4.98,,,,,,42.3,,,,,,,,,,,,,,,21.62,,,,,
2026-09-21T20:50:00+00:00,dc-aisle-cold-pyws,,,,,,,,8.46,4.06,,,,,,42.5,,,,,,,,,,,,,,,21.77,,,,,
2026-09-21T20:55:00+00:00,dc-aisle-cold-pyws,,,,,,,,8.71,4.06,,,,,,42.9,,,,,,,,,,,,,,,21.89,,,,,
2026-09-21T21:00:00+00:00,dc-aisle-cold-pyws,,,,,,,,7.99,4.19,,,,,,41.8,,,,,,,,,,,,,,,21.52,,,,,
2026-09-21T21:05:00+00:00,dc-aisle-cold-pyws,,,,,,,,8.49,4.45,,,,,,42.6,,,,,,,,,,,,,,,21.77,,,,,
2026-09-21T21:10:00+00:00,dc-aisle-cold-pyws,,,,,,,,8.07,4.9,,,,,,41.6,,,,,,,,,,,,,,,21.69,,,,,
2026-09-21T21:15:00+00:00,dc-aisle-cold-pyws,,,,,,,,8.09,4.64,,,,,,41.8,,,,,,,,,,,,,,,21.63,,,,,
2026-09-21T21:20:00+00:00,dc-aisle-cold-pyws,,,,,,,,8.05,4.03,,,,,,42.0,,,,,,,,,,,,,,,21.51,,,,,
2026-09-21T21:25:00+00:00,dc-aisle-cold-pyws,,,,,,,,8.41,4.3,,,,,,42.4,,,,,,,,,,,,,,,21.76,,,,,
2026-09-21T21:30:00+00:00,dc-aisle-cold-pyws,,,,,,,,7.88,4.5,,,,,,41.2,,,,,,,,,,,,,,,21.64,,,,,
2026-09-21T21:35:00+00:00,dc-aisle-cold-pyws,,,,,,,,7.96,4.78,,,,,,41.6,,,,,,,,,,,,,,,21.57,,,,,
2026-09-21T21:40:00+00:00,dc-aisle-cold-pyws,,,,,,,,8.08,3.54,,,,,,42.1,,,,,,,,,,,,,,,21.51,,,,,
2026-09-21T21:45:00+00:00,dc-aisle-cold-pyws,,,,,,,,8.06,4.3,,,,,,42.2,,,,,,,,,,,,,,,21.44,,,,,
2026-09-21T21:50:00+00:00,dc-aisle-cold-pyws,,,,,,,,7.99,4.93,,,,,,41.5,,,,,,,,,,,,,,,21.64,,,,,
2026-09-21T21:55:00+00:00,dc-aisle-cold-pyws,,,,,,,,7.89,4.01,,,,,,40.9,,,,,,,,,,,,,,,21.77,,,,,
2026-09-21T22:00:00+00:00,dc-aisle-cold-pyws,,,,,,,,8.08,4.09,,,,,,41.8,,,,,,,,,,,,,,,21.62,,,,,
2026-09-21T22:05:00+00:00,dc-aisle-cold-pyws,,,,,,,,8.03,4.29,,,,,,42.0,,,,,,,,,,,,,,,21.49,,,,,
2026-09-21T22:10:00+00:00,dc-aisle-cold-pyws,,,,,,,,8.04,4.74,,,,,,42.2,,,,,,,,,,,,,,,21.42,,,,,
2026-09-21T22:15:00+00:00,dc-aisle-cold-pyws,,,,,,,,7.95,3.88,,,,,,41.5,,,,,,,,,,,,,,,21.59,,,,,
2026-09-21T22:20:00+00:00,dc-aisle-cold-pyws,,,,,,,,8.07,4.81,,,,,,42.1,,,,,,,,,,,,,,,21.49,,,,,
2026-09-21T22:25:00+00:00,dc-aisle-cold-pyws,,,,,,,,8.23,4.17,,,,,,42.6,,,,,,,,,,,,,,,21.48,,,,,
2026-09-21T22:30:00+00:00,dc-aisle-cold-pyws,,,,,,,,7.98,3.9,,,,,,41.5,,,,,,,,,,,,,,,21.63,,,,,
2026-09-21T22:35:00+00:00,dc-aisle-cold-pyws,,,,,,,,7.66,3.84,,,,,,41.4,,,,,,,,,,,,,,,21.31,,,,,
2026-09-21T22:40:00+00:00,dc-aisle-cold-pyws,,,,,,,,8.26,4.31,,,,,,42.8,,,,,,,,,,,,,,,21.43,,,,,
2026-09-21T22:45:00+00:00,dc-aisle-cold-pyws,,,,,,,,8.03,3.96,,,,,,41.8,,,,,,,,,,,,,,,21.57,,,,,
2026-09-21T22:50:00+00:00,dc-aisle-cold-pyws,,,,,,,,8.09,4.03,,,,,,42.6,,,,,,,,,,,,,,,21.32,,,,,
2026-09-21T22:55:00+00:00,dc-aisle-cold-pyws,,,,,,,,8.01,4.17,,,,,,42.3,,,,,,,,,,,,,,,21.35,,,,,
2026-09-21T23:00:00+00:00,dc-aisle-cold-pyws,,,,,,,,8.14,3.93,,,,,,42.5,,,,,,,,,,,,,,,21.42,,,,,
2026-09-21T23:05:00+00:00,dc-aisle-cold-pyws,,,,,,,,7.87,4.3,,,,,,42.0,,,,,,,,,,,,,,,21.31,,,,,
2026-09-21T23:10:00+00:00,dc-aisle-cold-pyws,,,,,,,,7.8,4.43,,,,,,42.1,,,,,,,,,,,,,,,21.19,,,,,
2026-09-21T23:15:00+00:00,dc-aisle-cold-pyws,,,,,,,,7.75,4.12,,,,,,41.8,,,,,,,,,,,,,,,21.26,,,,,
2026-09-21T23:20:00+00:00,dc-aisle-cold-pyws,,,,,,,,7.7,5.17,,,,,,41.7,,,,,,,,,,,,,,,21.24,,,,,
2026-09-21T23:25:00+00:00,dc-aisle-cold-pyws,,,,,,,,8.14,4.57,,,,,,42.6,,,,,,,,,,,,,,,21.38,,,,,
2026-09-21T23:30:00+00:00,dc-aisle-cold-pyws,,,,,,,,7.93,3.83,,,,,,42.4,,,,,,,,,,,,,,,21.22,,,,,
2026-09-21T23:35:00+00:00,dc-aisle-cold-pyws,,,,,,,,8.01,4.66,,,,,,42.5,,,,,,,,,,,,,,,21.27,,,,,
2026-09-21T23:40:00+00:00,dc-aisle-cold-pyws,,,,,,,,7.86,3.73,,,,,,42.4,,,,,,,,,,,,,,,21.14,,,,,
2026-09-21T23:45:00+00:00,dc-aisle-cold-pyws,,,,,,,,7.82,4.3,,,,,,42.5,,,,,,,,,,,,,,,21.06,,,,,
2026-09-21T23:50:00+00:00,dc-aisle-cold-pyws,,,,,,,,7.88,4.11,,,,,,42.3,,,,,,,,,,,,,,,21.2,,,,,
2026-09-21T23:55:00+00:00,dc-aisle-cold-pyws,,,,,,,,8.11,0.79,,,,,,43.0,,,,,,,,,,,,,,,21.19,,,,,
2026-09-22T00:00:00+00:00,dc-aisle-cold-pyws,,,,,,,,7.77,4.6,,,,,,42.2,,,,,,,,,,,,,,,21.12,,,,,
2026-09-22T00:05:00+00:00,dc-aisle-cold-pyws,,,,,,,,7.74,3.79,,,,,,41.9,,,,,,,,,,,,,,,21.2,,,,,
2026-09-22T00:10:00+00:00,dc-aisle-cold-pyws,,,,,,,,7.98,4.01,,,,,,43.0,,,,,,,,,,,,,,,21.05,,,,,
2026-09-22T00:15:00+00:00,dc-aisle-cold-pyws,,,,,,,,7.87,4.11,,,,,,42.5,,,,,,,,,,,,,,,21.12,,,,,
2026-09-22T00:20:00+00:00,dc-aisle-cold-pyws,,,,,,,,8.07,4.27,,,,,,43.0,,,,,,,,,,,,,,,21.15,,,,,
2026-09-22T00:25:00+00:00,dc-aisle-cold-pyws,,,,,,,,7.86,4.47,,,,,,43.1,,,,,,,,,,,,,,,20.88,,,,,
2026-09-22T00:30:00+00:00,dc-aisle-cold-pyws,,,,,,,,7.92,4.56,,,,,,43.2,,,,,,,,,,,,,,,20.91,,,,,
2026-09-22T00:35:00+00:00,dc-aisle-cold-pyws,,,,,,,,8.01,3.68,,,,,,43.3,,,,,,,,,,,,,,,20.97,,,,,
2026-09-22T00:40:00+00:00,dc-aisle-cold-pyws,,,,,,,,7.89,4.53,,,,,,42.8,,,,,,,,,,,,,,,21.02,,,,,
2026-09-22T00:45:00+00:00,dc-aisle-cold-pyws,,,,,,,,7.59,4.86,,,,,,42.5,,,,,,,,,,,,,,,20.81,,,,,
2026-09-22T00:50:00+00:00,dc-aisle-cold-pyws,,,,,,,,7.87,4.25,,,,,,42.9,,,,,,,,,,,,,,,20.96,,,,,
2026-09-22T00:55:00+00:00,dc-aisle-cold-pyws,,,,,,,,8.0,4.18,,,,,,43.4,,,,,,,,,,,,,,,20.92,,,,,
2026-09-22T01:00:00+00:00,dc-aisle-cold-pyws,,,,,,,,7.67,4.99,,,,,,42.4,,,,,,,,,,,,,,,20.93,,,,,
2026-09-22T01:05:00+00:00,dc-aisle-cold-pyws,,,,,,,,7.7,4.36,,,,,,42.7,,,,,,,,,,,,,,,20.85,,,,,
2026-09-22T01:10:00+00:00,dc-aisle-cold-pyws,,,,,,,,8.06,1.31,,,,,,44.2,,,,,,,,,,,,,,,20.69,,,,,
2026-09-22T01:15:00+00:00,dc-aisle-cold-pyws,,,,,,,,7.51,4.36,,,,,,43.0,,,,,,,,,,,,,,,20.53,,,,,
2026-09-22T01:20:00+00:00,dc-aisle-cold-pyws,,,,,,,,8.02,4.3,,,,,,43.9,,,,,,,,,,,,,,,20.76,,,,,
2026-09-22T01:25:00+00:00,dc-aisle-cold-pyws,,,,,,,,7.71,4.3,,,,,,43.1,,,,,,,,,,,,,,,20.71,,,,,
2026-09-22T01:30:00+00:00,dc-aisle-cold-pyws,,,,,,,,7.79,4.21,,,,,,43.9,,,,,,,,,,,,,,,20.5,,,,,
2026-09-22T01:35:00+00:00,dc-aisle-cold-pyws,,,,,,,,7.88,4.18,,,,,,43.4,,,,,,,,,,,,,,,20.79,,,,,
2026-09-22T01:40:00+00:00,dc-aisle-cold-pyws,,,,,,,,7.64,5.29,,,,,,43.2,,,,,,,,,,,,,,,20.6,,,,,
2026-09-22T01:45:00+00:00,dc-aisle-cold-pyws,,,,,,,,7.95,4.4,,,,,,44.1,,,,,,,,,,,,,,,20.61,,,,,
2026-09-22T01:50:00+00:00,dc-aisle-cold-pyws,,,,,,,,7.91,4.77,,,,,,43.8,,,,,,,,,,,,,,,20.67,,,,,
2026-09-22T01:55:00+00:00,dc-aisle-cold-pyws,,,,,,,,7.82,4.97,,,,,,44.0,,,,,,,,,,,,,,,20.5,,,,,
2026-09-22T02:00:00+00:00,dc-aisle-cold-pyws,,,,,,,,7.45,4.67,,,,,,43.2,,,,,,,,,,,,,,,20.39,,,,,
2026-09-22T02:05:00+00:00,dc-aisle-cold-pyws,,,,,,,,7.7,4.17,,,,,,44.0,,,,,,,,,,,,,,,20.37,,,,,
2026-09-22T02:10:00+00:00,dc-aisle-cold-pyws,,,,,,,,8.0,4.35,,,,,,44.6,,,,,,,,,,,,,,,20.48,,,,,
2026-09-22T02:15:00+00:00,dc-aisle-cold-pyws,,,,,,,,8.05,4.09,,,,,,45.0,,,,,,,,,,,,,,,20.39,,,,,
2026-09-22T02:20:00+00:00,dc-aisle-cold-pyws,,,,,,,,7.97,5.2,,,,,,44.7,,,,,,,,,,,,,,,20.41,,,,,
2026-09-22T02:25:00+00:00,dc-aisle-cold-pyws,,,,,,,,7.91,3.73,,,,,,44.7,,,,,,,,,,,,,,,20.34,,,,,
2026-09-22T02:30:00+00:00,dc-aisle-cold-pyws,,,,,,,,7.85,4.06,,,,,,44.6,,,,,,,,,,,,,,,20.31,,,,,
2026-09-22T02:35:00+00:00,dc-aisle-cold-pyws,,,,,,,,7.96,4.36,,,,,,44.8,,,,,,,,,,,,,,,20.36,,,,,
2026-09-22T02:40:00+00:00,dc-aisle-cold-pyws,,,,,,,,7.9,4.39,,,,,,44.6,,,,,,,,,,,,,,,20.37,,,,,
2026-09-22T02:45:00+00:00,dc-aisle-cold-pyws,,,,,,,,7.88,4.39,,,,,,45.1,,,,,,,,,,,,,,,20.16,,,,,
2026-09-22T02:50:00+00:00,dc-aisle-cold-pyws,,,,,,,,7.94,4.42,,,,,,45.1,,,,,,,,,,,,,,,20.23,,,,,
2026-09-22T02:55:00+00:00,dc-aisle-cold-pyws,,,,,,,,7.64,4.53,,,,,,44.2,,,,,,,,,,,,,,,20.23,,,,,
2026-09-22T03:00:00+00:00,dc-aisle-cold-pyws,,,,,,,,7.97,4.54,,,,,,45.2,,,,,,,,,,,,,,,20.23,,,,,
2026-09-22T03:05:00+00:00,dc-aisle-cold-pyws,,,,,,,,7.59,5.04,,,,,,44.5,,,,,,,,,,,,,,,20.06,,,,,
2026-09-22T03:10:00+00:00,dc-aisle-cold-pyws,,,,,,,,7.77,4.74,,,,,,45.0,,,,,,,,,,,,,,,20.08,,,,,
2026-09-22T03:15:00+00:00,dc-aisle-cold-pyws,,,,,,,,7.86,4.78,,,,,,45.1,,,,,,,,,,,,,,,20.14,,,,,
2026-09-22T03:20:00+00:00,dc-aisle-cold-pyws,,,,,,,,7.96,4.28,,,,,,45.4,,,,,,,,,,,,,,,20.14,,,,,
2026-09-22T03:25:00+00:00,dc-aisle-cold-pyws,,,,,,,,7.86,4.08,,,,,,45.1,,,,,,,,,,,,,,,20.14,,,,,
2026-09-22T03:30:00+00:00,dc-aisle-cold-pyws,,,,,,,,8.03,3.71,,,,,,45.7,,,,,,,,,,,,,,,20.12,,,,,
2026-09-22T03:35:00+00:00,dc-aisle-cold-pyws,,,,,,,,8.26,4.75,,,,,,46.3,,,,,,,,,,,,,,,20.16,,,,,
2026-09-22T03:40:00+00:00,dc-aisle-cold-pyws,,,,,,,,7.98,4.82,,,,,,45.8,,,,,,,,,,,,,,,20.02,,,,,
2026-09-22T03:45:00+00:00,dc-aisle-cold-pyws,,,,,,,,7.84,3.84,,,,,,45.2,,,,,,,,,,,,,,,20.08,,,,,
2026-09-22T03:50:00+00:00,dc-aisle-cold-pyws,,,,,,,,7.92,4.44,,,,,,46.2,,,,,,,,,,,,,,,19.82,,,,,
2026-09-22T03:55:00+00:00,dc-aisle-cold-pyws,,,,,,,,7.79,4.85,,,,,,45.7,,,,,,,,,,,,,,,19.85,,,,,
2026-09-22T04:00:00+00:00,dc-aisle-cold-pyws,,,,,,,,7.78,3.53,,,,,,45.8,,,,,,,,,,,,,,,19.81,,,,,
2026-09-22T04:05:00+00:00,dc-aisle-cold-pyws,,,,,,,,7.73,4.56,,,,,,45.6,,,,,,,,,,,,,,,19.82,,,,,
2026-09-22T04:10:00+00:00,dc-aisle-cold-pyws,,,,,,,,7.47,4.59,,,,,,45.4,,,,,,,,,,,,,,,19.61,,,,,
2026-09-22T04:15:00+00:00,dc-aisle-cold-pyws,,,,,,,,7.97,4.72,,,,,,46.6,,,,,,,,,,,,,,,19.73,,,,,
2026-09-22T04:20:00+00:00,dc-aisle-cold-pyws,,,,,,,,8.07,4.85,,,,,,46.7,,,,,,,,,,,,,,,19.81,,,,,
2026-09-22T04:25:00+00:00,dc-aisle-cold-pyws,,,,,,,,7.79,4.32,,,,,,45.8,,,,,,,,,,,,,,,19.82,,,,,
2026-09-22T04:30:00+00:00,dc-aisle-cold-pyws,,,,,,,,8.09,0.37,,,,,,46.6,,,,,,,,,,,,,,,19.87,,,,,
2026-09-22T04:35:00+00:00,dc-aisle-cold-pyws,,,,,,,,7.82,4.95,,,,,,46.5,,,,,,,,,,,,,,,19.6,,,,,
2026-09-22T04:40:00+00:00,dc-aisle-cold-pyws,,,,,,,,7.9,4.11,,,,,,46.7,,,,,,,,,,,,,,,19.62,,,,,
2026-09-22T04:45:00+00:00,dc-aisle-cold-pyws,,,,,,,,8.01,3.83,,,,,,46.8,,,,,,,,,,,,,,,19.71,,,,,
2026-09-22T04:50:00+00:00,dc-aisle-cold-pyws,,,,,,,,8.17,3.81,,,,,,47.1,,,,,,,,,,,,,,,19.78,,,,,
2026-09-22T04:55:00+00:00,dc-aisle-cold-pyws,,,,,,,,8.14,4.78,,,,,,47.0,,,,,,,,,,,,,,,19.78,,,,,
2026-09-23T05:00:00+00:00,dc-aisle-cold-pyws,,,,,,,,8.02,4.07,,,,,,46.4,,,,,,,,,,,,,,,19.86,,,,,
2026-09-23T05:05:00+00:00,dc-aisle-cold-pyws,,,,,,,,8.15,4.13,,,,,,47.2,,,,,,,,,,,,,,,19.72,,,,,
2026-09-23T05:10:00+00:00,dc-aisle-cold-pyws,,,,,,,,7.83,4.79,,,,,,46.4,,,,,,,,,,,,,,,19.65,,,,,
2026-09-23T05:15:00+00:00,dc-aisle-cold-pyws,,,,,,,,8.21,3.68,,,,,,47.5,,,,,,,,,,,,,,,19.69,,,,,
2026-09-23T05:20:00+00:00,dc-aisle-cold-pyws,,,,,,,,7.87,4.64,,,,,,46.7,,,,,,,,,,,,,,,19.59,,,,,
2026-09-23T05:25:00+00:00,dc-aisle-cold-pyws,,,,,,,,8.12,4.69,,,,,,47.5,,,,,,,,,,,,,,,19.59,,,,,
2026-09-23T05:30:00+00:00,dc-aisle-cold-pyws,,,,,,,,8.27,4.25,,,,,,48.6,,,,,,,,,,,,,,,19.39,,,,,
2026-09-23T05:35:00+00:00,dc-aisle-cold-pyws,,,,,,,,8.03,4.52,,,,,,47.4,,,,,,,,,,,,,,,19.53,,,,,
2026-09-23T05:40:00+00:00,dc-aisle-cold-pyws,,,,,,,,8.22,4.34,,,,,,47.8,,,,,,,,,,,,,,,19.6,,,,,
2026-09-23T05:45:00+00:00,dc-aisle-cold-pyws,,,,,,,,7.86,4.89,,,,,,47.0,,,,,,,,,,,,,,,19.48,,,,,
2026-09-23T05:50:00+00:00,dc-aisle-cold-pyws,,,,,,,,8.19,3.65,,,,,,47.8,,,,,,,,,,,,,,,19.56,,,,,
2026-09-23T05:55:00+00:00,dc-aisle-cold-pyws,,,,,,,,7.96,4.61,,,,,,47.7,,,,,,,,,,,,,,,19.35,,,,,
2026-09-23T06:00:00+00:00,dc-aisle-cold-pyws,,,,,,,,8.41,4.33,,,,,,48.5,,,,,,,,,,,,,,,19.57,,,,,
2026-09-23T06:05:00+00:00,dc-aisle-cold-pyws,,,,,,,,8.21,3.95,,,,,,48.4,,,,,,,,,,,,,,,19.39,,,,,
2026-09-23T06:10:00+00:00,dc-aisle-cold-pyws,,,,,,,,8.28,4.26,,,,,,48.7,,,,,,,,,,,,,,,19.36,,,,,
2026-09-23T06:15:00+00:00,dc-aisle-cold-pyws,,,,,,,,8.35,4.28,,,,,,48.5,,,,,,,,,,,,,,,19.51,,,,,
2026-09-23T06:20:00+00:00,dc-aisle-cold-pyws,,,,,,,,8.55,4.42,,,,,,49.3,,,,,,,,,,,,,,,19.46,,,,,
2026-09-23T06:25:00+00:00,dc-aisle-cold-pyws,,,,,,,,8.27,3.98,,,,,,48.3,,,,,,,,,,,,,,,19.48,,,,,
2026-09-23T06:30:00+00:00,dc-aisle-cold-pyws,,,,,,,,8.19,3.6,,,,,,48.2,,,,,,,,,,,,,,,19.43,,,,,
2026-09-23T06:35:00+00:00,dc-aisle-cold-pyws,,,,,,,,8.26,4.68,,,,,,48.7,,,,,,,,,,,,,,,19.34,,,,,
2026-09-23T06:40:00+00:00,dc-aisle-cold-pyws,,,,,,,,8.04,4.15,,,,,,48.1,,,,,,,,,,,,,,,19.3,,,,,
2026-09-23T06:45:00+00:00,dc-aisle-cold-pyws,,,,,,,,8.1,4.9,,,,,,48.4,,,,,,,,,,,,,,,19.27,,,,,
2026-09-23T06:50:00+00:00,dc-aisle-cold-pyws,,,,,,,,8.42,4.0,,,,,,48.8,,,,,,,,,,,,,,,19.48,,,,,
2026-09-23T06:55:00+00:00,dc-aisle-cold-pyws,,,,,,,,8.1,4.21,,,,,,48.5,,,,,,,,,,,,,,,19.23,,,,,
2026-09-23T07:00:00+00:00,dc-aisle-cold-pyws,,,,,,,,7.96,4.62,,,,,,48.1,,,,,,,,,,,,,,,19.21,,,,,
2026-09-23T07:05:00+00:00,dc-aisle-cold-pyws,,,,,,,,8.27,3.86,,,,,,48.7,,,,,,,,,,,,,,,19.35,,,,,
2026-09-23T07:10:00+00:00,dc-aisle-cold-pyws,,,,,,,,8.44,4.28,,,,,,49.2,,,,,,,,,,,,,,,19.37,,,,,
2026-09-23T07:15:00+00:00,dc-aisle-cold-pyws,,,,,,,,8.07,4.51,,,,,,48.6,,,,,,,,,,,,,,,19.17,,,,,
2026-09-23T07:20:00+00:00,dc-aisle-cold-pyws,,,,,,,,8.4,4.19,,,,,,49.3,,,,,,,,,,,,,,,19.3,,,,,
2026-09-23T07:25:00+00:00,dc-aisle-cold-pyws,,,,,,,,8.52,4.62,,,,,,49.7,,,,,,,,,,,,,,,19.3,,,,,
2026-09-23T07:30:00+00:00,dc-aisle-cold-pyws,,,,,,,,8.24,4.04,,,,,,48.5,,,,,,,,,,,,,,,19.39,,,,,
2026-09-23T07:35:00+00:00,dc-aisle-cold-pyws,,,,,,,,8.16,4.81,,,,,,48.5,,,,,,,,,,,,,,,19.3,,,,,
2026-09-23T07:40:00+00:00,dc-aisle-cold-pyws,,,,,,,,8.43,4.42,,,,,,49.0,,,,,,,,,,,,,,,19.43,,,,,
2026-09-23T07:45:00+00:00,dc-aisle-cold-pyws,,,,,,,,8.55,4.52,,,,,,49.5,,,,,,,,,,,,,,,19.4,,,,,
2026-09-23T07:50:00+00:00,dc-aisle-cold-pyws,,,,,,,,8.36,4.22,,,,,,49.7,,,,,,,,,,,,,,,19.12,,,,,
2026-09-23T07:55:00+00:00,dc-aisle-cold-pyws,,,,,,,,8.63,4.38,,,,,,49.9,,,,,,,,,,,,,,,19.35,,,,,
2026-09-23T08:40:00+00:00,dc-aisle-cold-pyws,,,,,,,,8.51,4.15,,,,,,49.3,,,,,,,,,,,,,,,19.42,,,,,
2026-09-23T08:45:00+00:00,dc-aisle-cold-pyws,,,,,,,,8.52,4.35,,,,,,49.5,,,,,,,,,,,,,,,19.36,,,,,
2026-09-23T08:50:00+00:00,dc-aisle-cold-pyws,,,,,,,,8.84,0.54,,,,,,50.8,,,,,,,,,,,,,,,19.29,,,,,
2026-09-23T08:55:00+00:00,dc-aisle-cold-pyws,,,,,,,,8.49,4.69,,,,,,49.5,,,,,,,,,,,,,,,19.33,,,,,
2026-09-23T09:00:00+00:00,dc-aisle-cold-pyws,,,,,,,,8.78,3.96,,,,,,50.2,,,,,,,,,,,,,,,19.42,,,,,
2026-09-23T09:05:00+00:00,dc-aisle-cold-pyws,,,,,,,,8.79,3.83,,,,,,50.4,,,,,,,,,,,,,,,19.37,,,,,
2026-09-23T09:10:00+00:00,dc-aisle-cold-pyws,,,,,,,,8.56,3.96,,,,,,49.5,,,,,,,,,,,,,,,19.41,,,,,
2026-09-23T09:15:00+00:00,dc-aisle-cold-pyws,,,,,,,,8.52,4.2,,,,,,49.8,,,,,,,,,,,,,,,19.27,,,,,
2026-09-23T09:20:00+00:00,dc-aisle-cold-pyws,,,,,,,,8.66,3.95,,,,,,50.4,,,,,,,,,,,,,,,19.23,,,,,
2026-09-23T09:25:00+00:00,dc-aisle-cold-pyws,,,,,,,,8.83,4.46,,,,,,50.6,,,,,,,,,,,,,,,19.35,,,,,
2026-09-23T09:30:00+00:00,dc-aisle-cold-pyws,,,,,,,,8.73,4.17,,,,,,49.8,,,,,,,,,,,,,,,19.49,,,,,
2026-09-23T09:35:00+00:00,dc-aisle-cold-pyws,,,,,,,,8.66,4.53,,,,,,50.5,,,,,,,,,,,,,,,19.19,,,,,
2026-09-23T09:40:00+00:00,dc-aisle-cold-pyws,,,,,,,,8.75,4.37,,,,,,50.0,,,,,,,,,,,,,,,19.45,,,,,
2026-09-23T09:45:00+00:00,dc-aisle-cold-pyws,,,,,,,,8.51,1.21,,,,,,50.0,,,,,,,,,,,,,,,19.19,,,,,
2026-09-23T09:50:00+00:00,dc-aisle-cold-pyws,,,,,,,,8.77,4.29,,,,,,50.0,,,,,,,,,,,,,,,19.47,,,,,
2026-09-23T09:55:00+00:00,dc-aisle-cold-pyws,,,,,,,,8.57,4.67,,,,,,49.9,,,,,,,,,,,,,,,19.29,,,,,
2026-09-23T10:00:00+00:00,dc-aisle-cold-pyws,,,,,,,,8.68,4.31,,,,,,49.6,,,,,,,,,,,,,,,19.5,,,,,
2026-09-23T10:05:00+00:00,dc-aisle-cold-pyws,,,,,,,,8.76,0.19,,,,,,49.9,,,,,,,,,,,,,,,19.49,,,,,
2026-09-23T10:10:00+00:00,dc-aisle-cold-pyws,,,,,,,,8.66,4.22,,,,,,50.1,,,,,,,,,,,,,,,19.32,,,,,
2026-09-23T10:15:00+00:00,dc-aisle-cold-pyws,,,,,,,,8.84,5.08,,,,,,50.1,,,,,,,,,,,,,,,19.52,,,,,
2026-09-23T10:20:00+00:00,dc-aisle-cold-pyws,,,,,,,,8.87,3.99,,,,,,49.8,,,,,,,,,,,,,,,19.65,,,,,
2026-09-23T10:25:00+00:00,dc-aisle-cold-pyws,,,,,,,,9.02,4.55,,,,,,50.2,,,,,,,,,,,,,,,19.68,,,,,
2026-09-23T10:30:00+00:00,dc-aisle-cold-pyws,,,,,,,,9.1,4.07,,,,,,50.8,,,,,,,,,,,,,,,19.58,,,,,
2026-09-23T10:35:00+00:00,dc-aisle-cold-pyws,,,,,,,,8.8,4.12,,,,,,50.0,,,,,,,,,,,,,,,19.51,,,,,
2026-09-23T10:40:00+00:00,dc-aisle-cold-pyws,,,,,,,,8.92,5.15,,,,,,50.1,,,,,,,,,,,,,,,19.6,,,,,
2026-09-23T10:45:00+00:00,dc-aisle-cold-pyws,,,,,,,,8.71,4.2,,,,,,49.6,,,,,,,,,,,,,,,19.54,,,,,
2026-09-23T10:50:00+00:00,dc-aisle-cold-pyws,,,,,,,,8.49,4.69,,,,,,49.1,,,,,,,,,,,,,,,19.46,,,,,
2026-09-23T10:55:00+00:00,dc-aisle-cold-pyws,,,,,,,,9.06,4.51,,,,,,50.0,,,,,,,,,,,,,,,19.79,,,,,
2026-09-23T11:00:00+00:00,dc-aisle-cold-pyws,,,,,,,,9.19,4.79,,,,,,50.8,,,,,,,,,,,,,,,19.67,,,,,
2026-09-23T11:05:00+00:00,dc-aisle-cold-pyws,,,,,,,,8.91,4.32,,,,,,49.5,,,,,,,,,,,,,,,19.79,,,,,
2026-09-23T11:10:00+00:00,dc-aisle-cold-pyws,,,,,,,,8.92,4.35,,,,,,49.6,,,,,,,,,,,,,,,19.77,,,,,
2026-09-23T11:15:00+00:00,dc-aisle-cold-pyws,,,,,,,,9.01,4.88,,,,,,50.0,,,,,,,,,,,,,,,19.73,,,,,
2026-09-23T11:20:00+00:00,dc-aisle-cold-pyws,,,,,,,,8.96,4.67,,,,,,49.4,,,,,,,,,,,,,,,19.87,,,,,
2026-09-23T11:25:00+00:00,dc-aisle-cold-pyws,,,,,,,,8.94,4.18,,,,,,49.3,,,,,,,,,,,,,,,19.88,,,,,
2026-09-23T11:30:00+00:00,dc-aisle-cold-pyws,,,,,,,,9.38,4.6,,,,,,50.6,,,,,,,,,,,,,,,19.94,,,,,
2026-09-23T11:35:00+00:00,dc-aisle-cold-pyws,,,,,,,,8.94,4.13,,,,,,49.5,,,,,,,,,,,,,,,19.82,,,,,
2026-09-23T11:40:00+00:00,dc-aisle-cold-pyws,,,,,,,,8.77,4.07,,,,,,48.7,,,,,,,,,,,,,,,19.9,,,,,
2026-09-23T11:45:00+00:00,dc-aisle-cold-pyws,,,,,,,,8.85,4.59,,,,,,49.2,,,,,,,,,,,,,,,19.82,,,,,
2026-09-23T11:50:00+00:00,dc-aisle-cold-pyws,,,,,,,,9.07,4.38,,,,,,50.0,,,,,,,,,,,,,,,19.8,,,,,
2026-09-23T11:55:00+00:00,dc-aisle-cold-pyws,,,,,,,,8.77,4.12,,,,,,49.3,,,,,,,,,,,,,,,19.7,,,,,
2026-09-23T12:00:00+00:00,dc-aisle-cold-pyws,,,,,,,,8.95,4.12,,,,,,49.2,,,,,,,,,,,,,,,19.93,,,,,
2026-09-23T12:05:00+00:00,dc-aisle-cold-pyws,,,,,,,,8.86,3.67,,,,,,48.8,,,,,,,,,,,,,,,19.96,,,,,
2026-09-23T12:10:00+00:00,dc-aisle-cold-pyws,,,,,,,,8.8,4.13,,,,,,48.7,,,,,,,,,,,,,,,19.93,,,,,
2026-09-23T12:15:00+00:00,dc-aisle-cold-pyws,,,,,,,,9.23,4.03,,,,,,49.8,,,,,,,,,,,,,,,20.04,,,,,
2026-09-23T12:20:00+00:00,dc-aisle-cold-pyws,,,,,,,,8.94,4.57,,,,,,49.0,,,,,,,,,,,,,,,19.98,,,,,
2026-09-23T12:25:00+00:00,dc-aisle-cold-pyws,,,,,,,,8.98,4.31,,,,,,49.0,,,,,,,,,,,,,,,20.03,,,,,
2026-09-23T12:30:00+00:00,dc-aisle-cold-pyws,,,,,,,,9.1,4.05,,,,,,49.6,,,,,,,,,,,,,,,19.96,,,,,
2026-09-23T12:35:00+00:00,dc-aisle-cold-pyws,,,,,,,,9.17,4.2,,,,,,49.7,,,,,,,,,,,,,,,20.0,,,,,
2026-09-23T12:40:00+00:00,dc-aisle-cold-pyws,,,,,,,,9.12,3.85,,,,,,49.4,,,,,,,,,,,,,,,20.05,,,,,
2026-09-23T12:45:00+00:00,dc-aisle-cold-pyws,,,,,,,,8.85,3.73,,,,,,48.7,,,,,,,,,,,,,,,19.99,,,,,
2026-09-23T12:50:00+00:00,dc-aisle-cold-pyws,,,,,,,,9.14,4.37,,,,,,49.3,,,,,,,,,,,,,,,20.1,,,,,
2026-09-23T12:55:00+00:00,dc-aisle-cold-pyws,,,,,,,,9.22,4.57,,,,,,49.7,,,,,,,,,,,,,,,20.06,,,,,
2026-09-23T13:00:00+00:00,dc-aisle-cold-pyws,,,,,,,,9.09,4.96,,,,,,48.8,,,,,,,,,,,,,,,20.21,,,,,
2026-09-23T13:05:00+00:00,dc-aisle-cold-pyws,,,,,,,,9.0,4.32,,,,,,48.7,,,,,,,,,,,,,,,20.15,,,,,
2026-09-23T13:10:00+00:00,dc-aisle-cold-pyws,,,,,,,,9.13,4.75,,,,,,48.9,,,,,,,,,,,,,,,20.22,,,,,
2026-09-23T13:15:00+00:00,dc-aisle-cold-pyws,,,,,,,,9.27,4.47,,,,,,48.7,,,,,,,,,,,,,,,20.44,,,,,
2026-09-23T13:20:00+00:00,dc-aisle-cold-pyws,,,,,,,,9.05,3.83,,,,,,48.7,,,,,,,,,,,,,,,20.2,,,,,
2026-09-23T13:25:00+00:00,dc-aisle-cold-pyws,,,,,,,,9.11,3.75,,,,,,48.5,,,,,,,,,,,,,,,20.33,,,,,
2026-09-23T13:30:00+00:00,dc-aisle-cold-pyws,,,,,,,,8.84,4.44,,,,,,47.8,,,,,,,,,,,,,,,20.28,,,,,
2026-09-23T13:35:00+00:00,dc-aisle-cold-pyws,,,,,,,,9.23,0.88,,,,,,48.6,,,,,,,,,,,,,,,20.43,,,,,
2026-09-23T13:40:00+00:00,dc-aisle-cold-pyws,,,,,,,,9.1,4.09,,,,,,48.4,,,,,,,,,,,,,,,20.36,,,,,
2026-09-23T13:45:00+00:00,dc-aisle-cold-pyws,,,,,,,,9.01,4.49,,,,,,47.7,,,,,,,,,,,,,,,20.5,,,,,
2026-09-23T13:50:00+00:00,dc-aisle-cold-pyws,,,,,,,,9.15,4.68,,,,,,48.5,,,,,,,,,,,,,,,20.38,,,,,
2026-09-23T13:55:00+00:00,dc-aisle-cold-pyws,,,,,,,,9.06,4.5,,,,,,48.0,,,,,,,,,,,,,,,20.45,,,,,
2026-09-23T14:00:00+00:00,dc-aisle-cold-pyws,,,,,,,,8.92,4.55,,,,,,47.5,,,,,,,,,,,,,,,20.46,,,,,
2026-09-23T14:05:00+00:00,dc-aisle-cold-pyws,,,,,,,,9.24,4.91,,,,,,48.2,,,,,,,,,,,,,,,20.58,,,,,
2026-09-23T14:10:00+00:00,dc-aisle-cold-pyws,,,,,,,,9.1,4.46,,,,,,48.0,,,,,,,,,,,,,,,20.49,,,,,
2026-09-23T14:15:00+00:00,dc-aisle-cold-pyws,,,,,,,,9.03,4.12,,,,,,47.4,,,,,,,,,,,,,,,20.62,,,,,
2026-09-23T14:20:00+00:00,dc-aisle-cold-pyws,,,,,,,,9.03,4.45,,,,,,47.6,,,,,,,,,,,,,,,20.55,,,,,
2026-09-23T14:25:00+00:00,dc-aisle-cold-pyws,,,,,,,,9.19,4.8,,,,,,47.5,,,,,,,,,,,,,,,20.76,,,,,
2026-09-23T14:30:00+00:00,dc-aisle-cold-pyws,,,,,,,,9.25,4.4,,,,,,48.0,,,,,,,,,,,,,,,20.66,,,,,
2026-09-23T14:35:00+00:00,dc-aisle-cold-pyws,,,,,,,,9.14,4.01,,,,,,47.6,,,,,,,,,,,,,,,20.67,,,,,
2026-09-23T14:40:00+00:00,dc-aisle-cold-pyws,,,,,,,,9.26,3.77,,,,,,47.5,,,,,,,,,,,,,,,20.84,,,,,
2026-09-23T14:45:00+00:00,dc-aisle-cold-pyws,,,,,,,,9.12,4.71,,,,,,47.5,,,,,,,,,,,,,,,20.68,,,,,
2026-09-23T14:50:00+00:00,dc-aisle-cold-pyws,,,,,,,,8.95,3.88,,,,,,47.1,,,,,,,,,,,,,,,20.64,,,,,
2026-09-23T14:55:00+00:00,dc-aisle-cold-pyws,,,,,,,,8.92,4.3,,,,,,47.3,,,,,,,,,,,,,,,20.53,,,,,
2026-09-23T15:00:00+00:00,dc-aisle-cold-pyws,,,,,,,,9.34,4.55,,,,,,47.6,,,,,,,,,,,,,,,20.89,,,,,
2026-09-23T15:05:00+00:00,dc-aisle-cold-pyws,,,,,,,,9.21,4.47,,,,,,47.1,,,,,,,,,,,,,,,20.92,,,,,
2026-09-23T15:10:00+00:00,dc-aisle-cold-pyws,,,,,,,,9.18,3.19,,,,,,47.4,,,,,,,,,,,,,,,20.78,,,,,
2026-09-23T15:15:00+00:00,dc-aisle-cold-pyws,,,,,,,,8.84,4.09,,,,,,46.1,,,,,,,,,,,,,,,20.86,,,,,
2026-09-23T15:20:00+00:00,dc-aisle-cold-pyws,,,,,,,,9.25,4.34,,,,,,47.2,,,,,,,,,,,,,,,20.93,,,,,
2026-09-23T15:25:00+00:00,dc-aisle-cold-pyws,,,,,,,,9.04,3.63,,,,,,46.5,,,,,,,,,,,,,,,20.94,,,,,
2026-09-23T15:30:00+00:00,dc-aisle-cold-pyws,,,,,,,,8.88,3.86,,,,,,45.7,,,,,,,,,,,,,,,21.05,,,,,
2026-09-23T15:35:00+00:00,dc-aisle-cold-pyws,,,,,,,,9.25,4.46,,,,,,46.9,,,,,,,,,,,,,,,21.03,,,,,
2026-09-23T15:40:00+00:00,dc-aisle-cold-pyws,,,,,,,,9.04,4.76,,,,,,46.1,,,,,,,,,,,,,,,21.08,,,,,
2026-09-23T15:45:00+00:00,dc-aisle-cold-pyws,,,,,,,,9.03,3.84,,,,,,46.3,,,,,,,,,,,,,,,21.0,,,,,
2026-09-23T15:50:00+00:00,dc-aisle-cold-pyws,,,,,,,,9.06,4.06,,,,,,46.5,,,,,,,,,,,,,,,20.96,,,,,
2026-09-23T15:55:00+00:00,dc-aisle-cold-pyws,,,,,,,,8.95,4.69,,,,,,45.8,,,,,,,,,,,,,,,21.09,,,,,
2026-09-23T16:00:00+00:00,dc-aisle-cold-pyws,,,,,,,,9.19,3.99,,,,,,46.3,,,,,,,,,,,,,,,21.18,,,,,
2026-09-23T16:05:00+00:00,dc-aisle-cold-pyws,,,,,,,,9.2,4.33,,,,,,46.3,,,,,,,,,,,,,,,21.19,,,,,
2026-09-23T16:10:00+00:00,dc-aisle-cold-pyws,,,,,,,,8.93,4.05,,,,,,45.6,,,,,,,,,,,,,,,21.14,,,,,
2026-09-23T16:15:00+00:00,dc-aisle-cold-pyws,,,,,,,,9.0,3.82,,,,,,45.9,,,,,,,,,,,,,,,21.11,,,,,
2026-09-23T16:20:00+00:00,dc-aisle-cold-pyws,,,,,,,,9.22,4.71,,,,,,46.0,,,,,,,,,,,,,,,21.32,,,,,
2026-09-23T16:25:00+00:00,dc-aisle-cold-pyws,,,,,,,,8.91,0.91,,,,,,45.3,,,,,,,,,,,,,,,21.22,,,,,
2026-09-23T16:30:00+00:00,dc-aisle-cold-pyws,,,,,,,,9.0,4.79,,,,,,45.1,,,,,,,,,,,,,,,21.4,,,,,
2026-09-23T16:35:00+00:00,dc-aisle-cold-pyws,,,,,,,,9.08,4.32,,,,,,45.5,,,,,,,,,,,,,,,21.34,,,,,
2026-09-23T16:40:00+00:00,dc-aisle-cold-pyws,,,,,,,,8.76,4.94,,,,,,44.9,,,,,,,,,,,,,,,21.21,,,,,
2026-09-23T16:45:00+00:00,dc-aisle-cold-pyws,,,,,,,,9.01,4.27,,,,,,45.3,,,,,,,,,,,,,,,21.33,,,,,
2026-09-23T16:50:00+00:00,dc-aisle-cold-pyws,,,,,,,,9.08,4.66,,,,,,45.1,,,,,,,,,,,,,,,21.48,,,,,
2026-09-23T16:55:00+00:00,dc-aisle-cold-pyws,,,,,,,,9.08,4.52,,,,,,45.3,,,,,,,,,,,,,,,21.41,,,,,
2026-09-23T17:00:00+00:00,dc-aisle-cold-pyws,,,,,,,,9.2,3.6,,,,,,45.8,,,,,,,,,,,,,,,21.36,,,,,
2026-09-23T17:05:00+00:00,dc-aisle-cold-pyws,,,,,,,,8.62,3.68,,,,,,44.3,,,,,,,,,,,,,,,21.27,,,,,
2026-09-23T17:10:00+00:00,dc-aisle-cold-pyws,,,,,,,,9.19,3.92,,,,,,45.6,,,,,,,,,,,,,,,21.43,,,,,
2026-09-23T17:15:00+00:00,dc-aisle-cold-pyws,,,,,,,,8.81,3.88,,,,,,44.7,,,,,,,,,,,,,,,21.33,,,,,
2026-09-23T17:20:00+00:00,dc-aisle-cold-pyws,,,,,,,,8.77,4.5,,,,,,44.7,,,,,,,,,,,,,,,21.29,,,,,
2026-09-23T17:25:00+00:00,dc-aisle-cold-pyws,,,,,,,,8.72,4.69,,,,,,44.2,,,,,,,,,,,,,,,21.42,,,,,
2026-09-23T17:30:00+00:00,dc-aisle-cold-pyws,,,,,,,,9.02,4.17,,,,,,45.0,,,,,,,,,,,,,,,21.45,,,,,
2026-09-23T17:35:00+00:00,dc-aisle-cold-pyws,,,,,,,,9.12,3.93,,,,,,44.9,,,,,,,,,,,,,,,21.6,,,,,
2026-09-23T17:40:00+00:00,dc-aisle-cold-pyws,,,,,,,,8.61,4.32,,,,,,43.7,,,,,,,,,,,,,,,21.48,,,,,
2026-09-23T17:45:00+00:00,dc-aisle-cold-pyws,,,,,,,,8.93,3.98,,,,,,44.5,,,,,,,,,,,,,,,21.54,,,,,
2026-09-23T17:50:00+00:00,dc-aisle-cold-pyws,,,,,,,,8.76,3.94,,,,,,44.8,,,,,,,,,,,,,,,21.24,,,,,
2026-09-23T17:55:00+00:00,dc-aisle-cold-pyws,,,,,,,,8.66,4.62,,,,,,43.7,,,,,,,,,,,,,,,21.54,,,,,
2026-09-23T18:00:00+00:00,dc-aisle-cold-pyws,,,,,,,,8.9,4.38,,,,,,44.2,,,,,,,,,,,,,,,21.62,,,,,
2026-09-23T18:05:00+00:00,dc-aisle-cold-pyws,,,,,,,,8.72,4.25,,,,,,43.4,,,,,,,,,,,,,,,21.72,,,,,
2026-09-23T18:10:00+00:00,dc-aisle-cold-pyws,,,,,,,,8.93,4.83,,,,,,44.5,,,,,,,,,,,,,,,21.54,,,,,
2026-09-23T18:15:00+00:00,dc-aisle-cold-pyws,,,,,,,,8.75,4.38,,,,,,43.4,,,,,,,,,,,,,,,21.75,,,,,
2026-09-23T18:20:00+00:00,dc-aisle-cold-pyws,,,,,,,,8.71,4.16,,,,,,43.6,,,,,,,,,,,,,,,21.63,,,,,
2026-09-23T18:25:00+00:00,dc-aisle-cold-pyws,,,,,,,,8.37,4.06,,,,,,42.8,,,,,,,,,,,,,,,21.56,,,,,
2026-09-23T18:30:00+00:00,dc-aisle-cold-pyws,,,,,,,,8.59,4.77,,,,,,43.4,,,,,,,,,,,,,,,21.57,,,,,
2026-09-23T18:35:00+00:00,dc-aisle-cold-pyws,,,,,,,,8.64,5.16,,,,,,43.3,,,,,,,,,,,,,,,21.67,,,,,
2026-09-23T18:40:00+00:00,dc-aisle-cold-pyws,,,,,,,,8.49,4.12,,,,,,43.3,,,,,,,,,,,,,,,21.5,,,,,
2026-09-23T18:45:00+00:00,dc-aisle-cold-pyws,,,,,,,,8.85,4.74,,,,,,43.9,,,,,,,,,,,,,,,21.67,,,,,
2026-09-23T18:50:00+00:00,dc-aisle-cold-pyws,,,,,,,,8.8,4.34,,,,,,43.9,,,,,,,,,,,,,,,21.62,,,,,
2026-09-23T18:55:00+00:00,dc-aisle-cold-pyws,,,,,,,,8.73,4.97,,,,,,43.4,,,,,,,,,,,,,,,21.73,,,,,
2026-09-23T19:00:00+00:00,dc-aisle-cold-pyws,,,,,,,,8.81,0.45,,,,,,43.8,,,,,,,,,,,,,,,21.66,,,,,
2026-09-23T19:05:00+00:00,dc-aisle-cold-pyws,,,,,,,,8.45,4.42,,,,,,42.5,,,,,,,,,,,,,,,21.76,,,,,
2026-09-23T19:10:00+00:00,dc-aisle-cold-pyws,,,,,,,,8.86,4.0,,,,,,43.5,,,,,,,,,,,,,,,21.83,,,,,
2026-09-23T19:15:00+00:00,dc-aisle-cold-pyws,,,,,,,,8.81,4.21,,,,,,43.2,,,,,,,,,,,,,,,21.89,,,,,
2026-09-23T19:20:00+00:00,dc-aisle-cold-pyws,,,,,,,,8.56,4.16,,,,,,42.9,,,,,,,,,,,,,,,21.73,,,,,
2026-09-23T19:25:00+00:00,dc-aisle-cold-pyws,,,,,,,,8.84,0.28,,,,,,43.3,,,,,,,,,,,,,,,21.89,,,,,
2026-09-23T19:30:00+00:00,dc-aisle-cold-pyws,,,,,,,,8.55,4.59,,,,,,43.2,,,,,,,,,,,,,,,21.6,,,,,
2026-09-23T19:35:00+00:00,dc-aisle-cold-pyws,,,,,,,,8.64,3.8,,,,,,43.0,,,,,,,,,,,,,,,21.78,,,,,
2026-09-23T19:40:00+00:00,dc-aisle-cold-pyws,,,,,,,,8.51,3.75,,,,,,42.9,,,,,,,,,,,,,,,21.67,,,,,
2026-09-23T19:45:00+00:00,dc-aisle-cold-pyws,,,,,,,,8.63,0.55,,,,,,42.8,,,,,,,,,,,,,,,21.84,,,,,
2026-09-23T19:50:00+00:00,dc-aisle-cold-pyws,,,,,,,,8.31,4.39,,,,,,42.3,,,,,,,,,,,,,,,21.68,,,,,
2026-09-23T19:55:00+00:00,dc-aisle-cold-pyws,,,,,,,,8.26,4.1,,,,,,42.2,,,,,,,,,,,,,,,21.66,,,,,
2026-09-23T20:00:00+00:00,dc-aisle-cold-pyws,,,,,,,,8.41,4.06,,,,,,42.5,,,,,,,,,,,,,,,21.72,,,,,
2026-09-23T20:05:00+00:00,dc-aisle-cold-pyws,,,,,,,,8.42,4.63,,,,,,42.5,,,,,,,,,,,,,,,21.73,,,,,
2026-09-23T20:10:00+00:00,dc-aisle-cold-pyws,,,,,,,,8.24,0.96,,,,,,42.3,,,,,,,,,,,,,,,21.6,,,,,
2026-09-23T20:15:00+00:00,dc-aisle-cold-pyws,,,,,,,,8.28,3.81,,,,,,42.5,,,,,,,,,,,,,,,21.57,,,,,
2026-09-23T20:20:00+00:00,dc-aisle-cold-pyws,,,,,,,,8.15,4.18,,,,,,41.7,,,,,,,,,,,,,,,21.74,,,,,
2026-09-23T20:25:00+00:00,dc-aisle-cold-pyws,,,,,,,,8.34,4.09,,,,,,42.7,,,,,,,,,,,,,,,21.56,,,,,
2026-09-23T20:30:00+00:00,dc-aisle-cold-pyws,,,,,,,,8.4,4.02,,,,,,42.5,,,,,,,,,,,,,,,21.71,,,,,
2026-09-23T20:35:00+00:00,dc-aisle-cold-pyws,,,,,,,,8.37,4.03,,,,,,42.7,,,,,,,,,,,,,,,21.6,,,,,
2026-09-23T20:40:00+00:00,dc-aisle-cold-pyws,,,,,,,,8.29,4.74,,,,,,42.4,,,,,,,,,,,,,,,21.62,,,,,
2026-09-23T20:45:00+00:00,dc-aisle-cold-pyws,,,,,,,,8.36,3.8,,,,,,42.1,,,,,,,,,,,,,,,21.82,,,,,
2026-09-23T20:50:00+00:00,dc-aisle-cold-pyws,,,,,,,,8.14,4.1,,,,,,42.1,,,,,,,,,,,,,,,21.57,,,,,
2026-09-23T20:55:00+00:00,dc-aisle-cold-pyws,,,,,,,,8.44,3.74,,,,,,42.4,,,,,,,,,,,,,,,21.79,,,,,
2026-09-23T21:00:00+00:00,dc-aisle-cold-pyws,,,,,,,,8.26,4.71,,,,,,42.5,,,,,,,,,,,,,,,21.55,,,,,
2026-09-23T21:05:00+00:00,dc-aisle-cold-pyws,,,,,,,,8.0,3.95,,,,,,41.9,,,,,,,,,,,,,,,21.49,,,,,
2026-09-23T21:10:00+00:00,dc-aisle-cold-pyws,,,,,,,,8.24,4.45,,,,,,42.1,,,,,,,,,,,,,,,21.68,,,,,
2026-09-23T21:15:00+00:00,dc-aisle-cold-pyws,,,,,,,,8.22,3.72,,,,,,42.1,,,,,,,,,,,,,,,21.66,,,,,
2026-09-23T21:20:00+00:00,dc-aisle-cold-pyws,,,,,,,,8.15,4.0,,,,,,41.6,,,,,,,,,,,,,,,21.78,,,,,
2026-09-23T21:25:00+00:00,dc-aisle-cold-pyws,,,,,,,,8.11,4.4,,,,,,41.9,,,,,,,,,,,,,,,21.62,,,,,
2026-09-23T21:30:00+00:00,dc-aisle-cold-pyws,,,,,,,,8.24,4.26,,,,,,42.2,,,,,,,,,,,,,,,21.64,,,,,
2026-09-23T21:35:00+00:00,dc-aisle-cold-pyws,,,,,,,,8.0,4.38,,,,,,42.3,,,,,,,,,,,,,,,21.34,,,,,
2026-09-23T21:40:00+00:00,dc-aisle-cold-pyws,,,,,,,,8.2,4.22,,,,,,42.3,,,,,,,,,,,,,,,21.56,,,,,
2026-09-23T21:45:00+00:00,dc-aisle-cold-pyws,,,,,,,,8.21,4.56,,,,,,42.4,,,,,,,,,,,,,,,21.53,,,,,
2026-09-23T21:50:00+00:00,dc-aisle-cold-pyws,,,,,,,,8.34,4.48,,,,,,42.5,,,,,,,,,,,,,,,21.64,,,,,
2026-09-23T21:55:00+00:00,dc-aisle-cold-pyws,,,,,,,,8.12,3.53,,,,,,42.1,,,,,,,,,,,,,,,21.55,,,,,
2026-09-23T22:00:00+00:00,dc-aisle-cold-pyws,,,,,,,,8.04,4.46,,,,,,42.2,,,,,,,,,,,,,,,21.42,,,,,
2026-09-23T22:05:00+00:00,dc-aisle-cold-pyws,,,,,,,,8.48,4.44,,,,,,43.0,,,,,,,,,,,,,,,21.6,,,,,
2026-09-23T22:10:00+00:00,dc-aisle-cold-pyws,,,,,,,,7.86,4.44,,,,,,41.6,,,,,,,,,,,,,,,21.45,,,,,
2026-09-23T22:15:00+00:00,dc-aisle-cold-pyws,,,,,,,,8.02,3.93,,,,,,41.9,,,,,,,,,,,,,,,21.52,,,,,
2026-09-23T22:20:00+00:00,dc-aisle-cold-pyws,,,,,,,,8.06,4.47,,,,,,42.0,,,,,,,,,,,,,,,21.52,,,,,
2026-09-23T22:25:00+00:00,dc-aisle-cold-pyws,,,,,,,,8.14,4.42,,,,,,42.3,,,,,,,,,,,,,,,21.49,,,,,
2026-09-23T22:30:00+00:00,dc-aisle-cold-pyws,,,,,,,,7.82,4.22,,,,,,41.4,,,,,,,,,,,,,,,21.49,,,,,
2026-09-23T22:35:00+00:00,dc-aisle-cold-pyws,,,,,,,,8.13,3.91,,,,,,42.4,,,,,,,,,,,,,,,21.44,,,,,
2026-09-23T22:40:00+00:00,dc-aisle-cold-pyws,,,,,,,,7.98,3.49,,,,,,41.9,,,,,,,,,,,,,,,21.47,,,,,
2026-09-23T22:45:00+00:00,dc-aisle-cold-pyws,,,,,,,,7.99,4.64,,,,,,42.1,,,,,,,,,,,,,,,21.41,,,,,
2026-09-23T22:50:00+00:00,dc-aisle-cold-pyws,,,,,,,,7.87,4.52,,,,,,42.0,,,,,,,,,,,,,,,21.31,,,,,
2026-09-23T22:55:00+00:00,dc-aisle-cold-pyws,,,,,,,,7.87,4.46,,,,,,41.6,,,,,,,,,,,,,,,21.47,,,,,
2026-09-23T23:00:00+00:00,dc-aisle-cold-pyws,,,,,,,,8.15,5.05,,,,,,42.3,,,,,,,,,,,,,,,21.51,,,,,
2026-09-23T23:05:00+00:00,dc-aisle-cold-pyws,,,,,,,,8.03,4.13,,,,,,42.4,,,,,,,,,,,,,,,21.33,,,,,
2026-09-23T23:10:00+00:00,dc-aisle-cold-pyws,,,,,,,,7.86,5.08,,,,,,41.9,,,,,,,,,,,,,,,21.34,,,,,
2026-09-23T23:15:00+00:00,dc-aisle-cold-pyws,,,,,,,,7.98,4.14,,,,,,42.4,,,,,,,,,,,,,,,21.28,,,,,
2026-09-23T23:20:00+00:00,dc-aisle-cold-pyws,,,,,,,,7.59,4.61,,,,,,41.5,,,,,,,,,,,,,,,21.2,,,,,
2026-09-23T23:25:00+00:00,dc-aisle-cold-pyws,,,,,,,,7.97,4.86,,,,,,42.7,,,,,,,,,,,,,,,21.15,,,,,
2026-09-23T23:30:00+00:00,dc-aisle-cold-pyws,,,,,,,,7.91,4.62,,,,,,42.7,,,,,,,,,,,,,,,21.09,,,,,
2026-09-23T23:35:00+00:00,dc-aisle-cold-pyws,,,,,,,,7.6,4.36,,,,,,41.7,,,,,,,,,,,,,,,21.13,,,,,
2026-09-23T23:40:00+00:00,dc-aisle-cold-pyws,,,,,,,,7.63,4.26,,,,,,42.1,,,,,,,,,,,,,,,21.0,,,,,
2026-09-23T23:45:00+00:00,dc-aisle-cold-pyws,,,,,,,,8.01,4.14,,,,,,42.8,,,,,,,,,,,,,,,21.16,,,,,
2026-09-23T23:50:00+00:00,dc-aisle-cold-pyws,,,,,,,,7.92,0.52,,,,,,42.7,,,,,,,,,,,,,,,21.1,,,,,
2026-09-23T23:55:00+00:00,dc-aisle-cold-pyws,,,,,,,,7.86,4.16,,,,,,42.6,,,,,,,,,,,,,,,21.07,,,,,
2026-09-24T00:00:00+00:00,dc-aisle-cold-pyws,,,,,,,,7.89,1.12,,,,,,42.8,,,,,,,,,,,,,,,21.03,,,,,
2026-09-24T00:05:00+00:00,dc-aisle-cold-pyws,,,,,,,,7.95,4.14,,,,,,42.5,,,,,,,,,,,,,,,21.21,,,,,
2026-09-24T00:10:00+00:00,dc-aisle-cold-pyws,,,,,,,,7.72,4.61,,,,,,42.3,,,,,,,,,,,,,,,21.03,,,,,
2026-09-24T00:15:00+00:00,dc-aisle-cold-pyws,,,,,,,,8.06,4.78,,,,,,42.9,,,,,,,,,,,,,,,21.18,,,,,
2026-09-24T00:20:00+00:00,dc-aisle-cold-pyws,,,,,,,,7.96,4.64,,,,,,43.1,,,,,,,,,,,,,,,20.99,,,,,
2026-09-24T00:25:00+00:00,dc-aisle-cold-pyws,,,,,,,,7.39,4.01,,,,,,42.0,,,,,,,,,,,,,,,20.78,,,,,
2026-09-24T00:30:00+00:00,dc-aisle-cold-pyws,,,,,,,,7.8,4.11,,,,,,42.8,,,,,,,,,,,,,,,20.92,,,,,
2026-09-24T00:35:00+00:00,dc-aisle-cold-pyws,,,,,,,,7.63,4.02,,,,,,42.1,,,,,,,,,,,,,,,21.01,,,,,
2026-09-24T00:40:00+00:00,dc-aisle-cold-pyws,,,,,,,,7.97,4.01,,,,,,43.3,,,,,,,,,,,,,,,20.92,,,,,
2026-09-24T00:45:00+00:00,dc-aisle-cold-pyws,,,,,,,,8.1,4.34,,,,,,43.8,,,,,,,,,,,,,,,20.88,,,,,
2026-09-24T00:50:00+00:00,dc-aisle-cold-pyws,,,,,,,,7.98,4.13,,,,,,43.3,,,,,,,,,,,,,,,20.93,,,,,
2026-09-24T00:55:00+00:00,dc-aisle-cold-pyws,,,,,,,,7.76,4.55,,,,,,43.4,,,,,,,,,,,,,,,20.66,,,,,
2026-09-24T01:00:00+00:00,dc-aisle-cold-pyws,,,,,,,,8.03,4.66,,,,,,43.1,,,,,,,,,,,,,,,21.07,,,,,
2026-09-24T01:05:00+00:00,dc-aisle-cold-pyws,,,,,,,,7.85,3.98,,,,,,43.7,,,,,,,,,,,,,,,20.64,,,,,
2026-09-24T01:10:00+00:00,dc-aisle-cold-pyws,,,,,,,,7.89,3.23,,,,,,43.7,,,,,,,,,,,,,,,20.69,,,,,
2026-09-24T01:15:00+00:00,dc-aisle-cold-pyws,,,,,,,,7.73,4.0,,,,,,43.1,,,,,,,,,,,,,,,20.73,,,,,
2026-09-24T01:20:00+00:00,dc-aisle-cold-pyws,,,,,,,,8.04,4.28,,,,,,43.8,,,,,,,,,,,,,,,20.82,,,,,
2026-09-24T01:25:00+00:00,dc-aisle-cold-pyws,,,,,,,,7.73,4.5,,,,,,43.7,,,,,,,,,,,,,,,20.51,,,,,
2026-09-24T01:30:00+00:00,dc-aisle-cold-pyws,,,,,,,,7.95,4.26,,,,,,43.9,,,,,,,,,,,,,,,20.68,,,,,
2026-09-24T01:35:00+00:00,dc-aisle-cold-pyws,,,,,,,,7.5,4.66,,,,,,43.3,,,,,,,,,,,,,,,20.41,,,,,
2026-09-24T01:40:00+00:00,dc-aisle-cold-pyws,,,,,,,,7.92,4.41,,,,,,44.0,,,,,,,,,,,,,,,20.61,,,,,
2026-09-24T01:45:00+00:00,dc-aisle-cold-pyws,,,,,,,,7.85,4.44,,,,,,44.3,,,,,,,,,,,,,,,20.42,,,,,
2026-09-24T01:50:00+00:00,dc-aisle-cold-pyws,,,,,,,,7.68,5.26,,,,,,43.3,,,,,,,,,,,,,,,20.6,,,,,
2026-09-24T01:55:00+00:00,dc-aisle-cold-pyws,,,,,,,,7.95,3.57,,,,,,44.0,,,,,,,,,,,,,,,20.64,,,,,
2026-09-24T02:00:00+00:00,dc-aisle-cold-pyws,,,,,,,,8.0,4.16,,,,,,44.2,,,,,,,,,,,,,,,20.62,,,,,
2026-09-24T02:05:00+00:00,dc-aisle-cold-pyws,,,,,,,,7.82,4.48,,,,,,44.3,,,,,,,,,,,,,,,20.39,,,,,
2026-09-24T02:10:00+00:00,dc-aisle-cold-pyws,,,,,,,,7.7,4.01,,,,,,43.6,,,,,,,,,,,,,,,20.51,,,,,
2026-09-24T02:15:00+00:00,dc-aisle-cold-pyws,,,,,,,,7.77,4.53,,,,,,44.2,,,,,,,,,,,,,,,20.37,,,,,
2026-09-24T02:20:00+00:00,dc-aisle-cold-pyws,,,,,,,,7.61,4.17,,,,,,44.1,,,,,,,,,,,,,,,20.23,,,,,
2026-09-24T02:25:00+00:00,dc-aisle-cold-pyws,,,,,,,,7.69,4.43,,,,,,44.2,,,,,,,,,,,,,,,20.28,,,,,
2026-09-24T02:30:00+00:00,dc-aisle-cold-pyws,,,,,,,,7.84,4.65,,,,,,44.5,,,,,,,,,,,,,,,20.34,,,,,
2026-09-24T02:35:00+00:00,dc-aisle-cold-pyws,,,,,,,,7.72,4.19,,,,,,44.7,,,,,,,,,,,,,,,20.13,,,,,
2026-09-24T02:40:00+00:00,dc-aisle-cold-pyws,,,,,,,,7.95,4.26,,,,,,44.7,,,,,,,,,,,,,,,20.38,,,,,
2026-09-24T02:45:00+00:00,dc-aisle-cold-pyws,,,,,,,,7.89,4.3,,,,,,44.9,,,,,,,,,,,,,,,20.25,,,,,
2026-09-24T02:50:00+00:00,dc-aisle-cold-pyws,,,,,,,,7.85,4.65,,,,,,44.9,,,,,,,,,,,,,,,20.2,,,,,
2026-09-24T02:55:00+00:00,dc-aisle-cold-pyws,,,,,,,,7.82,0.99,,,,,,45.1,,,,,,,,,,,,,,,20.1,,,,,
2026-09-24T03:00:00+00:00,dc-aisle-cold-pyws,,,,,,,,7.88,4.26,,,,,,45.1,,,,,,,,,,,,,,,20.16,,,,,
2026-09-24T03:05:00+00:00,dc-aisle-cold-pyws,,,,,,,,7.86,4.17,,,,,,44.9,,,,,,,,,,,,,,,20.21,,,,,
2026-09-24T03:10:00+00:00,dc-aisle-cold-pyws,,,,,,,,7.86,4.57,,,,,,45.3,,,,,,,,,,,,,,,20.07,,,,,
2026-09-24T03:15:00+00:00,dc-aisle-cold-pyws,,,,,,,,7.92,4.12,,,,,,45.6,,,,,,,,,,,,,,,20.03,,,,,
2026-09-24T03:20:00+00:00,dc-aisle-cold-pyws,,,,,,,,7.75,4.38,,,,,,44.7,,,,,,,,,,,,,,,20.17,,,,,
2026-09-24T03:25:00+00:00,dc-aisle-cold-pyws,,,,,,,,8.07,4.92,,,,,,45.9,,,,,,,,,,,,,,,20.09,,,,,
2026-09-24T03:30:00+00:00,dc-aisle-cold-pyws,,,,,,,,7.76,4.34,,,,,,44.9,,,,,,,,,,,,,,,20.1,,,,,
2026-09-24T03:35:00+00:00,dc-aisle-cold-pyws,,,,,,,,7.89,4.1,,,,,,45.8,,,,,,,,,,,,,,,19.93,,,,,
2026-09-24T03:40:00+00:00,dc-aisle-cold-pyws,,,,,,,,7.68,3.88,,,,,,45.2,,,,,,,,,,,,,,,19.91,,,,,
2026-09-24T03:45:00+00:00,dc-aisle-cold-pyws,,,,,,,,7.94,4.78,,,,,,46.0,,,,,,,,,,,,,,,19.91,,,,,
2026-09-24T03:50:00+00:00,dc-aisle-cold-pyws,,,,,,,,7.9,4.01,,,,,,45.7,,,,,,,,,,,,,,,19.97,,,,,
2026-09-24T03:55:00+00:00,dc-aisle-cold-pyws,,,,,,,,7.63,3.88,,,,,,45.0,,,,,,,,,,,,,,,19.92,,,,,
2026-09-24T04:00:00+00:00,dc-aisle-cold-pyws,,,,,,,,8.1,5.0,,,,,,46.2,,,,,,,,,,,,,,,20.02,,,,,
2026-09-24T04:05:00+00:00,dc-aisle-cold-pyws,,,,,,,,7.84,3.8,,,,,,46.2,,,,,,,,,,,,,,,19.73,,,,,
2026-09-24T04:10:00+00:00,dc-aisle-cold-pyws,,,,,,,,7.81,4.07,,,,,,46.4,,,,,,,,,,,,,,,19.63,,,,,
2026-09-24T04:15:00+00:00,dc-aisle-cold-pyws,,,,,,,,8.21,3.48,,,,,,46.8,,,,,,,,,,,,,,,19.93,,,,,
2026-09-24T04:20:00+00:00,dc-aisle-cold-pyws,,,,,,,,7.65,3.78,,,,,,46.0,,,,,,,,,,,,,,,19.59,,,,,
2026-09-24T04:25:00+00:00,dc-aisle-cold-pyws,,,,,,,,8.31,3.93,,,,,,47.1,,,,,,,,,,,,,,,19.93,,,,,
2026-09-24T04:30:00+00:00,dc-aisle-cold-pyws,,,,,,,,8.0,1.05,,,,,,46.7,,,,,,,,,,,,,,,19.73,,,,,
2026-09-24T04:35:00+00:00,dc-aisle-cold-pyws,,,,,,,,7.97,4.4,,,,,,46.7,,,,,,,,,,,,,,,19.7,,,,,
2026-09-24T04:40:00+00:00,dc-aisle-cold-pyws,,,,,,,,7.94,4.26,,,,,,46.3,,,,,,,,,,,,,,,19.81,,,,,
2026-09-24T04:45:00+00:00,dc-aisle-cold-pyws,,,,,,,,8.03,4.23,,,,,,46.8,,,,,,,,,,,,,,,19.73,,,,,
2026-09-24T04:50:00+00:00,dc-aisle-cold-pyws,,,,,,,,7.95,3.87,,,,,,46.6,,,,,,,,,,,,,,,19.71,,,,,
2026-09-24T04:55:00+00:00,dc-aisle-cold-pyws,,,,,,,,7.83,3.63,,,,,,46.7,,,,,,,,,,,,,,,19.55,,,,,
2026-09-25T05:00:00+00:00,dc-aisle-cold-pyws,,,,,,,,7.97,4.39,,,,,,47.0,,,,,,,,,,,,,,,19.6,,,,,
2026-09-25T05:05:00+00:00,dc-aisle-cold-pyws,,,,,,,,8.07,4.25,,,,,,47.3,,,,,,,,,,,,,,,19.6,,,,,
2026-09-25T05:10:00+00:00,dc-aisle-cold-pyws,,,,,,,,7.7,4.59,,,,,,46.6,,,,,,,,,,,,,,,19.44,,,,,
2026-09-25T05:15:00+00:00,dc-aisle-cold-pyws,,,,,,,,8.2,4.51,,,,,,47.6,,,,,,,,,,,,,,,19.64,,,,,
2026-09-25T05:20:00+00:00,dc-aisle-cold-pyws,,,,,,,,8.37,4.13,,,,,,48.0,,,,,,,,,,,,,,,19.69,,,,,
2026-09-25T05:25:00+00:00,dc-aisle-cold-pyws,,,,,,,,7.95,4.13,,,,,,47.3,,,,,,,,,,,,,,,19.47,,,,,
2026-09-25T05:30:00+00:00,dc-aisle-cold-pyws,,,,,,,,8.1,3.89,,,,,,47.3,,,,,,,,,,,,,,,19.64,,,,,
2026-09-25T05:35:00+00:00,dc-aisle-cold-pyws,,,,,,,,8.08,4.15,,,,,,47.6,,,,,,,,,,,,,,,19.51,,,,,
2026-09-25T05:40:00+00:00,dc-aisle-cold-pyws,,,,,,,,8.05,3.66,,,,,,47.0,,,,,,,,,,,,,,,19.68,,,,,
2026-09-25T05:45:00+00:00,dc-aisle-cold-pyws,,,,,,,,8.29,4.26,,,,,,48.2,,,,,,,,,,,,,,,19.54,,,,,
2026-09-25T05:50:00+00:00,dc-aisle-cold-pyws,,,,,,,,8.07,4.34,,,,,,47.6,,,,,,,,,,,,,,,19.5,,,,,
2026-09-25T05:55:00+00:00,dc-aisle-cold-pyws,,,,,,,,7.94,4.2,,,,,,47.5,,,,,,,,,,,,,,,19.39,,,,,
2026-09-25T06:00:00+00:00,dc-aisle-cold-pyws,,,,,,,,8.53,4.04,,,,,,49.1,,,,,,,,,,,,,,,19.5,,,,,
2026-09-25T06:05:00+00:00,dc-aisle-cold-pyws,,,,,,,,8.17,3.65,,,,,,47.9,,,,,,,,,,,,,,,19.51,,,,,
2026-09-25T06:10:00+00:00,dc-aisle-cold-pyws,,,,,,,,8.25,4.99,,,,,,48.2,,,,,,,,,,,,,,,19.5,,,,,
2026-09-25T06:15:00+00:00,dc-aisle-cold-pyws,,,,,,,,8.25,4.3,,,,,,48.4,,,,,,,,,,,,,,,19.43,,,,,
2026-09-25T06:20:00+00:00,dc-aisle-cold-pyws,,,,,,,,7.9,4.25,,,,,,47.5,,,,,,,,,,,,,,,19.35,,,,,
2026-09-25T06:25:00+00:00,dc-aisle-cold-pyws,,,,,,,,8.33,5.02,,,,,,48.8,,,,,,,,,,,,,,,19.38,,,,,
2026-09-25T06:30:00+00:00,dc-aisle-cold-pyws,,,,,,,,8.09,5.05,,,,,,48.1,,,,,,,,,,,,,,,19.35,,,,,
2026-09-25T06:35:00+00:00,dc-aisle-cold-pyws,,,,,,,,8.13,3.61,,,,,,48.2,,,,,,,,,,,,,,,19.37,,,,,
2026-09-25T06:40:00+00:00,dc-aisle-cold-pyws,,,,,,,,8.41,4.33,,,,,,49.1,,,,,,,,,,,,,,,19.37,,,,,
2026-09-25T06:45:00+00:00,dc-aisle-cold-pyws,,,,,,,,8.0,4.16,,,,,,48.0,,,,,,,,,,,,,,,19.29,,,,,
2026-09-25T06:50:00+00:00,dc-aisle-cold-pyws,,,,,,,,8.22,4.17,,,,,,48.7,,,,,,,,,,,,,,,19.3,,,,,
2026-09-25T06:55:00+00:00,dc-aisle-cold-pyws,,,,,,,,8.11,4.4,,,,,,48.2,,,,,,,,,,,,,,,19.34,,,,,
2026-09-25T07:00:00+00:00,dc-aisle-cold-pyws,,,,,,,,8.02,3.81,,,,,,47.8,,,,,,,,,,,,,,,19.38,,,,,
2026-09-25T07:05:00+00:00,dc-aisle-cold-pyws,,,,,,,,8.14,3.69,,,,,,48.6,,,,,,,,,,,,,,,19.24,,,,,
2026-09-25T07:10:00+00:00,dc-aisle-cold-pyws,,,,,,,,8.45,4.52,,,,,,49.0,,,,,,,,,,,,,,,19.45,,,,,
2026-09-25T07:15:00+00:00,dc-aisle-cold-pyws,,,,,,,,8.23,4.52,,,,,,48.5,,,,,,,,,,,,,,,19.38,,,,,
2026-09-25T07:20:00+00:00,dc-aisle-cold-pyws,,,,,,,,8.22,4.94,,,,,,48.7,,,,,,,,,,,,,,,19.3,,,,,
2026-09-25T07:25:00+00:00,dc-aisle-cold-pyws,,,,,,,,8.29,4.19,,,,,,48.8,,,,,,,,,,,,,,,19.34,,,,,
2026-09-25T07:30:00+00:00,dc-aisle-cold-pyws,,,,,,,,8.22,4.43,,,,,,49.1,,,,,,,,,,,,,,,19.17,,,,,
2026-09-25T07:35:00+00:00,dc-aisle-cold-pyws,,,,,,,,8.29,4.44,,,,,,48.8,,,,,,,,,,,,,,,19.34,,,,,
2026-09-25T07:40:00+00:00,dc-aisle-cold-pyws,,,,,,,,8.69,4.49,,,,,,49.6,,,,,,,,,,,,,,,19.51,,,,,
2026-09-25T07:45:00+00:00,dc-aisle-cold-pyws,,,,,,,,8.42,3.37,,,,,,49.4,,,,,,,,,,,,,,,19.29,,,,,
2026-09-25T07:50:00+00:00,dc-aisle-cold-pyws,,,,,,,,8.44,4.6,,,,,,49.4,,,,,,,,,,,,,,,19.31,,,,,
2026-09-25T07:55:00+00:00,dc-aisle-cold-pyws,,,,,,,,8.76,4.15,,,,,,49.6,,,,,,,,,,,,,,,19.59,,,,,
2026-09-25T08:40:00+00:00,dc-aisle-cold-pyws,,,,,,,,8.29,4.57,,,,,,49.1,,,,,,,,,,,,,,,19.24,,,,,
2026-09-25T08:45:00+00:00,dc-aisle-cold-pyws,,,,,,,,8.66,4.37,,,,,,50.1,,,,,,,,,,,,,,,19.32,,,,,
2026-09-25T08:50:00+00:00,dc-aisle-cold-pyws,,,,,,,,8.48,4.9,,,,,,49.7,,,,,,,,,,,,,,,19.25,,,,,
2026-09-25T08:55:00+00:00,dc-aisle-cold-pyws,,,,,,,,8.47,3.81,,,,,,49.6,,,,,,,,,,,,,,,19.28,,,,,
2026-09-25T09:00:00+00:00,dc-aisle-cold-pyws,,,,,,,,8.72,4.32,,,,,,50.3,,,,,,,,,,,,,,,19.32,,,,,
2026-09-25T09:05:00+00:00,dc-aisle-cold-pyws,,,,,,,,8.91,4.65,,,,,,50.5,,,,,,,,,,,,,,,19.47,,,,,
2026-09-25T09:10:00+00:00,dc-aisle-cold-pyws,,,,,,,,8.7,4.91,,,,,,50.1,,,,,,,,,,,,,,,19.36,,,,,
2026-09-25T09:15:00+00:00,dc-aisle-cold-pyws,,,,,,,,8.64,4.78,,,,,,49.5,,,,,,,,,,,,,,,19.49,,,,,
2026-09-25T09:20:00+00:00,dc-aisle-cold-pyws,,,,,,,,8.78,4.28,,,,,,49.9,,,,,,,,,,,,,,,19.52,,,,,
2026-09-25T09:25:00+00:00,dc-aisle-cold-pyws,,,,,,,,8.58,4.56,,,,,,49.6,,,,,,,,,,,,,,,19.4,,,,,
2026-09-25T09:30:00+00:00,dc-aisle-cold-pyws,,,,,,,,8.76,4.65,,,,,,50.2,,,,,,,,,,,,,,,19.4,,,,,
2026-09-25T09:35:00+00:00,dc-aisle-cold-pyws,,,,,,,,8.53,3.9,,,,,,49.4,,,,,,,,,,,,,,,19.41,,,,,
2026-09-25T09:40:00+00:00,dc-aisle-cold-pyws,,,,,,,,8.82,3.91,,,,,,50.1,,,,,,,,,,,,,,,19.5,,,,,
2026-09-25T09:45:00+00:00,dc-aisle-cold-pyws,,,,,,,,8.75,4.42,,,,,,49.6,,,,,,,,,,,,,,,19.58,,,,,
2026-09-25T09:50:00+00:00,dc-aisle-cold-pyws,,,,,,,,8.93,4.41,,,,,,50.1,,,,,,,,,,,,,,,19.61,,,,,
2026-09-25T09:55:00+00:00,dc-aisle-cold-pyws,,,,,,,,8.8,1.01,,,,,,50.5,,,,,,,,,,,,,,,19.35,,,,,
2026-09-25T10:00:00+00:00,dc-aisle-cold-pyws,,,,,,,,8.65,4.09,,,,,,50.0,,,,,,,,,,,,,,,19.34,,,,,
2026-09-25T10:05:00+00:00,dc-aisle-cold-pyws,,,,,,,,8.72,4.47,,,,,,49.8,,,,,,,,,,,,,,,19.48,,,,,
2026-09-25T10:10:00+00:00,dc-aisle-cold-pyws,,,,,,,,8.7,3.72,,,,,,49.8,,,,,,,,,,,,,,,19.46,,,,,
2026-09-25T10:15:00+00:00,dc-aisle-cold-pyws,,,,,,,,9.04,4.39,,,,,,50.3,,,,,,,,,,,,,,,19.67,,,,,
2026-09-25T10:20:00+00:00,dc-aisle-cold-pyws,,,,,,,,8.81,4.41,,,,,,50.1,,,,,,,,,,,,,,,19.48,,,,,
2026-09-25T10:25:00+00:00,dc-aisle-cold-pyws,,,,,,,,9.01,4.14,,,,,,50.4,,,,,,,,,,,,,,,19.61,,,,,
2026-09-25T10:30:00+00:00,dc-aisle-cold-pyws,,,,,,,,9.2,4.99,,,,,,50.2,,,,,,,,,,,,,,,19.88,,,,,
2026-09-25T10:35:00+00:00,dc-aisle-cold-pyws,,,,,,,,9.02,4.11,,,,,,50.9,,,,,,,,,,,,,,,19.46,,,,,
2026-09-25T10:40:00+00:00,dc-aisle-cold-pyws,,,,,,,,8.83,4.68,,,,,,49.9,,,,,,,,,,,,,,,19.57,,,,,
2026-09-25T10:45:00+00:00,dc-aisle-cold-pyws,,,,,,,,9.14,3.65,,,,,,50.8,,,,,,,,,,,,,,,19.62,,,,,
2026-09-25T10:50:00+00:00,dc-aisle-cold-pyws,,,,,,,,8.97,4.68,,,,,,49.8,,,,,,,,,,,,,,,19.75,,,,,
2026-09-25T10:55:00+00:00,dc-aisle-cold-pyws,,,,,,,,8.88,5.75,,,,,,49.4,,,,,,,,,,,,,,,19.79,,,,,
2026-09-25T11:00:00+00:00,dc-aisle-cold-pyws,,,,,,,,9.08,4.31,,,,,,50.4,,,,,,,,,,,,,,,19.68,,,,,
2026-09-25T11:05:00+00:00,dc-aisle-cold-pyws,,,,,,,,8.79,0.21,,,,,,49.3,,,,,,,,,,,,,,,19.72,,,,,
2026-09-25T11:10:00+00:00,dc-aisle-cold-pyws,,,,,,,,9.13,4.68,,,,,,50.7,,,,,,,,,,,,,,,19.64,,,,,
2026-09-25T11:15:00+00:00,dc-aisle-cold-pyws,,,,,,,,9.17,0.16,,,,,,50.2,,,,,,,,,,,,,,,19.84,,,,,
2026-09-25T11:20:00+00:00,dc-aisle-cold-pyws,,,,,,,,8.78,4.53,,,,,,49.7,,,,,,,,,,,,,,,19.58,,,,,
2026-09-25T11:25:00+00:00,dc-aisle-cold-pyws,,,,,,,,8.92,3.87,,,,,,49.9,,,,,,,,,,,,,,,19.67,,,,,
2026-09-25T11:30:00+00:00,dc-aisle-cold-pyws,,,,,,,,8.96,4.19,,,,,,49.8,,,,,,,,,,,,,,,19.74,,,,,
2026-09-25T11:35:00+00:00,dc-aisle-cold-pyws,,,,,,,,8.8,4.31,,,,,,49.6,,,,,,,,,,,,,,,19.64,,,,,
2026-09-25T11:40:00+00:00,dc-aisle-cold-pyws,,,,,,,,9.19,0.88,,,,,,50.0,,,,,,,,,,,,,,,19.93,,,,,
2026-09-25T11:45:00+00:00,dc-aisle-cold-pyws,,,,,,,,8.7,4.66,,,,,,48.9,,,,,,,,,,,,,,,19.76,,,,,
2026-09-25T11:50:00+00:00,dc-aisle-cold-pyws,,,,,,,,8.67,4.58,,,,,,49.0,,,,,,,,,,,,,,,19.69,,,,,
2026-09-25T11:55:00+00:00,dc-aisle-cold-pyws,,,,,,,,8.8,4.79,,,,,,49.2,,,,,,,,,,,,,,,19.77,,,,,
2026-09-25T12:00:00+00:00,dc-aisle-cold-pyws,,,,,,,,9.04,3.84,,,,,,49.4,,,,,,,,,,,,,,,19.96,,,,,
2026-09-25T12:05:00+00:00,dc-aisle-cold-pyws,,,,,,,,9.04,4.53,,,,,,49.7,,,,,,,,,,,,,,,19.86,,,,,
2026-09-25T12:10:00+00:00,dc-aisle-cold-pyws,,,,,,,,8.94,4.34,,,,,,49.3,,,,,,,,,,,,,,,19.89,,,,,
2026-09-25T12:15:00+00:00,dc-aisle-cold-pyws,,,,,,,,9.25,4.47,,,,,,49.6,,,,,,,,,,,,,,,20.12,,,,,
2026-09-25T12:20:00+00:00,dc-aisle-cold-pyws,,,,,,,,9.03,4.04,,,,,,49.4,,,,,,,,,,,,,,,19.95,,,,,
2026-09-25T12:25:00+00:00,dc-aisle-cold-pyws,,,,,,,,9.06,3.86,,,,,,49.3,,,,,,,,,,,,,,,20.02,,,,,
2026-09-25T12:30:00+00:00,dc-aisle-cold-pyws,,,,,,,,9.24,3.89,,,,,,49.8,,,,,,,,,,,,,,,20.05,,,,,
2026-09-25T12:35:00+00:00,dc-aisle-cold-pyws,,,,,,,,8.91,4.31,,,,,,49.2,,,,,,,,,,,,,,,19.88,,,,,
2026-09-25T12:40:00+00:00,dc-aisle-cold-pyws,,,,,,,,8.8,4.01,,,,,,48.5,,,,,,,,,,,,,,,20.0,,,,,
2026-09-25T12:45:00+00:00,dc-aisle-cold-pyws,,,,,,,,9.12,3.86,,,,,,49.4,,,,,,,,,,,,,,,20.05,,,,,
2026-09-25T12:50:00+00:00,dc-aisle-cold-pyws,,,,,,,,8.96,4.17,,,,,,48.8,,,,,,,,,,,,,,,20.07,,,,,
2026-09-25T12:55:00+00:00,dc-aisle-cold-pyws,,,,,,,,9.08,4.74,,,,,,49.2,,,,,,,,,,,,,,,20.07,,,,,
2026-09-25T13:00:00+00:00,dc-aisle-cold-pyws,,,,,,,,9.01,4.08,,,,,,49.1,,,,,,,,,,,,,,,20.03,,,,,
2026-09-25T13:05:00+00:00,dc-aisle-cold-pyws,,,,,,,,9.01,4.03,,,,,,48.5,,,,,,,,,,,,,,,20.23,,,,,
2026-09-25T13:10:00+00:00,dc-aisle-cold-pyws,,,,,,,,8.96,5.04,,,,,,48.8,,,,,,,,,,,,,,,20.07,,,,,
2026-09-25T13:15:00+00:00,dc-aisle-cold-pyws,,,,,,,,9.17,4.49,,,,,,49.2,,,,,,,,,,,,,,,20.17,,,,,
2026-09-25T13:20:00+00:00,dc-aisle-cold-pyws,,,,,,,,9.18,4.91,,,,,,48.7,,,,,,,,,,,,,,,20.34,,,,,
2026-09-25T13:25:00+00:00,dc-aisle-cold-pyws,,,,,,,,9.07,4.27,,,,,,48.2,,,,,,,,,,,,,,,20.39,,,,,
2026-09-25T13:30:00+00:00,dc-aisle-cold-pyws,,,,,,,,9.02,4.38,,,,,,48.2,,,,,,,,,,,,,,,20.34,,,,,
2026-09-25T13:35:00+00:00,dc-aisle-cold-pyws,,,,,,,,9.18,4.1,,,,,,48.2,,,,,,,,,,,,,,,20.51,,,,,
2026-09-25T13:40:00+00:00,dc-aisle-cold-pyws,,,,,,,,9.06,3.7,,,,,,48.2,,,,,,,,,,,,,,,20.38,,,,,
2026-09-25T13:45:00+00:00,dc-aisle-cold-pyws,,,,,,,,8.94,4.33,,,,,,47.7,,,,,,,,,,,,,,,20.42,,,,,
2026-09-25T13:50:00+00:00,dc-aisle-cold-pyws,,,,,,,,9.16,4.95,,,,,,48.7,,,,,,,,,,,,,,,20.32,,,,,
2026-09-25T13:55:00+00:00,dc-aisle-cold-pyws,,,,,,,,9.1,4.13,,,,,,48.4,,,,,,,,,,,,,,,20.36,,,,,
2026-09-25T14:00:00+00:00,dc-aisle-cold-pyws,,,,,,,,8.9,3.97,,,,,,47.3,,,,,,,,,,,,,,,20.51,,,,,
2026-09-25T14:05:00+00:00,dc-aisle-cold-pyws,,,,,,,,9.33,4.37,,,,,,48.5,,,,,,,,,,,,,,,20.58,,,,,
2026-09-25T14:10:00+00:00,dc-aisle-cold-pyws,,,,,,,,9.09,4.71,,,,,,48.0,,,,,,,,,,,,,,,20.48,,,,,
2026-09-25T14:15:00+00:00,dc-aisle-cold-pyws,,,,,,,,9.33,4.47,,,,,,48.3,,,,,,,,,,,,,,,20.64,,,,,
2026-09-25T14:20:00+00:00,dc-aisle-cold-pyws,,,,,,,,9.23,3.75,,,,,,48.0,,,,,,,,,,,,,,,20.63,,,,,
2026-09-25T14:25:00+00:00,dc-aisle-cold-pyws,,,,,,,,8.95,4.98,,,,,,47.0,,,,,,,,,,,,,,,20.67,,,,,
2026-09-25T14:30:00+00:00,dc-aisle-cold-pyws,,,,,,,,9.31,4.3,,,,,,47.8,,,,,,,,,,,,,,,20.79,,,,,
2026-09-25T14:35:00+00:00,dc-aisle-cold-pyws,,,,,,,,9.28,3.94,,,,,,47.6,,,,,,,,,,,,,,,20.82,,,,,
2026-09-25T14:40:00+00:00,dc-aisle-cold-pyws,,,,,,,,9.14,4.56,,,,,,47.5,,,,,,,,,,,,,,,20.71,,,,,
2026-09-25T14:45:00+00:00,dc-aisle-cold-pyws,,,,,,,,9.05,4.51,,,,,,47.0,,,,,,,,,,,,,,,20.78,,,,,
2026-09-25T14:50:00+00:00,dc-aisle-cold-pyws,,,,,,,,9.28,4.91,,,,,,47.3,,,,,,,,,,,,,,,20.93,,,,,
2026-09-25T14:55:00+00:00,dc-aisle-cold-pyws,,,,,,,,8.93,4.87,,,,,,46.7,,,,,,,,,,,,,,,20.75,,,,,
2026-09-25T15:00:00+00:00,dc-aisle-cold-pyws,,,,,,,,9.11,4.28,,,,,,47.2,,,,,,,,,,,,,,,20.78,,,,,
2026-09-25T15:05:00+00:00,dc-aisle-cold-pyws,,,,,,,,8.96,3.85,,,,,,47.0,,,,,,,,,,,,,,,20.68,,,,,
2026-09-25T15:10:00+00:00,dc-aisle-cold-pyws,,,,,,,,8.74,4.42,,,,,,46.1,,,,,,,,,,,,,,,20.75,,,,,
2026-09-25T15:15:00+00:00,dc-aisle-cold-pyws,,,,,,,,9.19,4.27,,,,,,46.8,,,,,,,,,,,,,,,21.0,,,,,
2026-09-25T15:20:00+00:00,dc-aisle-cold-pyws,,,,,,,,9.03,3.91,,,,,,46.6,,,,,,,,,,,,,,,20.9,,,,,
2026-09-25T15:25:00+00:00,dc-aisle-cold-pyws,,,,,,,,9.09,4.01,,,,,,46.4,,,,,,,,,,,,,,,21.03,,,,,
2026-09-25T15:30:00+00:00,dc-aisle-cold-pyws,,,,,,,,8.94,4.44,,,,,,46.3,,,,,,,,,,,,,,,20.9,,,,,
2026-09-25T15:35:00+00:00,dc-aisle-cold-pyws,,,,,,,,9.12,4.2,,,,,,46.5,,,,,,,,,,,,,,,21.03,,,,,
2026-09-25T15:40:00+00:00,dc-aisle-cold-pyws,,,,,,,,8.73,0.58,,,,,,45.8,,,,,,,,,,,,,,,20.85,,,,,
2026-09-25T15:45:00+00:00,dc-aisle-cold-pyws,,,,,,,,9.06,4.29,,,,,,46.1,,,,,,,,,,,,,,,21.1,,,,,
2026-09-25T15:50:00+00:00,dc-aisle-cold-pyws,,,,,,,,8.87,4.36,,,,,,45.9,,,,,,,,,,,,,,,20.97,,,,,
2026-09-25T15:55:00+00:00,dc-aisle-cold-pyws,,,,,,,,8.93,4.1,,,,,,45.7,,,,,,,,,,,,,,,21.1,,,,,
2026-09-25T16:00:00+00:00,dc-aisle-cold-pyws,,,,,,,,9.05,4.98,,,,,,46.3,,,,,,,,,,,,,,,21.02,,,,,
2026-09-25T16:05:00+00:00,dc-aisle-cold-pyws,,,,,,,,8.83,3.91,,,,,,45.5,,,,,,,,,,,,,,,21.07,,,,,
2026-09-25T16:10:00+00:00,dc-aisle-cold-pyws,,,,,,,,9.17,3.46,,,,,,46.3,,,,,,,,,,,,,,,21.16,,,,,
2026-09-25T16:15:00+00:00,dc-aisle-cold-pyws,,,,,,,,8.77,3.71,,,,,,45.4,,,,,,,,,,,,,,,21.03,,,,,
2026-09-25T16:20:00+00:00,dc-aisle-cold-pyws,,,,,,,,9.16,4.36,,,,,,45.8,,,,,,,,,,,,,,,21.32,,,,,
2026-09-25T16:25:00+00:00,dc-aisle-cold-pyws,,,,,,,,9.15,0.12,,,,,,45.8,,,,,,,,,,,,,,,21.31,,,,,
2026-09-25T16:30:00+00:00,dc-aisle-cold-pyws,,,,,,,,9.01,4.42,,,,,,45.2,,,,,,,,,,,,,,,21.37,,,,,
2026-09-25T16:35:00+00:00,dc-aisle-cold-pyws,,,,,,,,9.03,4.73,,,,,,45.7,,,,,,,,,,,,,,,21.21,,,,,
2026-09-25T16:40:00+00:00,dc-aisle-cold-pyws,,,,,,,,8.72,4.7,,,,,,44.6,,,,,,,,,,,,,,,21.27,,,,,
2026-09-25T16:45:00+00:00,dc-aisle-cold-pyws,,,,,,,,8.92,4.79,,,,,,45.0,,,,,,,,,,,,,,,21.35,,,,,
2026-09-25T16:50:00+00:00,dc-aisle-cold-pyws,,,,,,,,9.25,4.69,,,,,,45.6,,,,,,,,,,,,,,,21.49,,,,,
2026-09-25T16:55:00+00:00,dc-aisle-cold-pyws,,,,,,,,8.83,4.42,,,,,,44.9,,,,,,,,,,,,,,,21.28,,,,,
2026-09-25T17:00:00+00:00,dc-aisle-cold-pyws,,,,,,,,9.13,4.75,,,,,,45.3,,,,,,,,,,,,,,,21.47,,,,,
2026-09-25T17:05:00+00:00,dc-aisle-cold-pyws,,,,,,,,8.85,4.52,,,,,,45.0,,,,,,,,,,,,,,,21.27,,,,,
2026-09-25T17:10:00+00:00,dc-aisle-cold-pyws,,,,,,,,9.06,4.44,,,,,,45.4,,,,,,,,,,,,,,,21.35,,,,,
2026-09-25T17:15:00+00:00,dc-aisle-cold-pyws,,,,,,,,8.73,3.76,,,,,,44.4,,,,,,,,,,,,,,,21.36,,,,,
2026-09-25T17:20:00+00:00,dc-aisle-cold-pyws,,,,,,,,9.01,4.72,,,,,,45.0,,,,,,,,,,,,,,,21.44,,,,,
2026-09-25T17:25:00+00:00,dc-aisle-cold-pyws,,,,,,,,8.9,4.31,,,,,,44.3,,,,,,,,,,,,,,,21.58,,,,,
2026-09-25T17:30:00+00:00,dc-aisle-cold-pyws,,,,,,,,8.74,4.07,,,,,,44.3,,,,,,,,,,,,,,,21.4,,,,,
2026-09-25T17:35:00+00:00,dc-aisle-cold-pyws,,,,,,,,8.93,4.26,,,,,,44.5,,,,,,,,,,,,,,,21.54,,,,,
2026-09-25T17:40:00+00:00,dc-aisle-cold-pyws,,,,,,,,8.67,4.39,,,,,,43.7,,,,,,,,,,,,,,,21.55,,,,,
2026-09-25T17:45:00+00:00,dc-aisle-cold-pyws,,,,,,,,8.97,3.57,,,,,,44.6,,,,,,,,,,,,,,,21.55,,,,,
2026-09-25T17:50:00+00:00,dc-aisle-cold-pyws,,,,,,,,8.84,4.88,,,,,,44.6,,,,,,,,,,,,,,,21.4,,,,,
2026-09-25T17:55:00+00:00,dc-aisle-cold-pyws,,,,,,,,8.83,4.49,,,,,,43.6,,,,,,,,,,,,,,,21.76,,,,,
2026-09-25T18:00:00+00:00,dc-aisle-cold-pyws,,,,,,,,8.97,4.71,,,,,,43.9,,,,,,,,,,,,,,,21.8,,,,,
2026-09-25T18:05:00+00:00,dc-aisle-cold-pyws,,,,,,,,8.98,5.02,,,,,,44.5,,,,,,,,,,,,,,,21.59,,,,,
2026-09-25T18:10:00+00:00,dc-aisle-cold-pyws,,,,,,,,8.75,4.47,,,,,,44.0,,,,,,,,,,,,,,,21.52,,,,,
2026-09-25T18:15:00+00:00,dc-aisle-cold-pyws,,,,,,,,8.81,4.52,,,,,,43.8,,,,,,,,,,,,,,,21.66,,,,,
2026-09-25T18:20:00+00:00,dc-aisle-cold-pyws,,,,,,,,8.86,4.75,,,,,,43.9,,,,,,,,,,,,,,,21.68,,,,,
2026-09-25T18:25:00+00:00,dc-aisle-cold-pyws,,,,,,,,8.73,3.91,,,,,,43.9,,,,,,,,,,,,,,,21.54,,,,,
2026-09-25T18:30:00+00:00,dc-aisle-cold-pyws,,,,,,,,8.56,4.0,,,,,,43.2,,,,,,,,,,,,,,,21.62,,,,,
2026-09-25T18:35:00+00:00,dc-aisle-cold-pyws,,,,,,,,8.66,3.8,,,,,,44.0,,,,,,,,,,,,,,,21.42,,,,,
2026-09-25T18:40:00+00:00,dc-aisle-cold-pyws,,,,,,,,8.82,4.83,,,,,,43.8,,,,,,,,,,,,,,,21.68,,,,,
2026-09-25T18:45:00+00:00,dc-aisle-cold-pyws,,,,,,,,8.59,5.24,,,,,,43.1,,,,,,,,,,,,,,,21.69,,,,,
2026-09-25T18:50:00+00:00,dc-aisle-cold-pyws,,,,,,,,8.43,4.2,,,,,,42.8,,,,,,,,,,,,,,,21.62,,,,,
2026-09-25T18:55:00+00:00,dc-aisle-cold-pyws,,,,,,,,8.41,4.3,,,,,,43.0,,,,,,,,,,,,,,,21.53,,,,,
2026-09-25T19:00:00+00:00,dc-aisle-cold-pyws,,,,,,,,8.49,3.92,,,,,,43.0,,,,,,,,,,,,,,,21.61,,,,,
2026-09-25T19:05:00+00:00,dc-aisle-cold-pyws,,,,,,,,8.72,4.2,,,,,,43.5,,,,,,,,,,,,,,,21.68,,,,,
2026-09-25T19:10:00+00:00,dc-aisle-cold-pyws,,,,,,,,8.35,4.4,,,,,,42.9,,,,,,,,,,,,,,,21.5,,,,,
2026-09-25T19:15:00+00:00,dc-aisle-cold-pyws,,,,,,,,8.27,4.41,,,,,,42.4,,,,,,,,,,,,,,,21.6,,,,,
2026-09-25T19:20:00+00:00,dc-aisle-cold-pyws,,,,,,,,8.56,4.13,,,,,,43.0,,,,,,,,,,,,,,,21.69,,,,,
2026-09-25T19:25:00+00:00,dc-aisle-cold-pyws,,,,,,,,8.6,4.47,,,,,,43.3,,,,,,,,,,,,,,,21.62,,,,,
2026-09-25T19:30:00+00:00,dc-aisle-cold-pyws,,,,,,,,8.63,4.47,,,,,,43.5,,,,,,,,,,,,,,,21.58,,,,,
2026-09-25T19:35:00+00:00,dc-aisle-cold-pyws,,,,,,,,8.54,4.12,,,,,,42.8,,,,,,,,,,,,,,,21.75,,,,,
2026-09-25T19:40:00+00:00,dc-aisle-cold-pyws,,,,,,,,8.54,4.77,,,,,,42.8,,,,,,,,,,,,,,,21.75,,,,,
2026-09-25T19:45:00+00:00,dc-aisle-cold-pyws,,,,,,,,8.3,3.94,,,,,,42.0,,,,,,,,,,,,,,,21.79,,,,,
2026-09-25T19:50:00+00:00,dc-aisle-cold-pyws,,,,,,,,8.34,4.32,,,,,,42.5,,,,,,,,,,,,,,,21.64,,,,,
2026-09-25T19:55:00+00:00,dc-aisle-cold-pyws,,,,,,,,8.35,4.49,,,,,,42.1,,,,,,,,,,,,,,,21.8,,,,,
2026-09-25T20:00:00+00:00,dc-aisle-cold-pyws,,,,,,,,8.27,4.25,,,,,,42.1,,,,,,,,,,,,,,,21.71,,,,,
2026-09-25T20:05:00+00:00,dc-aisle-cold-pyws,,,,,,,,8.54,4.91,,,,,,42.8,,,,,,,,,,,,,,,21.75,,,,,
2026-09-25T20:10:00+00:00,dc-aisle-cold-pyws,,,,,,,,8.59,3.82,,,,,,42.8,,,,,,,,,,,,,,,21.8,,,,,
2026-09-25T20:15:00+00:00,dc-aisle-cold-pyws,,,,,,,,8.25,4.29,,,,,,42.1,,,,,,,,,,,,,,,21.69,,,,,
2026-09-25T20:20:00+00:00,dc-aisle-cold-pyws,,,,,,,,8.45,4.28,,,,,,42.6,,,,,,,,,,,,,,,21.72,,,,,
2026-09-25T20:25:00+00:00,dc-aisle-cold-pyws,,,,,,,,8.3,4.63,,,,,,42.6,,,,,,,,,,,,,,,21.56,,,,,
2026-09-25T20:30:00+00:00,dc-aisle-cold-pyws,,,,,,,,8.42,4.31,,,,,,42.7,,,,,,,,,,,,,,,21.65,,,,,
2026-09-25T20:35:00+00:00,dc-aisle-cold-pyws,,,,,,,,8.05,4.11,,,,,,41.7,,,,,,,,,,,,,,,21.63,,,,,
2026-09-25T20:40:00+00:00,dc-aisle-cold-pyws,,,,,,,,8.42,4.13,,,,,,42.5,,,,,,,,,,,,,,,21.73,,,,,
2026-09-25T20:45:00+00:00,dc-aisle-cold-pyws,,,,,,,,8.16,5.11,,,,,,42.3,,,,,,,,,,,,,,,21.52,,,,,
2026-09-25T20:50:00+00:00,dc-aisle-cold-pyws,,,,,,,,8.1,4.22,,,,,,42.3,,,,,,,,,,,,,,,21.45,,,,,
2026-09-25T20:55:00+00:00,dc-aisle-cold-pyws,,,,,,,,8.26,4.15,,,,,,42.2,,,,,,,,,,,,,,,21.66,,,,,
2026-09-25T21:00:00+00:00,dc-aisle-cold-pyws,,,,,,,,8.28,4.32,,,,,,41.8,,,,,,,,,,,,,,,21.84,,,,,
2026-09-25T21:05:00+00:00,dc-aisle-cold-pyws,,,,,,,,8.28,4.39,,,,,,42.2,,,,,,,,,,,,,,,21.69,,,,,
2026-09-25T21:10:00+00:00,dc-aisle-cold-pyws,,,,,,,,7.95,4.16,,,,,,41.8,,,,,,,,,,,,,,,21.48,,,,,
2026-09-25T21:15:00+00:00,dc-aisle-cold-pyws,,,,,,,,8.11,4.65,,,,,,41.9,,,,,,,,,,,,,,,21.62,,,,,
2026-09-25T21:20:00+00:00,dc-aisle-cold-pyws,,,,,,,,8.35,4.51,,,,,,42.2,,,,,,,,,,,,,,,21.76,,,,,
2026-09-25T21:25:00+00:00,dc-aisle-cold-pyws,,,,,,,,7.99,3.94,,,,,,42.1,,,,,,,,,,,,,,,21.41,,,,,
2026-09-25T21:30:00+00:00,dc-aisle-cold-pyws,,,,,,,,8.44,4.27,,,,,,42.7,,,,,,,,,,,,,,,21.67,,,,,
2026-09-25T21:35:00+00:00,dc-aisle-cold-pyws,,,,,,,,8.32,4.39,,,,,,42.4,,,,,,,,,,,,,,,21.65,,,,,
2026-09-25T21:40:00+00:00,dc-aisle-cold-pyws,,,,,,,,8.19,4.05,,,,,,42.3,,,,,,,,,,,,,,,21.55,,,,,
2026-09-25T21:45:00+00:00,dc-aisle-cold-pyws,,,,,,,,7.99,3.85,,,,,,41.8,,,,,,,,,,,,,,,21.52,,,,,
2026-09-25T21:50:00+00:00,dc-aisle-cold-pyws,,,,,,,,8.02,4.34,,,,,,41.9,,,,,,,,,,,,,,,21.52,,,,,
2026-09-25T21:55:00+00:00,dc-aisle-cold-pyws,,,,,,,,7.93,4.3,,,,,,41.7,,,,,,,,,,,,,,,21.49,,,,,
2026-09-25T22:00:00+00:00,dc-aisle-cold-pyws,,,,,,,,8.02,3.65,,,,,,41.8,,,,,,,,,,,,,,,21.56,,,,,
2026-09-25T22:05:00+00:00,dc-aisle-cold-pyws,,,,,,,,8.05,4.61,,,,,,42.0,,,,,,,,,,,,,,,21.51,,,,,
2026-09-25T22:10:00+00:00,dc-aisle-cold-pyws,,,,,,,,8.01,5.26,,,,,,41.9,,,,,,,,,,,,,,,21.51,,,,,
2026-09-25T22:15:00+00:00,dc-aisle-cold-pyws,,,,,,,,7.87,4.41,,,,,,41.7,,,,,,,,,,,,,,,21.43,,,,,
2026-09-25T22:20:00+00:00,dc-aisle-cold-pyws,,,,,,,,8.33,4.85,,,,,,42.8,,,,,,,,,,,,,,,21.51,,,,,
2026-09-25T22:25:00+00:00,dc-aisle-cold-pyws,,,,,,,,7.77,4.76,,,,,,41.5,,,,,,,,,,,,,,,21.39,,,,,
2026-09-25T22:30:00+00:00,dc-aisle-cold-pyws,,,,,,,,7.96,4.77,,,,,,41.5,,,,,,,,,,,,,,,21.61,,,,,
2026-09-25T22:35:00+00:00,dc-aisle-cold-pyws,,,,,,,,8.02,4.52,,,,,,41.9,,,,,,,,,,,,,,,21.52,,,,,
2026-09-25T22:40:00+00:00,dc-aisle-cold-pyws,,,,,,,,8.16,4.47,,,,,,42.6,,,,,,,,,,,,,,,21.4,,,,,
2026-09-25T22:45:00+00:00,dc-aisle-cold-pyws,,,,,,,,7.89,4.12,,,,,,42.3,,,,,,,,,,,,,,,21.22,,,,,
2026-09-25T22:50:00+00:00,dc-aisle-cold-pyws,,,,,,,,7.83,3.86,,,,,,41.6,,,,,,,,,,,,,,,21.42,,,,,
2026-09-25T22:55:00+00:00,dc-aisle-cold-pyws,,,,,,,,8.25,3.88,,,,,,43.0,,,,,,,,,,,,,,,21.35,,,,,
2026-09-25T23:00:00+00:00,dc-aisle-cold-pyws,,,,,,,,7.97,3.88,,,,,,42.3,,,,,,,,,,,,,,,21.31,,,,,
2026-09-25T23:05:00+00:00,dc-aisle-cold-pyws,,,,,,,,7.84,4.18,,,,,,41.8,,,,,,,,,,,,,,,21.35,,,,,
2026-09-25T23:10:00+00:00,dc-aisle-cold-pyws,,,,,,,,8.02,4.6,,,,,,42.2,,,,,,,,,,,,,,,21.4,,,,,
2026-09-25T23:15:00+00:00,dc-aisle-cold-pyws,,,,,,,,7.82,4.51,,,,,,42.0,,,,,,,,,,,,,,,21.26,,,,,
2026-09-25T23:20:00+00:00,dc-aisle-cold-pyws,,,,,,,,7.92,4.14,,,,,,42.2,,,,,,,,,,,,,,,21.29,,,,,
2026-09-25T23:25:00+00:00,dc-aisle-cold-pyws,,,,,,,,8.26,4.38,,,,,,43.3,,,,,,,,,,,,,,,21.24,,,,,
2026-09-25T23:30:00+00:00,dc-aisle-cold-pyws,,,,,,,,7.88,4.04,,,,,,42.3,,,,,,,,,,,,,,,21.21,,,,,
2026-09-25T23:35:00+00:00,dc-aisle-cold-pyws,,,,,,,,7.93,4.42,,,,,,42.5,,,,,,,,,,,,,,,21.18,,,,,
2026-09-25T23:40:00+00:00,dc-aisle-cold-pyws,,,,,,,,7.92,4.07,,,,,,42.5,,,,,,,,,,,,,,,21.17,,,,,
2026-09-25T23:45:00+00:00,dc-aisle-cold-pyws,,,,,,,,7.97,4.39,,,,,,42.4,,,,,,,,,,,,,,,21.27,,,,,
2026-09-25T23:50:00+00:00,dc-aisle-cold-pyws,,,,,,,,7.9,4.49,,,,,,42.3,,,,,,,,,,,,,,,21.23,,,,,
2026-09-25T23:55:00+00:00,dc-aisle-cold-pyws,,,,,,,,7.77,3.96,,,,,,42.2,,,,,,,,,,,,,,,21.12,,,,,
2026-09-26T00:00:00+00:00,dc-aisle-cold-pyws,,,,,,,,7.71,4.78,,,,,,42.2,,,,,,,,,,,,,,,21.06,,,,,
2026-09-26T00:05:00+00:00,dc-aisle-cold-pyws,,,,,,,,7.75,4.04,,,,,,42.8,,,,,,,,,,,,,,,20.87,,,,,
2026-09-26T00:10:00+00:00,dc-aisle-cold-pyws,,,,,,,,7.95,4.49,,,,,,42.6,,,,,,,,,,,,,,,21.17,,,,,
2026-09-26T00:15:00+00:00,dc-aisle-cold-pyws,,,,,,,,7.84,4.21,,,,,,42.5,,,,,,,,,,,,,,,21.08,,,,,
2026-09-26T00:20:00+00:00,dc-aisle-cold-pyws,,,,,,,,7.75,3.57,,,,,,42.3,,,,,,,,,,,,,,,21.06,,,,,
2026-09-26T00:25:00+00:00,dc-aisle-cold-pyws,,,,,,,,7.75,4.44,,,,,,42.9,,,,,,,,,,,,,,,20.83,,,,,
2026-09-26T00:30:00+00:00,dc-aisle-cold-pyws,,,,,,,,8.01,5.01,,,,,,43.7,,,,,,,,,,,,,,,20.82,,,,,
2026-09-26T00:35:00+00:00,dc-aisle-cold-pyws,,,,,,,,7.66,4.2,,,,,,42.3,,,,,,,,,,,,,,,20.96,,,,,
2026-09-26T00:40:00+00:00,dc-aisle-cold-pyws,,,,,,,,7.65,4.47,,,,,,42.3,,,,,,,,,,,,,,,20.95,,,,,
2026-09-26T00:45:00+00:00,dc-aisle-cold-pyws,,,,,,,,7.9,4.28,,,,,,42.9,,,,,,,,,,,,,,,21.0,,,,,
2026-09-26T00:50:00+00:00,dc-aisle-cold-pyws,,,,,,,,8.03,4.29,,,,,,43.5,,,,,,,,,,,,,,,20.92,,,,,
2026-09-26T00:55:00+00:00,dc-aisle-cold-pyws,,,,,,,,8.22,4.98,,,,,,44.1,,,,,,,,,,,,,,,20.9,,,,,
2026-09-26T01:00:00+00:00,dc-aisle-cold-pyws,,,,,,,,8.2,4.02,,,,,,44.2,,,,,,,,,,,,,,,20.84,,,,,
2026-09-26T01:05:00+00:00,dc-aisle-cold-pyws,,,,,,,,7.83,0.48,,,,,,43.4,,,,,,,,,,,,,,,20.73,,,,,
2026-09-26T01:10:00+00:00,dc-aisle-cold-pyws,,,,,,,,7.69,4.36,,,,,,43.3,,,,,,,,,,,,,,,20.61,,,,,
2026-09-26T01:15:00+00:00,dc-aisle-cold-pyws,,,,,,,,7.74,4.18,,,,,,43.3,,,,,,,,,,,,,,,20.67,,,,,
2026-09-26T01:20:00+00:00,dc-aisle-cold-pyws,,,,,,,,7.62,3.9,,,,,,43.0,,,,,,,,,,,,,,,20.65,,,,,
2026-09-26T01:25:00+00:00,dc-aisle-cold-pyws,,,,,,,,7.68,4.18,,,,,,43.1,,,,,,,,,,,,,,,20.68,,,,,
2026-09-26T01:30:00+00:00,dc-aisle-cold-pyws,,,,,,,,7.97,4.98,,,,,,43.8,,,,,,,,,,,,,,,20.74,,,,,
2026-09-26T01:35:00+00:00,dc-aisle-cold-pyws,,,,,,,,7.59,3.96,,,,,,43.1,,,,,,,,,,,,,,,20.58,,,,,
2026-09-26T01:40:00+00:00,dc-aisle-cold-pyws,,,,,,,,7.73,4.71,,,,,,43.5,,,,,,,,,,,,,,,20.58,,,,,
2026-09-26T01:45:00+00:00,dc-aisle-cold-pyws,,,,,,,,7.87,4.19,,,,,,43.7,,,,,,,,,,,,,,,20.66,,,,,
2026-09-26T01:50:00+00:00,dc-aisle-cold-pyws,,,,,,,,7.8,4.09,,,,,,43.9,,,,,,,,,,,,,,,20.51,,,,,
2026-09-26T01:55:00+00:00,dc-aisle-cold-pyws,,,,,,,,7.82,3.94,,,,,,43.9,,,,,,,,,,,,,,,20.53,,,,,
2026-09-26T02:00:00+00:00,dc-aisle-cold-pyws,,,,,,,,8.02,3.71,,,,,,44.2,,,,,,,,,,,,,,,20.64,,,,,
2026-09-26T02:05:00+00:00,dc-aisle-cold-pyws,,,,,,,,7.73,4.61,,,,,,44.2,,,,,,,,,,,,,,,20.32,,,,,
2026-09-26T02:10:00+00:00,dc-aisle-cold-pyws,,,,,,,,8.08,4.87,,,,,,45.0,,,,,,,,,,,,,,,20.42,,,,,
2026-09-26T02:15:00+00:00,dc-aisle-cold-pyws,,,,,,,,8.03,5.33,,,,,,44.6,,,,,,,,,,,,,,,20.51,,,,,
2026-09-26T02:20:00+00:00,dc-aisle-cold-pyws,,,,,,,,7.87,4.28,,,,,,44.3,,,,,,,,,,,,,,,20.44,,,,,
2026-09-26T02:25:00+00:00,dc-aisle-cold-pyws,,,,,,,,7.82,4.09,,,,,,44.5,,,,,,,,,,,,,,,20.32,,,,,
2026-09-26T02:30:00+00:00,dc-aisle-cold-pyws,,,,,,,,8.03,4.34,,,,,,44.7,,,,,,,,,,,,,,,20.47,,,,,
2026-09-26T02:35:00+00:00,dc-aisle-cold-pyws,,,,,,,,7.75,4.21,,,,,,44.2,,,,,,,,,,,,,,,20.35,,,,,
2026-09-26T02:40:00+00:00,dc-aisle-cold-pyws,,,,,,,,8.05,4.67,,,,,,45.0,,,,,,,,,,,,,,,20.39,,,,,
2026-09-26T02:45:00+00:00,dc-aisle-cold-pyws,,,,,,,,7.91,4.53,,,,,,44.3,,,,,,,,,,,,,,,20.49,,,,,
2026-09-26T02:50:00+00:00,dc-aisle-cold-pyws,,,,,,,,7.73,4.23,,,,,,44.4,,,,,,,,,,,,,,,20.25,,,,,
2026-09-26T02:55:00+00:00,dc-aisle-cold-pyws,,,,,,,,8.05,4.76,,,,,,45.1,,,,,,,,,,,,,,,20.35,,,,,
2026-09-26T03:00:00+00:00,dc-aisle-cold-pyws,,,,,,,,7.75,4.47,,,,,,44.7,,,,,,,,,,,,,,,20.17,,,,,
2026-09-26T03:05:00+00:00,dc-aisle-cold-pyws,,,,,,,,7.79,4.45,,,,,,44.9,,,,,,,,,,,,,,,20.14,,,,,
2026-09-26T03:10:00+00:00,dc-aisle-cold-pyws,,,,,,,,7.96,4.32,,,,,,45.1,,,,,,,,,,,,,,,20.25,,,,,
2026-09-26T03:15:00+00:00,dc-aisle-cold-pyws,,,,,,,,7.87,4.55,,,,,,44.9,,,,,,,,,,,,,,,20.22,,,,,
2026-09-26T03:20:00+00:00,dc-aisle-cold-pyws,,,,,,,,7.56,4.22,,,,,,44.6,,,,,,,,,,,,,,,19.99,,,,,
2026-09-26T03:25:00+00:00,dc-aisle-cold-pyws,,,,,,,,7.9,4.14,,,,,,45.6,,,,,,,,,,,,,,,20.01,,,,,
2026-09-26T03:30:00+00:00,dc-aisle-cold-pyws,,,,,,,,7.77,3.76,,,,,,45.1,,,,,,,,,,,,,,,20.04,,,,,
2026-09-26T03:35:00+00:00,dc-aisle-cold-pyws,,,,,,,,7.64,4.5,,,,,,45.3,,,,,,,,,,,,,,,19.83,,,,,
2026-09-26T03:40:00+00:00,dc-aisle-cold-pyws,,,,,,,,8.06,4.66,,,,,,46.1,,,,,,,,,,,,,,,20.01,,,,,
2026-09-26T03:45:00+00:00,dc-aisle-cold-pyws,,,,,,,,8.34,1.14,,,,,,46.9,,,,,,,,,,,,,,,20.04,,,,,
2026-09-26T03:50:00+00:00,dc-aisle-cold-pyws,,,,,,,,7.91,4.27,,,,,,45.3,,,,,,,,,,,,,,,20.12,,,,,
2026-09-26T03:55:00+00:00,dc-aisle-cold-pyws,,,,,,,,8.02,4.73,,,,,,46.2,,,,,,,,,,,,,,,19.93,,,,,
2026-09-26T04:00:00+00:00,dc-aisle-cold-pyws,,,,,,,,7.8,4.8,,,,,,45.9,,,,,,,,,,,,,,,19.79,,,,,
2026-09-26T04:05:00+00:00,dc-aisle-cold-pyws,,,,,,,,8.13,4.74,,,,,,46.7,,,,,,,,,,,,,,,19.87,,,,,
2026-09-26T04:10:00+00:00,dc-aisle-cold-pyws,,,,,,,,8.0,4.42,,,,,,46.1,,,,,,,,,,,,,,,19.94,,,,,
2026-09-26T04:15:00+00:00,dc-aisle-cold-pyws,,,,,,,,8.24,4.56,,,,,,47.0,,,,,,,,,,,,,,,19.89,,,,,
2026-09-26T04:20:00+00:00,dc-aisle-cold-pyws,,,,,,,,7.73,4.77,,,,,,45.6,,,,,,,,,,,,,,,19.82,,,,,
2026-09-26T04:25:00+00:00,dc-aisle-cold-pyws,,,,,,,,8.09,3.97,,,,,,46.3,,,,,,,,,,,,,,,19.97,,,,,
2026-09-26T04:30:00+00:00,dc-aisle-cold-pyws,,,,,,,,7.94,4.53,,,,,,46.5,,,,,,,,,,,,,,,19.74,,,,,
2026-09-26T04:35:00+00:00,dc-aisle-cold-pyws,,,,,,,,8.17,4.24,,,,,,47.0,,,,,,,,,,,,,,,19.82,,,,,
2026-09-26T04:40:00+00:00,dc-aisle-cold-pyws,,,,,,,,7.88,4.56,,,,,,46.6,,,,,,,,,,,,,,,19.64,,,,,
2026-09-26T04:45:00+00:00,dc-aisle-cold-pyws,,,,,,,,7.84,4.11,,,,,,47.0,,,,,,,,,,,,,,,19.45,,,,,
2026-09-26T04:50:00+00:00,dc-aisle-cold-pyws,,,,,,,,8.06,4.01,,,,,,46.8,,,,,,,,,,,,,,,19.76,,,,,
2026-09-26T04:55:00+00:00,dc-aisle-cold-pyws,,,,,,,,7.99,4.21,,,,,,46.9,,,,,,,,,,,,,,,19.65,,,,,
2026-09-27T05:00:00+00:00,dc-aisle-cold-pyws,,,,,,,,8.03,4.06,,,,,,47.0,,,,,,,,,,,,,,,19.66,,,,,
2026-09-27T05:05:00+00:00,dc-aisle-cold-pyws,,,,,,,,7.77,5.24,,,,,,46.6,,,,,,,,,,,,,,,19.51,,,,,
2026-09-27T05:10:00+00:00,dc-aisle-cold-pyws,,,,,,,,8.31,4.37,,,,,,47.7,,,,,,,,,,,,,,,19.73,,,,,
2026-09-27T05:15:00+00:00,dc-aisle-cold-pyws,,,,,,,,7.94,4.36,,,,,,46.8,,,,,,,,,,,,,,,19.63,,,,,
2026-09-27T05:20:00+00:00,dc-aisle-cold-pyws,,,,,,,,8.23,4.48,,,,,,47.7,,,,,,,,,,,,,,,19.64,,,,,
2026-09-27T05:25:00+00:00,dc-aisle-cold-pyws,,,,,,,,8.05,3.92,,,,,,47.3,,,,,,,,,,,,,,,19.58,,,,,
2026-09-27T05:30:00+00:00,dc-aisle-cold-pyws,,,,,,,,8.21,3.94,,,,,,47.6,,,,,,,,,,,,,,,19.66,,,,,
2026-09-27T05:35:00+00:00,dc-aisle-cold-pyws,,,,,,,,8.2,4.65,,,,,,47.3,,,,,,,,,,,,,,,19.75,,,,,
2026-09-27T05:40:00+00:00,dc-aisle-cold-pyws,,,,,,,,8.37,4.35,,,,,,48.9,,,,,,,,,,,,,,,19.4,,,,,
2026-09-27T05:45:00+00:00,dc-aisle-cold-pyws,,,,,,,,8.12,3.97,,,,,,47.6,,,,,,,,,,,,,,,19.56,,,,,
2026-09-27T05:50:00+00:00,dc-aisle-cold-pyws,,,,,,,,8.28,4.15,,,,,,48.2,,,,,,,,,,,,,,,19.53,,,,,
2026-09-27T05:55:00+00:00,dc-aisle-cold-pyws,,,,,,,,7.91,5.07,,,,,,47.6,,,,,,,,,,,,,,,19.33,,,,,
2026-09-27T06:00:00+00:00,dc-aisle-cold-pyws,,,,,,,,8.13,4.53,,,,,,47.6,,,,,,,,,,,,,,,19.57,,,,,
2026-09-27T06:05:00+00:00,dc-aisle-cold-pyws,,,,,,,,8.03,4.08,,,,,,47.9,,,,,,,,,,,,,,,19.36,,,,,
2026-09-27T06:10:00+00:00,dc-aisle-cold-pyws,,,,,,,,8.15,3.99,,,,,,48.0,,,,,,,,,,,,,,,19.45,,,,,
2026-09-27T06:15:00+00:00,dc-aisle-cold-pyws,,,,,,,,8.33,4.82,,,,,,48.4,,,,,,,,,,,,,,,19.52,,,,,
2026-09-27T06:20:00+00:00,dc-aisle-cold-pyws,,,,,,,,8.13,4.25,,,,,,48.2,,,,,,,,,,,,,,,19.37,,,,,
2026-09-27T06:25:00+00:00,dc-aisle-cold-pyws,,,,,,,,7.89,4.24,,,,,,47.6,,,,,,,,,,,,,,,19.31,,,,,
2026-09-27T06:30:00+00:00,dc-aisle-cold-pyws,,,,,,,,8.3,3.46,,,,,,48.4,,,,,,,,,,,,,,,19.48,,,,,
2026-09-27T06:35:00+00:00,dc-aisle-cold-pyws,,,,,,,,8.37,5.02,,,,,,49.0,,,,,,,,,,,,,,,19.36,,,,,
2026-09-27T06:40:00+00:00,dc-aisle-cold-pyws,,,,,,,,8.41,4.32,,,,,,48.9,,,,,,,,,,,,,,,19.44,,,,,
2026-09-27T06:45:00+00:00,dc-aisle-cold-pyws,,,,,,,,8.43,4.05,,,,,,48.5,,,,,,,,,,,,,,,19.59,,,,,
2026-09-27T06:50:00+00:00,dc-aisle-cold-pyws,,,,,,,,8.01,3.7,,,,,,48.2,,,,,,,,,,,,,,,19.24,,,,,
2026-09-27T06:55:00+00:00,dc-aisle-cold-pyws,,,,,,,,8.6,4.66,,,,,,49.3,,,,,,,,,,,,,,,19.51,,,,,
2026-09-27T07:00:00+00:00,dc-aisle-cold-pyws,,,,,,,,8.2,4.59,,,,,,48.3,,,,,,,,,,,,,,,19.41,,,,,
2026-09-27T07:05:00+00:00,dc-aisle-cold-pyws,,,,,,,,8.3,3.85,,,,,,49.1,,,,,,,,,,,,,,,19.25,,,,,
2026-09-27T07:10:00+00:00,dc-aisle-cold-pyws,,,,,,,,8.58,3.93,,,,,,49.4,,,,,,,,,,,,,,,19.46,,,,,
2026-09-27T07:15:00+00:00,dc-aisle-cold-pyws,,,,,,,,8.22,3.86,,,,,,48.8,,,,,,,,,,,,,,,19.26,,,,,
2026-09-27T07:20:00+00:00,dc-aisle-cold-pyws,,,,,,,,8.1,4.35,,,,,,48.1,,,,,,,,,,,,,,,19.37,,,,,
2026-09-27T07:25:00+00:00,dc-aisle-cold-pyws,,,,,,,,8.56,4.25,,,,,,49.5,,,,,,,,,,,,,,,19.41,,,,,
2026-09-27T07:30:00+00:00,dc-aisle-cold-pyws,,,,,,,,8.4,4.36,,,,,,49.0,,,,,,,,,,,,,,,19.4,,,,,
2026-09-27T07:35:00+00:00,dc-aisle-cold-pyws,,,,,,,,8.42,4.21,,,,,,48.9,,,,,,,,,,,,,,,19.45,,,,,
2026-09-27T07:40:00+00:00,dc-aisle-cold-pyws,,,,,,,,8.44,4.18,,,,,,49.3,,,,,,,,,,,,,,,19.34,,,,,
2026-09-27T07:45:00+00:00,dc-aisle-cold-pyws,,,,,,,,8.32,4.59,,,,,,49.2,,,,,,,,,,,,,,,19.24,,,,,
2026-09-27T07:50:00+00:00,dc-aisle-cold-pyws,,,,,,,,8.22,4.23,,,,,,49.2,,,,,,,,,,,,,,,19.13,,,,,
2026-09-27T07:55:00+00:00,dc-aisle-cold-pyws,,,,,,,,8.66,4.33,,,,,,49.9,,,,,,,,,,,,,,,19.38,,,,,
2026-09-27T08:00:00+00:00,dc-aisle-cold-pyws,,,,,,,,8.57,4.28,,,,,,49.4,,,,,,,,,,,,,,,19.45,,,,,
2026-09-27T08:05:00+00:00,dc-aisle-cold-pyws,,,,,,,,8.57,4.52,,,,,,49.9,,,,,,,,,,,,,,,19.29,,,,,
2026-09-27T08:10:00+00:00,dc-aisle-cold-pyws,,,,,,,,8.46,4.6,,,,,,49.9,,,,,,,,,,,,,,,19.17,,,,,
2026-09-27T08:15:00+00:00,dc-aisle-cold-pyws,,,,,,,,8.6,4.98,,,,,,50.1,,,,,,,,,,,,,,,19.26,,,,,
2026-09-27T08:20:00+00:00,dc-aisle-cold-pyws,,,,,,,,8.6,4.84,,,,,,49.7,,,,,,,,,,,,,,,19.39,,,,,
2026-09-27T08:25:00+00:00,dc-aisle-cold-pyws,,,,,,,,8.41,4.35,,,,,,49.2,,,,,,,,,,,,,,,19.34,,,,,
2026-09-27T08:30:00+00:00,dc-aisle-cold-pyws,,,,,,,,8.42,4.22,,,,,,49.6,,,,,,,,,,,,,,,19.22,,,,,
2026-09-27T08:35:00+00:00,dc-aisle-cold-pyws,,,,,,,,8.57,4.24,,,,,,49.1,,,,,,,,,,,,,,,19.55,,,,,
2026-09-27T08:40:00+00:00,dc-aisle-cold-pyws,,,,,,,,8.54,4.29,,,,,,49.8,,,,,,,,,,,,,,,19.29,,,,,
2026-09-27T08:45:00+00:00,dc-aisle-cold-pyws,,,,,,,,8.59,4.39,,,,,,50.1,,,,,,,,,,,,,,,19.24,,,,,
2026-09-27T08:50:00+00:00,dc-aisle-cold-pyws,,,,,,,,8.39,4.72,,,,,,49.3,,,,,,,,,,,,,,,19.29,,,,,
2026-09-27T08:55:00+00:00,dc-aisle-cold-pyws,,,,,,,,8.77,4.5,,,,,,50.0,,,,,,,,,,,,,,,19.47,,,,,
2026-09-27T09:00:00+00:00,dc-aisle-cold-pyws,,,,,,,,8.71,4.1,,,,,,49.8,,,,,,,,,,,,,,,19.47,,,,,
2026-09-27T09:05:00+00:00,dc-aisle-cold-pyws,,,,,,,,8.87,4.45,,,,,,50.3,,,,,,,,,,,,,,,19.49,,,,,
2026-09-27T09:10:00+00:00,dc-aisle-cold-pyws,,,,,,,,8.27,3.89,,,,,,49.4,,,,,,,,,,,,,,,19.12,,,,,
2026-09-27T09:15:00+00:00,dc-aisle-cold-pyws,,,,,,,,8.55,0.39,,,,,,49.6,,,,,,,,,,,,,,,19.36,,,,,
2026-09-27T09:20:00+00:00,dc-aisle-cold-pyws,,,,,,,,8.57,4.53,,,,,,49.9,,,,,,,,,,,,,,,19.29,,,,,
2026-09-27T09:25:00+00:00,dc-aisle-cold-pyws,,,,,,,,8.64,4.36,,,,,,50.0,,,,,,,,,,,,,,,19.33,,,,,
2026-09-27T09:30:00+00:00,dc-aisle-cold-pyws,,,,,,,,8.86,4.11,,,,,,50.6,,,,,,,,,,,,,,,19.38,,,,,
2026-09-27T09:35:00+00:00,dc-aisle-cold-pyws,,,,,,,,8.52,3.8,,,,,,49.8,,,,,,,,,,,,,,,19.27,,,,,
2026-09-27T09:40:00+00:00,dc-aisle-cold-pyws,,,,,,,,8.75,4.45,,,,,,49.8,,,,,,,,,,,,,,,19.52,,,,,
2026-09-27T09:45:00+00:00,dc-aisle-cold-pyws,,,,,,,,8.65,4.39,,,,,,49.2,,,,,,,,,,,,,,,19.6,,,,,
2026-09-27T09:50:00+00:00,dc-aisle-cold-pyws,,,,,,,,8.87,4.59,,,,,,49.8,,,,,,,,,,,,,,,19.65,,,,,
2026-09-27T09:55:00+00:00,dc-aisle-cold-pyws,,,,,,,,8.88,3.8,,,,,,49.8,,,,,,,,,,,,,,,19.66,,,,,
2026-09-27T10:00:00+00:00,dc-aisle-cold-pyws,,,,,,,,8.86,3.95,,,,,,49.8,,,,,,,,,,,,,,,19.63,,,,,
2026-09-27T10:05:00+00:00,dc-aisle-cold-pyws,,,,,,,,9.0,3.8,,,,,,50.9,,,,,,,,,,,,,,,19.43,,,,,
2026-09-27T10:10:00+00:00,dc-aisle-cold-pyws,,,,,,,,8.36,4.32,,,,,,49.1,,,,,,,,,,,,,,,19.32,,,,,
2026-09-27T10:15:00+00:00,dc-aisle-cold-pyws,,,,,,,,8.9,4.55,,,,,,50.8,,,,,,,,,,,,,,,19.36,,,,,
2026-09-27T10:20:00+00:00,dc-aisle-cold-pyws,,,,,,,,8.9,4.28,,,,,,50.0,,,,,,,,,,,,,,,19.61,,,,,
2026-09-27T10:25:00+00:00,dc-aisle-cold-pyws,,,,,,,,8.84,4.5,,,,,,50.2,,,,,,,,,,,,,,,19.48,,,,,
2026-09-27T10:30:00+00:00,dc-aisle-cold-pyws,,,,,,,,9.03,3.95,,,,,,50.5,,,,,,,,,,,,,,,19.6,,,,,
2026-09-27T10:35:00+00:00,dc-aisle-cold-pyws,,,,,,,,8.89,4.44,,,,,,50.2,,,,,,,,,,,,,,,19.54,,,,,
2026-09-27T10:40:00+00:00,dc-aisle-cold-pyws,,,,,,,,8.95,4.16,,,,,,50.2,,,,,,,,,,,,,,,19.6,,,,,
2026-09-27T10:45:00+00:00,dc-aisle-cold-pyws,,,,,,,,8.8,4.24,,,,,,50.0,,,,,,,,,,,,,,,19.5,,,,,
2026-09-27T10:50:00+00:00,dc-aisle-cold-pyws,,,,,,,,9.0,4.05,,,,,,50.2,,,,,,,,,,,,,,,19.66,,,,,
2026-09-27T10:55:00+00:00,dc-aisle-cold-pyws,,,,,,,,8.84,4.67,,,,,,49.9,,,,,,,,,,,,,,,19.58,,,,,
2026-09-27T11:00:00+00:00,dc-aisle-cold-pyws,,,,,,,,8.81,3.95,,,,,,49.6,,,,,,,,,,,,,,,19.65,,,,,
2026-09-27T11:05:00+00:00,dc-aisle-cold-pyws,,,,,,,,8.97,4.93,,,,,,49.8,,,,,,,,,,,,,,,19.76,,,,,
2026-09-27T11:10:00+00:00,dc-aisle-cold-pyws,,,,,,,,9.03,4.62,,,,,,50.0,,,,,,,,,,,,,,,19.75,,,,,
2026-09-27T11:15:00+00:00,dc-aisle-cold-pyws,,,,,,,,8.86,4.82,,,,,,49.5,,,,,,,,,,,,,,,19.73,,,,,
2026-09-27T11:20:00+00:00,dc-aisle-cold-pyws,,,,,,,,9.06,4.54,,,,,,50.1,,,,,,,,,,,,,,,19.76,,,,,
2026-09-27T11:25:00+00:00,dc-aisle-cold-pyws,,,,,,,,8.98,4.28,,,,,,49.8,,,,,,,,,,,,,,,19.77,,,,,
2026-09-27T11:30:00+00:00,dc-aisle-cold-pyws,,,,,,,,9.01,0.24,,,,,,50.0,,,,,,,,,,,,,,,19.73,,,,,
2026-09-27T11:35:00+00:00,dc-aisle-cold-pyws,,,,,,,,8.89,4.16,,,,,,49.8,,,,,,,,,,,,,,,19.67,,,,,
2026-09-27T11:40:00+00:00,dc-aisle-cold-pyws,,,,,,,,8.62,3.8,,,,,,48.4,,,,,,,,,,,,,,,19.83,,,,,
2026-09-27T11:45:00+00:00,dc-aisle-cold-pyws,,,,,,,,8.86,4.66,,,,,,49.6,,,,,,,,,,,,,,,19.7,,,,,
2026-09-27T11:50:00+00:00,dc-aisle-cold-pyws,,,,,,,,8.79,4.5,,,,,,49.1,,,,,,,,,,,,,,,19.79,,,,,
2026-09-27T11:55:00+00:00,dc-aisle-cold-pyws,,,,,,,,8.98,4.49,,,,,,49.4,,,,,,,,,,,,,,,19.9,,,,,
2026-09-27T12:00:00+00:00,dc-aisle-cold-pyws,,,,,,,,8.94,4.3,,,,,,49.2,,,,,,,,,,,,,,,19.92,,,,,
2026-09-27T12:05:00+00:00,dc-aisle-cold-pyws,,,,,,,,9.13,4.3,,,,,,49.8,,,,,,,,,,,,,,,19.93,,,,,
2026-09-27T12:10:00+00:00,dc-aisle-cold-pyws,,,,,,,,9.15,4.68,,,,,,49.8,,,,,,,,,,,,,,,19.95,,,,,
2026-09-27T12:15:00+00:00,dc-aisle-cold-pyws,,,,,,,,8.67,4.15,,,,,,48.5,,,,,,,,,,,,,,,19.86,,,,,
2026-09-27T12:20:00+00:00,dc-aisle-cold-pyws,,,,,,,,8.83,4.35,,,,,,48.8,,,,,,,,,,,,,,,19.93,,,,,
2026-09-27T12:25:00+00:00,dc-aisle-cold-pyws,,,,,,,,8.91,4.11,,,,,,48.7,,,,,,,,,,,,,,,20.05,,,,,
2026-09-27T12:30:00+00:00,dc-aisle-cold-pyws,,,,,,,,9.14,4.93,,,,,,49.3,,,,,,,,,,,,,,,20.1,,,,,
2026-09-27T12:35:00+00:00,dc-aisle-cold-pyws,,,,,,,,9.3,4.7,,,,,,49.5,,,,,,,,,,,,,,,20.21,,,,,
2026-09-27T12:40:00+00:00,dc-aisle-cold-pyws,,,,,,,,9.17,4.79,,,,,,49.3,,,,,,,,,,,,,,,20.13,,,,,
2026-09-27T12:45:00+00:00,dc-aisle-cold-pyws,,,,,,,,9.03,4.49,,,,,,48.9,,,,,,,,,,,,,,,20.11,,,,,
2026-09-27T12:50:00+00:00,dc-aisle-cold-pyws,,,,,,,,9.03,3.62,,,,,,48.9,,,,,,,,,,,,,,,20.11,,,,,
2026-09-27T12:55:00+00:00,dc-aisle-cold-pyws,,,,,,,,8.89,4.11,,,,,,48.5,,,,,,,,,,,,,,,20.1,,,,,
2026-09-27T13:00:00+00:00,dc-aisle-cold-pyws,,,,,,,,9.07,4.93,,,,,,48.5,,,,,,,,,,,,,,,20.29,,,,,
2026-09-27T13:05:00+00:00,dc-aisle-cold-pyws,,,,,,,,9.01,4.19,,,,,,48.4,,,,,,,,,,,,,,,20.26,,,,,
2026-09-27T13:10:00+00:00,dc-aisle-cold-pyws,,,,,,,,8.99,3.62,,,,,,48.0,,,,,,,,,,,,,,,20.37,,,,,
2026-09-27T13:15:00+00:00,dc-aisle-cold-pyws,,,,,,,,8.94,4.52,,,,,,48.6,,,,,,,,,,,,,,,20.12,,,,,
2026-09-27T13:20:00+00:00,dc-aisle-cold-pyws,,,,,,,,9.05,4.26,,,,,,48.9,,,,,,,,,,,,,,,20.14,,,,,
2026-09-27T13:25:00+00:00,dc-aisle-cold-pyws,,,,,,,,9.14,3.54,,,,,,48.0,,,,,,,,,,,,,,,20.54,,,,,
2026-09-27T13:30:00+00:00,dc-aisle-cold-pyws,,,,,,,,9.07,4.13,,,,,,47.9,,,,,,,,,,,,,,,20.49,,,,,
2026-09-27T13:35:00+00:00,dc-aisle-cold-pyws,,,,,,,,8.94,4.26,,,,,,47.9,,,,,,,,,,,,,,,20.35,,,,,
2026-09-27T13:40:00+00:00,dc-aisle-cold-pyws,,,,,,,,9.19,3.93,,,,,,48.6,,,,,,,,,,,,,,,20.39,,,,,
2026-09-27T13:45:00+00:00,dc-aisle-cold-pyws,,,,,,,,8.88,4.55,,,,,,47.7,,,,,,,,,,,,,,,20.35,,,,,
2026-09-27T13:50:00+00:00,dc-aisle-cold-pyws,,,,,,,,9.26,4.36,,,,,,48.7,,,,,,,,,,,,,,,20.43,,,,,
2026-09-27T13:55:00+00:00,dc-aisle-cold-pyws,,,,,,,,9.1,4.42,,,,,,48.0,,,,,,,,,,,,,,,20.49,,,,,
2026-09-27T14:00:00+00:00,dc-aisle-cold-pyws,,,,,,,,9.05,4.7,,,,,,48.2,,,,,,,,,,,,,,,20.37,,,,,
2026-09-27T14:05:00+00:00,dc-aisle-cold-pyws,,,,,,,,9.07,4.66,,,,,,47.9,,,,,,,,,,,,,,,20.49,,,,,
2026-09-27T14:10:00+00:00,dc-aisle-cold-pyws,,,,,,,,9.09,3.64,,,,,,47.8,,,,,,,,,,,,,,,20.55,,,,,
2026-09-27T14:15:00+00:00,dc-aisle-cold-pyws,,,,,,,,9.14,4.31,,,,,,48.1,,,,,,,,,,,,,,,20.5,,,,,
2026-09-27T14:20:00+00:00,dc-aisle-cold-pyws,,,,,,,,9.19,4.35,,,,,,48.2,,,,,,,,,,,,,,,20.52,,,,,
2026-09-27T14:25:00+00:00,dc-aisle-cold-pyws,,,,,,,,9.36,4.29,,,,,,48.2,,,,,,,,,,,,,,,20.71,,,,,
2026-09-27T14:30:00+00:00,dc-aisle-cold-pyws,,,,,,,,9.12,4.05,,,,,,47.1,,,,,,,,,,,,,,,20.82,,,,,
2026-09-27T14:35:00+00:00,dc-aisle-cold-pyws,,,,,,,,8.8,4.65,,,,,,47.0,,,,,,,,,,,,,,,20.51,,,,,
2026-09-27T14:40:00+00:00,dc-aisle-cold-pyws,,,,,,,,9.06,4.37,,,,,,47.3,,,,,,,,,,,,,,,20.69,,,,,
2026-09-27T14:45:00+00:00,dc-aisle-cold-pyws,,,,,,,,8.95,4.82,,,,,,46.9,,,,,,,,,,,,,,,20.7,,,,,
2026-09-27T14:50:00+00:00,dc-aisle-cold-pyws,,,,,,,,9.06,4.58,,,,,,47.5,,,,,,,,,,,,,,,20.62,,,,,
2026-09-27T14:55:00+00:00,dc-aisle-cold-pyws,,,,,,,,8.87,0.99,,,,,,46.8,,,,,,,,,,,,,,,20.65,,,,,
2026-09-27T15:00:00+00:00,dc-aisle-cold-pyws,,,,,,,,9.29,4.28,,,,,,47.5,,,,,,,,,,,,,,,20.87,,,,,
2026-09-27T15:05:00+00:00,dc-aisle-cold-pyws,,,,,,,,9.0,3.8,,,,,,47.1,,,,,,,,,,,,,,,20.69,,,,,
2026-09-27T15:10:00+00:00,dc-aisle-cold-pyws,,,,,,,,9.21,5.06,,,,,,47.2,,,,,,,,,,,,,,,20.89,,,,,
2026-09-27T15:15:00+00:00,dc-aisle-cold-pyws,,,,,,,,9.16,4.01,,,,,,47.1,,,,,,,,,,,,,,,20.87,,,,,
2026-09-27T15:20:00+00:00,dc-aisle-cold-pyws,,,,,,,,8.88,4.5,,,,,,46.1,,,,,,,,,,,,,,,20.91,,,,,
2026-09-27T15:25:00+00:00,dc-aisle-cold-pyws,,,,,,,,9.18,4.1,,,,,,46.7,,,,,,,,,,,,,,,21.03,,,,,
2026-09-27T15:30:00+00:00,dc-aisle-cold-pyws,,,,,,,,8.91,4.49,,,,,,46.1,,,,,,,,,,,,,,,20.94,,,,,
2026-09-27T15:35:00+00:00,dc-aisle-cold-pyws,,,,,,,,9.19,4.26,,,,,,46.2,,,,,,,,,,,,,,,21.21,,,,,
2026-09-27T15:40:00+00:00,dc-aisle-cold-pyws,,,,,,,,8.95,4.4,,,,,,46.1,,,,,,,,,,,,,,,20.98,,,,,
2026-09-27T15:45:00+00:00,dc-aisle-cold-pyws,,,,,,,,9.19,3.99,,,,,,46.7,,,,,,,,,,,,,,,21.04,,,,,
2026-09-27T15:50:00+00:00,dc-aisle-cold-pyws,,,,,,,,9.15,4.4,,,,,,46.7,,,,,,,,,,,,,,,20.99,,,,,
2026-09-27T15:55:00+00:00,dc-aisle-cold-pyws,,,,,,,,8.96,4.64,,,,,,45.9,,,,,,,,,,,,,,,21.07,,,,,
2026-09-27T16:40:00+00:00,dc-aisle-cold-pyws,,,,,,,,8.73,4.06,,,,,,45.1,,,,,,,,,,,,,,,21.1,,,,,
2026-09-27T16:45:00+00:00,dc-aisle-cold-pyws,,,,,,,,8.97,4.63,,,,,,45.1,,,,,,,,,,,,,,,21.36,,,,,
2026-09-27T16:50:00+00:00,dc-aisle-cold-pyws,,,,,,,,8.95,4.01,,,,,,45.1,,,,,,,,,,,,,,,21.34,,,,,
2026-09-27T16:55:00+00:00,dc-aisle-cold-pyws,,,,,,,,8.94,3.91,,,,,,45.1,,,,,,,,,,,,,,,21.33,,,,,
2026-09-27T17:00:00+00:00,dc-aisle-cold-pyws,,,,,,,,8.88,4.54,,,,,,44.7,,,,,,,,,,,,,,,21.41,,,,,
2026-09-27T17:05:00+00:00,dc-aisle-cold-pyws,,,,,,,,8.86,4.43,,,,,,44.8,,,,,,,,,,,,,,,21.35,,,,,
2026-09-27T17:10:00+00:00,dc-aisle-cold-pyws,,,,,,,,8.86,4.7,,,,,,44.9,,,,,,,,,,,,,,,21.31,,,,,
2026-09-27T17:15:00+00:00,dc-aisle-cold-pyws,,,,,,,,8.89,4.03,,,,,,45.0,,,,,,,,,,,,,,,21.31,,,,,
2026-09-27T17:20:00+00:00,dc-aisle-cold-pyws,,,,,,,,8.91,4.74,,,,,,44.8,,,,,,,,,,,,,,,21.41,,,,,
2026-09-27T17:25:00+00:00,dc-aisle-cold-pyws,,,,,,,,8.86,4.37,,,,,,44.6,,,,,,,,,,,,,,,21.42,,,,,
2026-09-27T17:30:00+00:00,dc-aisle-cold-pyws,,,,,,,,8.92,4.09,,,,,,44.8,,,,,,,,,,,,,,,21.42,,,,,
2026-09-27T17:35:00+00:00,dc-aisle-cold-pyws,,,,,,,,8.58,3.9,,,,,,43.8,,,,,,,,,,,,,,,21.41,,,,,
2026-09-27T17:40:00+00:00,dc-aisle-cold-pyws,,,,,,,,8.83,4.26,,,,,,44.5,,,,,,,,,,,,,,,21.43,,,,,
2026-09-27T17:45:00+00:00,dc-aisle-cold-pyws,,,,,,,,8.71,4.73,,,,,,43.8,,,,,,,,,,,,,,,21.55,,,,,
2026-09-27T17:50:00+00:00,dc-aisle-cold-pyws,,,,,,,,8.79,4.88,,,,,,44.0,,,,,,,,,,,,,,,21.57,,,,,
2026-09-27T17:55:00+00:00,dc-aisle-cold-pyws,,,,,,,,8.77,3.95,,,,,,44.2,,,,,,,,,,,,,,,21.47,,,,,
2026-09-27T18:00:00+00:00,dc-aisle-cold-pyws,,,,,,,,8.73,4.41,,,,,,44.1,,,,,,,,,,,,,,,21.47,,,,,
2026-09-27T18:05:00+00:00,dc-aisle-cold-pyws,,,,,,,,9.29,4.63,,,,,,45.2,,,,,,,,,,,,,,,21.68,,,,,
2026-09-27T18:10:00+00:00,dc-aisle-cold-pyws,,,,,,,,8.64,0.82,,,,,,43.9,,,,,,,,,,,,,,,21.44,,,,,
2026-09-27T18:15:00+00:00,dc-aisle-cold-pyws,,,,,,,,8.96,0.91,,,,,,44.5,,,,,,,,,,,,,,,21.57,,,,,
2026-09-27T18:20:00+00:00,dc-aisle-cold-pyws,,,,,,,,8.68,4.07,,,,,,43.6,,,,,,,,,,,,,,,21.6,,,,,
2026-09-27T18:25:00+00:00,dc-aisle-cold-pyws,,,,,,,,8.7,3.92,,,,,,43.8,,,,,,,,,,,,,,,21.54,,,,,
2026-09-27T18:30:00+00:00,dc-aisle-cold-pyws,,,,,,,,8.71,3.75,,,,,,43.6,,,,,,,,,,,,,,,21.63,,,,,
2026-09-27T18:35:00+00:00,dc-aisle-cold-pyws,,,,,,,,8.39,4.45,,,,,,42.6,,,,,,,,,,,,,,,21.65,,,,,
2026-09-27T18:40:00+00:00,dc-aisle-cold-pyws,,,,,,,,8.83,4.03,,,,,,43.7,,,,,,,,,,,,,,,21.73,,,,,
2026-09-27T18:45:00+00:00,dc-aisle-cold-pyws,,,,,,,,8.84,4.53,,,,,,43.5,,,,,,,,,,,,,,,21.81,,,,,
2026-09-27T18:50:00+00:00,dc-aisle-cold-pyws,,,,,,,,8.73,4.65,,,,,,43.4,,,,,,,,,,,,,,,21.73,,,,,
2026-09-27T18:55:00+00:00,dc-aisle-cold-pyws,,,,,,,,8.55,4.2,,,,,,43.1,,,,,,,,,,,,,,,21.64,,,,,
2026-09-27T19:00:00+00:00,dc-aisle-cold-pyws,,,,,,,,8.85,4.43,,,,,,43.4,,,,,,,,,,,,,,,21.86,,,,,
2026-09-27T19:05:00+00:00,dc-aisle-cold-pyws,,,,,,,,8.47,4.26,,,,,,43.0,,,,,,,,,,,,,,,21.59,,,,,
2026-09-27T19:10:00+00:00,dc-aisle-cold-pyws,,,,,,,,8.47,4.79,,,,,,42.9,,,,,,,,,,,,,,,21.63,,,,,
2026-09-27T19:15:00+00:00,dc-aisle-cold-pyws,,,,,,,,8.43,4.43,,,,,,42.7,,,,,,,,,,,,,,,21.66,,,,,
2026-09-27T19:20:00+00:00,dc-aisle-cold-pyws,,,,,,,,8.42,3.88,,,,,,42.3,,,,,,,,,,,,,,,21.8,,,,,
2026-09-27T19:25:00+00:00,dc-aisle-cold-pyws,,,,,,,,8.41,3.49,,,,,,42.6,,,,,,,,,,,,,,,21.68,,,,,
2026-09-27T19:30:00+00:00,dc-aisle-cold-pyws,,,,,,,,8.85,4.38,,,,,,43.6,,,,,,,,,,,,,,,21.79,,,,,
2026-09-27T19:35:00+00:00,dc-aisle-cold-pyws,,,,,,,,8.82,4.68,,,,,,43.3,,,,,,,,,,,,,,,21.86,,,,,
2026-09-27T19:40:00+00:00,dc-aisle-cold-pyws,,,,,,,,8.43,4.2,,,,,,42.9,,,,,,,,,,,,,,,21.58,,,,,
2026-09-27T19:45:00+00:00,dc-aisle-cold-pyws,,,,,,,,8.37,3.8,,,,,,42.7,,,,,,,,,,,,,,,21.6,,,,,
2026-09-27T19:50:00+00:00,dc-aisle-cold-pyws,,,,,,,,8.4,4.77,,,,,,42.5,,,,,,,,,,,,,,,21.7,,,,,
2026-09-27T19:55:00+00:00,dc-aisle-cold-pyws,,,,,,,,8.54,4.26,,,,,,42.8,,,,,,,,,,,,,,,21.75,,,,,
2026-09-27T20:00:00+00:00,dc-aisle-cold-pyws,,,,,,,,8.31,3.98,,,,,,42.0,,,,,,,,,,,,,,,21.8,,,,,
2026-09-27T20:05:00+00:00,dc-aisle-cold-pyws,,,,,,,,8.31,4.48,,,,,,42.2,,,,,,,,,,,,,,,21.72,,,,,
2026-09-27T20:10:00+00:00,dc-aisle-cold-pyws,,,,,,,,8.32,4.16,,,,,,42.2,,,,,,,,,,,,,,,21.73,,,,,
2026-09-27T20:15:00+00:00,dc-aisle-cold-pyws,,,,,,,,8.31,4.44,,,,,,42.5,,,,,,,,,,,,,,,21.61,,,,,
2026-09-27T20:20:00+00:00,dc-aisle-cold-pyws,,,,,,,,8.14,4.99,,,,,,42.3,,,,,,,,,,,,,,,21.49,,,,,
2026-09-27T20:25:00+00:00,dc-aisle-cold-pyws,,,,,,,,8.34,4.43,,,,,,42.7,,,,,,,,,,,,,,,21.56,,,,,
2026-09-27T20:30:00+00:00,dc-aisle-cold-pyws,,,,,,,,8.46,4.32,,,,,,42.7,,,,,,,,,,,,,,,21.69,,,,,
2026-09-27T20:35:00+00:00,dc-aisle-cold-pyws,,,,,,,,8.58,4.83,,,,,,43.1,,,,,,,,,,,,,,,21.67,,,,,
2026-09-27T20:40:00+00:00,dc-aisle-cold-pyws,,,,,,,,7.96,5.12,,,,,,41.9,,,,,,,,,,,,,,,21.45,,,,,
2026-09-27T20:45:00+00:00,dc-aisle-cold-pyws,,,,,,,,8.05,4.6,,,,,,41.9,,,,,,,,,,,,,,,21.55,,,,,
2026-09-27T20:50:00+00:00,dc-aisle-cold-pyws,,,,,,,,8.25,4.21,,,,,,42.1,,,,,,,,,,,,,,,21.69,,,,,
2026-09-27T20:55:00+00:00,dc-aisle-cold-pyws,,,,,,,,8.34,4.52,,,,,,42.3,,,,,,,,,,,,,,,21.71,,,,,
2026-09-27T21:00:00+00:00,dc-aisle-cold-pyws,,,,,,,,8.21,4.61,,,,,,42.6,,,,,,,,,,,,,,,21.46,,,,,
2026-09-27T21:05:00+00:00,dc-aisle-cold-pyws,,,,,,,,8.33,3.98,,,,,,42.5,,,,,,,,,,,,,,,21.63,,,,,
2026-09-27T21:10:00+00:00,dc-aisle-cold-pyws,,,,,,,,8.28,3.76,,,,,,42.3,,,,,,,,,,,,,,,21.65,,,,,
2026-09-27T21:15:00+00:00,dc-aisle-cold-pyws,,,,,,,,8.26,4.8,,,,,,42.2,,,,,,,,,,,,,,,21.66,,,,,
2026-09-27T21:20:00+00:00,dc-aisle-cold-pyws,,,,,,,,7.65,4.34,,,,,,40.9,,,,,,,,,,,,,,,21.5,,,,,
2026-09-27T21:25:00+00:00,dc-aisle-cold-pyws,,,,,,,,8.09,4.19,,,,,,42.0,,,,,,,,,,,,,,,21.56,,,,,
2026-09-27T21:30:00+00:00,dc-aisle-cold-pyws,,,,,,,,8.18,3.96,,,,,,42.4,,,,,,,,,,,,,,,21.5,,,,,
2026-09-27T21:35:00+00:00,dc-aisle-cold-pyws,,,,,,,,8.05,5.01,,,,,,41.6,,,,,,,,,,,,,,,21.67,,,,,
2026-09-27T21:40:00+00:00,dc-aisle-cold-pyws,,,,,,,,8.61,4.33,,,,,,43.4,,,,,,,,,,,,,,,21.59,,,,,
2026-09-27T21:45:00+00:00,dc-aisle-cold-pyws,,,,,,,,7.97,3.27,,,,,,41.5,,,,,,,,,,,,,,,21.62,,,,,
2026-09-27T21:50:00+00:00,dc-aisle-cold-pyws,,,,,,,,8.16,4.56,,,,,,41.6,,,,,,,,,,,,,,,21.79,,,,,
2026-09-27T21:55:00+00:00,dc-aisle-cold-pyws,,,,,,,,8.02,4.52,,,,,,41.9,,,,,,,,,,,,,,,21.52,,,,,
2026-09-27T22:00:00+00:00,dc-aisle-cold-pyws,,,,,,,,8.25,4.74,,,,,,42.5,,,,,,,,,,,,,,,21.54,,,,,
2026-09-27T22:05:00+00:00,dc-aisle-cold-pyws,,,,,,,,8.23,4.19,,,,,,41.9,,,,,,,,,,,,,,,21.75,,,,,
2026-09-27T22:10:00+00:00,dc-aisle-cold-pyws,,,,,,,,7.96,4.76,,,,,,41.6,,,,,,,,,,,,,,,21.57,,,,,
2026-09-27T22:15:00+00:00,dc-aisle-cold-pyws,,,,,,,,8.05,4.87,,,,,,41.9,,,,,,,,,,,,,,,21.55,,,,,
2026-09-27T22:20:00+00:00,dc-aisle-cold-pyws,,,,,,,,8.17,4.39,,,,,,42.6,,,,,,,,,,,,,,,21.41,,,,,
2026-09-27T22:25:00+00:00,dc-aisle-cold-pyws,,,,,,,,8.08,4.73,,,,,,42.2,,,,,,,,,,,,,,,21.47,,,,,
2026-09-27T22:30:00+00:00,dc-aisle-cold-pyws,,,,,,,,8.14,3.54,,,,,,42.2,,,,,,,,,,,,,,,21.53,,,,,
2026-09-27T22:35:00+00:00,dc-aisle-cold-pyws,,,,,,,,8.05,3.9,,,,,,42.0,,,,,,,,,,,,,,,21.51,,,,,
2026-09-27T22:40:00+00:00,dc-aisle-cold-pyws,,,,,,,,7.9,3.95,,,,,,41.5,,,,,,,,,,,,,,,21.54,,,,,
2026-09-27T22:45:00+00:00,dc-aisle-cold-pyws,,,,,,,,7.97,4.25,,,,,,41.9,,,,,,,,,,,,,,,21.46,,,,,
2026-09-27T22:50:00+00:00,dc-aisle-cold-pyws,,,,,,,,8.15,3.7,,,,,,42.6,,,,,,,,,,,,,,,21.39,,,,,
2026-09-27T22:55:00+00:00,dc-aisle-cold-pyws,,,,,,,,8.03,4.3,,,,,,42.5,,,,,,,,,,,,,,,21.29,,,,,
2026-09-27T23:00:00+00:00,dc-aisle-cold-pyws,,,,,,,,7.78,3.81,,,,,,41.6,,,,,,,,,,,,,,,21.37,,,,,
2026-09-27T23:05:00+00:00,dc-aisle-cold-pyws,,,,,,,,8.05,3.77,,,,,,42.2,,,,,,,,,,,,,,,21.43,,,,,
2026-09-27T23:10:00+00:00,dc-aisle-cold-pyws,,,,,,,,8.14,4.18,,,,,,42.5,,,,,,,,,,,,,,,21.42,,,,,
2026-09-27T23:15:00+00:00,dc-aisle-cold-pyws,,,,,,,,8.01,3.88,,,,,,42.4,,,,,,,,,,,,,,,21.31,,,,,
2026-09-27T23:20:00+00:00,dc-aisle-cold-pyws,,,,,,,,7.77,4.18,,,,,,41.6,,,,,,,,,,,,,,,21.36,,,,,
2026-09-27T23:25:00+00:00,dc-aisle-cold-pyws,,,,,,,,7.79,4.29,,,,,,42.0,,,,,,,,,,,,,,,21.22,,,,,
2026-09-27T23:30:00+00:00,dc-aisle-cold-pyws,,,,,,,,7.66,4.02,,,,,,41.5,,,,,,,,,,,,,,,21.27,,,,,
2026-09-27T23:35:00+00:00,dc-aisle-cold-pyws,,,,,,,,8.26,4.38,,,,,,43.1,,,,,,,,,,,,,,,21.32,,,,,
2026-09-27T23:40:00+00:00,dc-aisle-cold-pyws,,,,,,,,8.05,3.77,,,,,,42.6,,,,,,,,,,,,,,,21.28,,,,,
2026-09-27T23:45:00+00:00,dc-aisle-cold-pyws,,,,,,,,7.78,4.33,,,,,,41.7,,,,,,,,,,,,,,,21.33,,,,,
2026-09-27T23:50:00+00:00,dc-aisle-cold-pyws,,,,,,,,7.96,4.08,,,,,,42.4,,,,,,,,,,,,,,,21.25,,,,,
2026-09-27T23:55:00+00:00,dc-aisle-cold-pyws,,,,,,,,7.83,3.63,,,,,,42.6,,,,,,,,,,,,,,,21.03,,,,,
2026-09-28T00:00:00+00:00,dc-aisle-cold-pyws,,,,,,,,7.93,4.19,,,,,,42.9,,,,,,,,,,,,,,,21.03,,,,,
2026-09-28T00:05:00+00:00,dc-aisle-cold-pyws,,,,,,,,7.97,4.44,,,,,,42.6,,,,,,,,,,,,,,,21.19,,,,,
2026-09-28T00:10:00+00:00,dc-aisle-cold-pyws,,,,,,,,7.94,4.36,,,,,,43.1,,,,,,,,,,,,,,,20.97,,,,,
2026-09-28T00:15:00+00:00,dc-aisle-cold-pyws,,,,,,,,8.08,4.37,,,,,,42.9,,,,,,,,,,,,,,,21.2,,,,,
2026-09-28T00:20:00+00:00,dc-aisle-cold-pyws,,,,,,,,7.79,4.4,,,,,,42.7,,,,,,,,,,,,,,,20.95,,,,,
2026-09-28T00:25:00+00:00,dc-aisle-cold-pyws,,,,,,,,7.84,4.33,,,,,,42.4,,,,,,,,,,,,,,,21.12,,,,,
2026-09-28T00:30:00+00:00,dc-aisle-cold-pyws,,,,,,,,8.19,3.55,,,,,,43.4,,,,,,,,,,,,,,,21.13,,,,,
2026-09-28T00:35:00+00:00,dc-aisle-cold-pyws,,,,,,,,7.96,0.7,,,,,,43.0,,,,,,,,,,,,,,,21.03,,,,,
2026-09-28T00:40:00+00:00,dc-aisle-cold-pyws,,,,,,,,7.78,3.29,,,,,,42.9,,,,,,,,,,,,,,,20.87,,,,,
2026-09-28T00:45:00+00:00,dc-aisle-cold-pyws,,,,,,,,8.0,4.12,,,,,,43.4,,,,,,,,,,,,,,,20.92,,,,,
2026-09-28T00:50:00+00:00,dc-aisle-cold-pyws,,,,,,,,7.85,4.21,,,,,,43.3,,,,,,,,,,,,,,,20.79,,,,,
2026-09-28T00:55:00+00:00,dc-aisle-cold-pyws,,,,,,,,7.83,4.7,,,,,,42.9,,,,,,,,,,,,,,,20.92,,,,,
2026-09-28T01:00:00+00:00,dc-aisle-cold-pyws,,,,,,,,7.48,4.2,,,,,,42.2,,,,,,,,,,,,,,,20.8,,,,,
2026-09-28T01:05:00+00:00,dc-aisle-cold-pyws,,,,,,,,7.51,3.8,,,,,,42.6,,,,,,,,,,,,,,,20.68,,,,,
2026-09-28T01:10:00+00:00,dc-aisle-cold-pyws,,,,,,,,7.63,3.78,,,,,,42.9,,,,,,,,,,,,,,,20.7,,,,,
2026-09-28T01:15:00+00:00,dc-aisle-cold-pyws,,,,,,,,7.79,3.89,,,,,,43.2,,,,,,,,,,,,,,,20.76,,,,,
2026-09-28T01:20:00+00:00,dc-aisle-cold-pyws,,,,,,,,8.03,4.34,,,,,,43.6,,,,,,,,,,,,,,,20.88,,,,,
2026-09-28T01:25:00+00:00,dc-aisle-cold-pyws,,,,,,,,7.86,4.3,,,,,,44.1,,,,,,,,,,,,,,,20.51,,,,,
2026-09-28T01:30:00+00:00,dc-aisle-cold-pyws,,,,,,,,8.02,4.84,,,,,,44.1,,,,,,,,,,,,,,,20.68,,,,,
2026-09-28T01:35:00+00:00,dc-aisle-cold-pyws,,,,,,,,7.73,1.35,,,,,,43.5,,,,,,,,,,,,,,,20.58,,,,,
2026-09-28T01:40:00+00:00,dc-aisle-cold-pyws,,,,,,,,7.4,4.02,,,,,,43.1,,,,,,,,,,,,,,,20.37,,,,,
2026-09-28T01:45:00+00:00,dc-aisle-cold-pyws,,,,,,,,7.71,4.39,,,,,,43.4,,,,,,,,,,,,,,,20.6,,,,,
2026-09-28T01:50:00+00:00,dc-aisle-cold-pyws,,,,,,,,7.86,4.01,,,,,,44.0,,,,,,,,,,,,,,,20.54,,,,,
2026-09-28T01:55:00+00:00,dc-aisle-cold-pyws,,,,,,,,7.62,4.6,,,,,,43.9,,,,,,,,,,,,,,,20.31,,,,,
2026-09-28T02:00:00+00:00,dc-aisle-cold-pyws,,,,,,,,7.74,4.56,,,,,,43.8,,,,,,,,,,,,,,,20.48,,,,,
2026-09-28T02:05:00+00:00,dc-aisle-cold-pyws,,,,,,,,8.0,4.54,,,,,,44.2,,,,,,,,,,,,,,,20.62,,,,,
2026-09-28T02:10:00+00:00,dc-aisle-cold-pyws,,,,,,,,7.75,4.23,,,,,,44.1,,,,,,,,,,,,,,,20.38,,,,,
2026-09-28T02:15:00+00:00,dc-aisle-cold-pyws,,,,,,,,7.57,4.22,,,,,,43.7,,,,,,,,,,,,,,,20.33,,,,,
2026-09-28T02:20:00+00:00,dc-aisle-cold-pyws,,,,,,,,7.66,5.09,,,,,,44.0,,,,,,,,,,,,,,,20.32,,,,,
2026-09-28T02:25:00+00:00,dc-aisle-cold-pyws,,,,,,,,7.62,4.84,,,,,,44.0,,,,,,,,,,,,,,,20.28,,,,,
2026-09-28T02:30:00+00:00,dc-aisle-cold-pyws,,,,,,,,7.77,4.26,,,,,,43.9,,,,,,,,,,,,,,,20.48,,,,,
2026-09-28T02:35:00+00:00,dc-aisle-cold-pyws,,,,,,,,7.57,4.32,,,,,,44.2,,,,,,,,,,,,,,,20.15,,,,,
2026-09-28T02:40:00+00:00,dc-aisle-cold-pyws,,,,,,,,8.06,4.03,,,,,,44.4,,,,,,,,,,,,,,,20.62,,,,,
2026-09-28T02:45:00+00:00,dc-aisle-cold-pyws,,,,,,,,8.02,4.45,,,,,,45.0,,,,,,,,,,,,,,,20.35,,,,,
2026-09-28T02:50:00+00:00,dc-aisle-cold-pyws,,,,,,,,8.09,4.31,,,,,,45.4,,,,,,,,,,,,,,,20.29,,,,,
2026-09-28T02:55:00+00:00,dc-aisle-cold-pyws,,,,,,,,7.87,4.32,,,,,,44.5,,,,,,,,,,,,,,,20.37,,,,,
2026-09-28T03:00:00+00:00,dc-aisle-cold-pyws,,,,,,,,7.72,3.95,,,,,,45.3,,,,,,,,,,,,,,,19.92,,,,,
2026-09-28T03:05:00+00:00,dc-aisle-cold-pyws,,,,,,,,7.76,4.01,,,,,,44.9,,,,,,,,,,,,,,,20.1,,,,,
2026-09-28T03:10:00+00:00,dc-aisle-cold-pyws,,,,,,,,8.13,4.32,,,,,,45.7,,,,,,,,,,,,,,,20.22,,,,,
2026-09-28T03:15:00+00:00,dc-aisle-cold-pyws,,,,,,,,7.88,4.75,,,,,,45.3,,,,,,,,,,,,,,,20.09,,,,,
2026-09-28T03:20:00+00:00,dc-aisle-cold-pyws,,,,,,,,7.82,4.0,,,,,,45.4,,,,,,,,,,,,,,,19.99,,,,,
2026-09-28T03:25:00+00:00,dc-aisle-cold-pyws,,,,,,,,7.87,4.42,,,,,,45.6,,,,,,,,,,,,,,,19.98,,,,,
2026-09-28T03:30:00+00:00,dc-aisle-cold-pyws,,,,,,,,7.57,4.51,,,,,,44.4,,,,,,,,,,,,,,,20.08,,,,,
2026-09-28T03:35:00+00:00,dc-aisle-cold-pyws,,,,,,,,7.86,4.63,,,,,,46.2,,,,,,,,,,,,,,,19.75,,,,,
2026-09-28T03:40:00+00:00,dc-aisle-cold-pyws,,,,,,,,7.97,3.93,,,,,,45.7,,,,,,,,,,,,,,,20.05,,,,,
2026-09-28T03:45:00+00:00,dc-aisle-cold-pyws,,,,,,,,7.9,4.29,,,,,,45.5,,,,,,,,,,,,,,,20.04,,,,,
2026-09-28T03:50:00+00:00,dc-aisle-cold-pyws,,,,,,,,7.83,4.08,,,,,,45.7,,,,,,,,,,,,,,,19.9,,,,,
2026-09-28T03:55:00+00:00,dc-aisle-cold-pyws,,,,,,,,7.89,4.4,,,,,,45.9,,,,,,,,,,,,,,,19.89,,,,,
2026-09-28T04:00:00+00:00,dc-aisle-cold-pyws,,,,,,,,7.79,4.16,,,,,,45.5,,,,,,,,,,,,,,,19.92,,,,,
2026-09-28T04:05:00+00:00,dc-aisle-cold-pyws,,,,,,,,8.07,4.31,,,,,,46.1,,,,,,,,,,,,,,,20.02,,,,,
2026-09-28T04:10:00+00:00,dc-aisle-cold-pyws,,,,,,,,8.27,4.13,,,,,,46.8,,,,,,,,,,,,,,,19.99,,,,,
2026-09-28T04:15:00+00:00,dc-aisle-cold-pyws,,,,,,,,8.13,4.49,,,,,,46.5,,,,,,,,,,,,,,,19.94,,,,,
2026-09-28T04:20:00+00:00,dc-aisle-cold-pyws,,,,,,,,7.65,4.48,,,,,,45.7,,,,,,,,,,,,,,,19.7,,,,,
2026-09-28T04:25:00+00:00,dc-aisle-cold-pyws,,,,,,,,7.88,4.5,,,,,,46.2,,,,,,,,,,,,,,,19.77,,,,,
2026-09-28T04:30:00+00:00,dc-aisle-cold-pyws,,,,,,,,8.05,4.88,,,,,,46.5,,,,,,,,,,,,,,,19.86,,,,,
2026-09-28T04:35:00+00:00,dc-aisle-cold-pyws,,,,,,,,8.01,4.46,,,,,,46.6,,,,,,,,,,,,,,,19.78,,,,,
2026-09-28T04:40:00+00:00,dc-aisle-cold-pyws,,,,,,,,7.78,4.28,,,,,,46.4,,,,,,,,,,,,,,,19.59,,,,,
2026-09-28T04:45:00+00:00,dc-aisle-cold-pyws,,,,,,,,8.41,4.77,,,,,,47.7,,,,,,,,,,,,,,,19.84,,,,,
2026-09-28T04:50:00+00:00,dc-aisle-cold-pyws,,,,,,,,8.03,4.38,,,,,,47.3,,,,,,,,,,,,,,,19.56,,,,,
2026-09-28T04:55:00+00:00,dc-aisle-cold-pyws,,,,,,,,8.4,4.64,,,,,,47.8,,,,,,,,,,,,,,,19.79,,,,,
2026-09-21T05:00:00+00:00,dc-pdu-rest,4.555,,True,,,12.71,,,,0.3796,0.38,,,,,,,39.7,,,,0.947,,,,,,,,,,,,126.2,
2026-09-21T05:05:00+00:00,dc-pdu-rest,4.788,,True,,,12.87,,,,0.399,0.779,,,,,,,40.2,,,,0.977,,,,,,,,,,,,126.9,
2026-09-21T05:10:00+00:00,dc-pdu-rest,4.549,,True,,,12.67,,,,0.3791,1.158,,,,,,,39.6,,,,0.948,,,,,,,,,,,,126.2,
2026-09-21T05:15:00+00:00,dc-pdu-rest,4.709,,True,,,13.27,,,,0.3925,1.55,,,,,,,41.5,,,,0.942,,,,,,,,,,,,125.6,
2026-09-21T05:20:00+00:00,dc-pdu-rest,4.707,,True,,,12.77,,,,0.3923,1.942,,,,,,,39.9,,,,0.966,,,,,,,,,,,,127.1,
2026-09-21T05:25:00+00:00,dc-pdu-rest,4.523,,True,,,12.89,,,,0.3769,2.319,,,,,,,40.3,,,,0.92,,,,,,,,,,,,127.2,
2026-09-21T05:30:00+00:00,dc-pdu-rest,4.79,,True,,,13.3,,,,0.3992,2.718,,,,,,,41.6,,,,0.958,,,,,,,,,,,,125.3,
2026-09-21T05:35:00+00:00,dc-pdu-rest,4.785,,True,,,12.85,,,,0.3988,3.117,,,,,,,40.2,,,,0.946,,,,,,,,,,,,131.2,
2026-09-21T05:40:00+00:00,dc-pdu-rest,4.637,,True,,,12.75,,,,0.3864,3.504,,,,,,,39.8,,,,0.941,,,,,,,,,,,,128.8,
2026-09-21T05:45:00+00:00,dc-pdu-rest,4.412,,True,,,12.68,,,,0.3677,3.871,,,,,,,39.6,,,,0.934,,,,,,,,,,,,124.2,
2026-09-21T05:50:00+00:00,dc-pdu-rest,4.431,,True,,,12.26,,,,0.3693,4.241,,,,,,,38.3,,,,0.948,,,,,,,,,,,,127.1,
2026-09-21T05:55:00+00:00,dc-pdu-rest,4.387,,True,,,12.62,,,,0.3656,4.606,,,,,,,39.4,,,,0.927,,,,,,,,,,,,125.1,
2026-09-21T06:00:00+00:00,dc-pdu-rest,4.468,,True,,,12.35,,,,0.3724,4.979,,,,,,,38.6,,,,0.945,,,,,,,,,,,,127.7,
2026-09-21T06:05:00+00:00,dc-pdu-rest,4.876,,True,,,13.09,,,,0.4063,5.385,,,,,,,40.9,,,,0.971,,,,,,,,,,,,127.9,
2026-09-21T06:10:00+00:00,dc-pdu-rest,4.588,,True,,,12.71,,,,0.3823,5.767,,,,,,,39.7,,,,0.953,,,,,,,,,,,,126.4,
2026-09-21T06:15:00+00:00,dc-pdu-rest,4.297,,True,,,12.18,,,,0.3581,6.125,,,,,,,38.1,,,,0.939,,,,,,,,,,,,125.3,
2026-09-21T06:20:00+00:00,dc-pdu-rest,4.62,,True,,,12.53,,,,0.385,6.51,,,,,,,39.2,,,,0.953,,,,,,,,,,,,128.9,
2026-09-21T06:25:00+00:00,dc-pdu-rest,4.479,,True,,,12.21,,,,0.3733,6.884,,,,,,,38.2,,,,0.954,,,,,,,,,,,,128.1,
2026-09-21T06:30:00+00:00,dc-pdu-rest,5.096,,True,,,13.7,,,,0.4246,7.308,,,,,,,42.8,,,,0.985,,,,,,,,,,,,125.9,
2026-09-21T06:35:00+00:00,dc-pdu-rest,4.659,,True,,,12.82,,,,0.3883,7.696,,,,,,,40.1,,,,0.949,,,,,,,,,,,,127.7,
2026-09-21T06:40:00+00:00,dc-pdu-rest,4.574,,True,,,12.41,,,,0.3812,8.078,,,,,,,38.8,,,,0.962,,,,,,,,,,,,127.7,
2026-09-21T06:45:00+00:00,dc-pdu-rest,4.636,,True,,,12.68,,,,0.3863,8.464,,,,,,,39.6,,,,0.941,,,,,,,,,,,,129.5,
2026-09-21T06:50:00+00:00,dc-pdu-rest,4.665,,True,,,12.42,,,,0.3888,8.853,,,,,,,38.8,,,,0.976,,,,,,,,,,,,128.3,
2026-09-21T06:55:00+00:00,dc-pdu-rest,4.24,,True,,,11.87,,,,0.3533,9.206,,,,,,,37.1,,,,0.952,,,,,,,,,,,,125.1,
2026-09-21T07:00:00+00:00,dc-pdu-rest,4.431,,True,,,12.25,,,,0.3692,9.575,,,,,,,38.3,,,,0.943,,,,,,,,,,,,127.8,
2026-09-21T07:05:00+00:00,dc-pdu-rest,4.552,,True,,,12.72,,,,0.3793,9.955,,,,,,,39.7,,,,0.947,,,,,,,,,,,,125.9,
2026-09-21T07:10:00+00:00,dc-pdu-rest,4.274,,True,,,11.82,,,,0.3561,10.311,,,,,,,36.9,,,,0.967,,,,,,,,,,,,124.6,
2026-09-21T07:15:00+00:00,dc-pdu-rest,4.414,,True,,,11.93,,,,0.3678,10.679,,,,,,,37.3,,,,0.971,,,,,,,,,,,,127.1,
2026-09-21T07:20:00+00:00,dc-pdu-rest,4.553,,True,,,12.75,,,,0.3794,11.058,,,,,,,39.8,,,,0.95,,,,,,,,,,,,125.3,
2026-09-21T07:25:00+00:00,dc-pdu-rest,3.891,,True,,,10.95,,,,0.3242,11.382,,,,,,,34.2,,,,0.934,,,,,,,,,,,,126.8,
2026-09-21T07:30:00+00:00,dc-pdu-rest,4.338,,True,,,12.29,,,,0.3615,11.744,,,,,,,38.4,,,,0.945,,,,,,,,,,,,124.5,
2026-09-21T07:35:00+00:00,dc-pdu-rest,4.354,,True,,,12.16,,,,0.3628,12.107,,,,,,,38.0,,,,0.952,,,,,,,,,,,,125.3,
2026-09-21T07:40:00+00:00,dc-pdu-rest,4.348,,True,,,11.92,,,,0.3624,12.469,,,,,,,37.3,,,,0.94,,,,,,,,,,,,129.3,
2026-09-21T07:45:00+00:00,dc-pdu-rest,4.858,,True,,,12.94,,,,0.4049,12.874,,,,,,,40.4,,,,0.982,,,,,,,,,,,,127.4,
2026-09-21T07:50:00+00:00,dc-pdu-rest,4.499,,True,,,12.48,,,,0.3749,13.249,,,,,,,39.0,,,,0.948,,,,,,,,,,,,126.8,
2026-09-21T07:55:00+00:00,dc-pdu-rest,4.495,,True,,,12.67,,,,0.3746,13.623,,,,,,,39.6,,,,0.94,,,,,,,,,,,,125.8,
2026-09-21T08:00:00+00:00,dc-pdu-rest,4.271,,True,,,11.84,,,,0.356,13.979,,,,,,,37.0,,,,0.956,,,,,,,,,,,,125.8,
2026-09-21T08:05:00+00:00,dc-pdu-rest,4.782,,True,,,13.05,,,,0.3985,14.378,,,,,,,40.8,,,,0.969,,,,,,,,,,,,126.0,
2026-09-21T08:10:00+00:00,dc-pdu-rest,4.391,,True,,,12.38,,,,0.3659,14.744,,,,,,,38.7,,,,0.946,,,,,,,,,,,,125.0,
2026-09-21T08:15:00+00:00,dc-pdu-rest,4.346,,True,,,11.97,,,,0.3622,15.106,,,,,,,37.4,,,,0.939,,,,,,,,,,,,128.8,
2026-09-21T08:20:00+00:00,dc-pdu-rest,4.205,,True,,,11.82,,,,0.3504,15.456,,,,,,,36.9,,,,0.944,,,,,,,,,,,,125.7,
2026-09-21T08:25:00+00:00,dc-pdu-rest,4.106,,True,,,11.31,,,,0.3421,15.798,,,,,,,35.3,,,,0.95,,,,,,,,,,,,127.4,
2026-09-21T08:30:00+00:00,dc-pdu-rest,4.376,,True,,,12.32,,,,0.3646,16.163,,,,,,,38.5,,,,0.938,,,,,,,,,,,,126.2,
2026-09-21T08:35:00+00:00,dc-pdu-rest,4.381,,True,,,11.84,,,,0.365,16.528,,,,,,,37.0,,,,0.959,,,,,,,,,,,,128.5,
2026-09-21T08:40:00+00:00,dc-pdu-rest,4.533,,True,,,12.79,,,,0.3778,16.906,,,,,,,40.0,,,,0.937,,,,,,,,,,,,126.1,
2026-09-21T08:45:00+00:00,dc-pdu-rest,4.09,,True,,,11.39,,,,0.3408,17.247,,,,,,,35.6,,,,0.94,,,,,,,,,,,,127.3,
2026-09-21T08:50:00+00:00,dc-pdu-rest,4.118,,True,,,11.66,,,,0.3431,17.59,,,,,,,36.4,,,,0.942,,,,,,,,,,,,125.0,
2026-09-21T08:55:00+00:00,dc-pdu-rest,4.554,,True,,,12.71,,,,0.3795,17.969,,,,,,,39.7,,,,0.941,,,,,,,,,,,,126.9,
2026-09-21T09:00:00+00:00,dc-pdu-rest,4.461,,True,,,11.79,,,,0.3717,18.341,,,,,,,36.9,,,,0.976,,,,,,,,,,,,129.2,
2026-09-21T09:05:00+00:00,dc-pdu-rest,4.552,,True,,,12.86,,,,0.3793,18.72,,,,,,,40.2,,,,0.933,,,,,,,,,,,,126.4,
2026-09-21T09:10:00+00:00,dc-pdu-rest,4.686,,True,,,12.77,,,,0.3905,19.111,,,,,,,39.9,,,,0.966,,,,,,,,,,,,126.6,
2026-09-21T09:15:00+00:00,dc-pdu-rest,4.372,,True,,,12.15,,,,0.3644,19.475,,,,,,,38.0,,,,0.938,,,,,,,,,,,,127.9,
2026-09-21T09:20:00+00:00,dc-pdu-rest,4.278,,True,,,11.67,,,,0.3565,19.832,,,,,,,36.5,,,,0.953,,,,,,,,,,,,128.3,
2026-09-21T09:25:00+00:00,dc-pdu-rest,3.868,,True,,,11.08,,,,0.3223,20.154,,,,,,,34.6,,,,0.921,,,,,,,,,,,,126.3,
2026-09-21T09:30:00+00:00,dc-pdu-rest,4.475,,True,,,12.3,,,,0.373,20.527,,,,,,,38.4,,,,0.961,,,,,,,,,,,,126.2,
2026-09-21T09:35:00+00:00,dc-pdu-rest,4.376,,True,,,12.04,,,,0.3647,20.892,,,,,,,37.6,,,,0.95,,,,,,,,,,,,127.5,
2026-09-21T09:40:00+00:00,dc-pdu-rest,4.447,,True,,,12.48,,,,0.3706,21.262,,,,,,,39.0,,,,0.935,,,,,,,,,,,,127.0,
2026-09-21T09:45:00+00:00,dc-pdu-rest,4.652,,True,,,12.33,,,,0.3876,21.65,,,,,,,38.5,,,,0.97,,,,,,,,,,,,129.7,
2026-09-21T09:50:00+00:00,dc-pdu-rest,4.642,,True,,,12.71,,,,0.3868,22.037,,,,,,,39.7,,,,0.95,,,,,,,,,,,,128.2,
2026-09-21T09:55:00+00:00,dc-pdu-rest,4.761,,True,,,13.12,,,,0.3967,22.433,,,,,,,41.0,,,,0.949,,,,,,,,,,,,127.4,
2026-09-21T10:00:00+00:00,dc-pdu-rest,4.243,,True,,,11.77,,,,0.3536,22.787,,,,,,,36.8,,,,0.956,,,,,,,,,,,,125.7,
2026-09-21T10:05:00+00:00,dc-pdu-rest,4.595,,True,,,12.72,,,,0.383,23.17,,,,,,,39.8,,,,0.96,,,,,,,,,,,,125.4,
2026-09-21T10:10:00+00:00,dc-pdu-rest,4.538,,True,,,12.75,,,,0.3782,23.548,,,,,,,39.8,,,,0.936,,,,,,,,,,,,126.8,
2026-09-21T10:15:00+00:00,dc-pdu-rest,4.059,,True,,,11.76,,,,0.3383,23.886,,,,,,,36.8,,,,0.915,,,,,,,,,,,,125.7,
2026-09-21T10:20:00+00:00,dc-pdu-rest,4.425,,True,,,11.93,,,,0.3687,24.255,,,,,,,37.3,,,,0.965,,,,,,,,,,,,128.2,
2026-09-21T10:25:00+00:00,dc-pdu-rest,4.774,,True,,,13.39,,,,0.3979,24.653,,,,,,,41.9,,,,0.946,,,,,,,,,,,,125.7,
2026-09-21T10:30:00+00:00,dc-pdu-rest,4.849,,True,,,13.65,,,,0.4041,25.057,,,,,,,42.7,,,,0.942,,,,,,,,,,,,125.6,
2026-09-21T10:35:00+00:00,dc-pdu-rest,4.349,,True,,,12.18,,,,0.3624,25.42,,,,,,,38.1,,,,0.939,,,,,,,,,,,,126.7,
2026-09-21T10:40:00+00:00,dc-pdu-rest,4.533,,True,,,13.16,,,,0.3777,25.797,,,,,,,41.1,,,,0.934,,,,,,,,,,,,122.9,
2026-09-21T10:45:00+00:00,dc-pdu-rest,4.338,,True,,,12.16,,,,0.3615,26.159,,,,,,,38.0,,,,0.942,,,,,,,,,,,,126.2,
2026-09-21T10:50:00+00:00,dc-pdu-rest,4.914,,True,,,13.42,,,,0.4095,26.568,,,,,,,42.0,,,,0.957,,,,,,,,,,,,127.6,
2026-09-21T10:55:00+00:00,dc-pdu-rest,4.63,,True,,,13.1,,,,0.3858,26.954,,,,,,,40.9,,,,0.929,,,,,,,,,,,,126.9,
2026-09-21T11:00:00+00:00,dc-pdu-rest,5.087,,True,,,14.16,,,,0.4239,27.378,,,,,,,44.2,,,,0.94,,,,,,,,,,,,127.4,
2026-09-21T11:05:00+00:00,dc-pdu-rest,4.685,,True,,,12.83,,,,0.3904,27.768,,,,,,,40.1,,,,0.936,,,,,,,,,,,,130.1,
2026-09-21T11:10:00+00:00,dc-pdu-rest,4.923,,True,,,13.07,,,,0.4103,28.179,,,,,,,40.9,,,,0.989,,,,,,,,,,,,126.9,
2026-09-21T11:15:00+00:00,dc-pdu-rest,5.006,,True,,,13.7,,,,0.4172,28.596,,,,,,,42.8,,,,0.968,,,,,,,,,,,,125.8,
2026-09-21T11:20:00+00:00,dc-pdu-rest,4.945,,True,,,14.06,,,,0.4121,29.008,,,,,,,43.9,,,,0.942,,,,,,,,,,,,124.5,
2026-09-21T11:25:00+00:00,dc-pdu-rest,5.108,,True,,,13.61,,,,0.4256,29.434,,,,,,,42.5,,,,0.973,,,,,,,,,,,,128.5,
2026-09-21T11:30:00+00:00,dc-pdu-rest,5.182,,True,,,14.43,,,,0.4318,29.865,,,,,,,45.1,,,,0.946,,,,,,,,,,,,126.5,
2026-09-21T11:35:00+00:00,dc-pdu-rest,5.121,,True,,,13.79,,,,0.4268,30.292,,,,,,,43.1,,,,0.957,,,,,,,,,,,,129.4,
2026-09-21T11:40:00+00:00,dc-pdu-rest,5.16,,True,,,14.22,,,,0.43,30.722,,,,,,,44.4,,,,0.935,,,,,,,,,,,,129.4,
2026-09-21T11:45:00+00:00,dc-pdu-rest,5.392,,True,,,14.7,,,,0.4493,31.172,,,,,,,45.9,,,,0.96,,,,,,,,,,,,127.3,
2026-09-21T11:50:00+00:00,dc-pdu-rest,5.244,,True,,,14.39,,,,0.437,31.609,,,,,,,45.0,,,,0.957,,,,,,,,,,,,126.9,
2026-09-21T11:55:00+00:00,dc-pdu-rest,5.654,,True,,,15.05,,,,0.4712,32.08,,,,,,,47.0,,,,0.961,,,,,,,,,,,,130.3,
2026-09-21T12:00:00+00:00,dc-pdu-rest,4.824,,True,,,13.9,,,,0.402,32.482,,,,,,,43.4,,,,0.932,,,,,,,,,,,,124.2,
2026-09-21T12:05:00+00:00,dc-pdu-rest,4.685,,True,,,12.92,,,,0.3904,32.872,,,,,,,40.4,,,,0.953,,,,,,,,,,,,126.8,
2026-09-21T12:10:00+00:00,dc-pdu-rest,5.196,,True,,,14.25,,,,0.433,33.305,,,,,,,44.5,,,,0.948,,,,,,,,,,,,128.2,
2026-09-21T12:15:00+00:00,dc-pdu-rest,5.202,,True,,,14.84,,,,0.4335,33.739,,,,,,,46.4,,,,0.939,,,,,,,,,,,,124.5,
2026-09-21T12:20:00+00:00,dc-pdu-rest,4.674,,True,,,12.97,,,,0.3895,34.128,,,,,,,40.5,,,,0.947,,,,,,,,,,,,126.8,
2026-09-21T12:25:00+00:00,dc-pdu-rest,5.559,,True,,,15.2,,,,0.4633,34.591,,,,,,,47.5,,,,0.948,,,,,,,,,,,,128.6,
2026-09-21T12:30:00+00:00,dc-pdu-rest,5.325,,True,,,14.65,,,,0.4437,35.035,,,,,,,45.8,,,,0.948,,,,,,,,,,,,127.9,
2026-09-21T12:35:00+00:00,dc-pdu-rest,5.111,,True,,,14.45,,,,0.426,35.461,,,,,,,45.2,,,,0.922,,,,,,,,,,,,127.9,
2026-09-21T12:40:00+00:00,dc-pdu-rest,5.062,,True,,,14.11,,,,0.4218,35.883,,,,,,,44.1,,,,0.941,,,,,,,,,,,,127.1,
2026-09-21T12:45:00+00:00,dc-pdu-rest,5.216,,True,,,14.49,,,,0.4347,36.318,,,,,,,45.3,,,,0.947,,,,,,,,,,,,126.7,
2026-09-21T12:50:00+00:00,dc-pdu-rest,5.079,,True,,,14.48,,,,0.4232,36.741,,,,,,,45.2,,,,0.922,,,,,,,,,,,,126.8,
2026-09-21T12:55:00+00:00,dc-pdu-rest,5.235,,True,,,14.53,,,,0.4363,37.177,,,,,,,45.4,,,,0.939,,,,,,,,,,,,127.9,
2026-09-21T13:00:00+00:00,dc-pdu-rest,5.497,,True,,,14.8,,,,0.4581,37.635,,,,,,,46.3,,,,0.966,,,,,,,,,,,,128.1,
2026-09-21T13:05:00+00:00,dc-pdu-rest,5.024,,True,,,14.06,,,,0.4187,38.054,,,,,,,43.9,,,,0.949,,,,,,,,,,,,125.6,
2026-09-21T13:10:00+00:00,dc-pdu-rest,5.382,,True,,,14.83,,,,0.4485,38.502,,,,,,,46.4,,,,0.951,,,,,,,,,,,,127.2,
2026-09-21T13:15:00+00:00,dc-pdu-rest,5.194,,True,,,14.82,,,,0.4329,38.935,,,,,,,46.3,,,,0.929,,,,,,,,,,,,125.7,
2026-09-21T13:20:00+00:00,dc-pdu-rest,5.494,,True,,,14.95,,,,0.4578,39.393,,,,,,,46.7,,,,0.963,,,,,,,,,,,,127.2,
2026-09-21T13:25:00+00:00,dc-pdu-rest,5.523,,True,,,15.74,,,,0.4602,39.853,,,,,,,49.2,,,,0.923,,,,,,,,,,,,126.7,
2026-09-21T13:30:00+00:00,dc-pdu-rest,5.509,,True,,,14.86,,,,0.4591,40.312,,,,,,,46.4,,,,0.98,,,,,,,,,,,,126.1,
2026-09-21T13:35:00+00:00,dc-pdu-rest,5.836,,True,,,15.84,,,,0.4863,40.799,,,,,,,49.5,,,,0.965,,,,,,,,,,,,127.2,
2026-09-21T13:40:00+00:00,dc-pdu-rest,5.729,,True,,,15.43,,,,0.4775,41.276,,,,,,,48.2,,,,0.965,,,,,,,,,,,,128.3,
2026-09-21T13:45:00+00:00,dc-pdu-rest,5.697,,True,,,15.73,,,,0.4748,41.751,,,,,,,49.1,,,,0.945,,,,,,,,,,,,127.8,
2026-09-21T13:50:00+00:00,dc-pdu-rest,5.589,,True,,,15.41,,,,0.4657,42.217,,,,,,,48.2,,,,0.951,,,,,,,,,,,,127.1,
2026-09-21T13:55:00+00:00,dc-pdu-rest,6.033,,True,,,16.11,,,,0.5027,42.719,,,,,,,50.3,,,,0.972,,,,,,,,,,,,128.4,
2026-09-21T14:00:00+00:00,dc-pdu-rest,5.797,,True,,,16.68,,,,0.4831,43.202,,,,,,,52.1,,,,0.916,,,,,,,,,,,,126.5,
2026-09-21T14:05:00+00:00,dc-pdu-rest,6.3,,True,,,17.22,,,,0.525,43.727,,,,,,,53.8,,,,0.962,,,,,,,,,,,,126.7,
2026-09-21T14:10:00+00:00,dc-pdu-rest,6.039,,True,,,16.89,,,,0.5032,44.231,,,,,,,52.8,,,,0.953,,,,,,,,,,,,125.0,
2026-09-21T14:15:00+00:00,dc-pdu-rest,6.159,,True,,,16.81,,,,0.5132,44.744,,,,,,,52.5,,,,0.957,,,,,,,,,,,,127.7,
2026-09-21T14:20:00+00:00,dc-pdu-rest,6.233,,True,,,16.67,,,,0.5194,45.263,,,,,,,52.1,,,,0.981,,,,,,,,,,,,127.1,
2026-09-21T14:25:00+00:00,dc-pdu-rest,6.136,,True,,,17.14,,,,0.5113,45.775,,,,,,,53.6,,,,0.962,,,,,,,,,,,,124.0,
2026-09-21T14:30:00+00:00,dc-pdu-rest,5.939,,True,,,16.15,,,,0.4949,46.27,,,,,,,50.5,,,,0.959,,,,,,,,,,,,127.9,
2026-09-21T14:35:00+00:00,dc-pdu-rest,5.873,,True,,,16.41,,,,0.4894,46.759,,,,,,,51.3,,,,0.938,,,,,,,,,,,,127.2,
2026-09-21T14:40:00+00:00,dc-pdu-rest,6.28,,True,,,17.62,,,,0.5233,47.282,,,,,,,55.1,,,,0.928,,,,,,,,,,,,128.0,
2026-09-21T14:45:00+00:00,dc-pdu-rest,6.365,,True,,,17.47,,,,0.5304,47.813,,,,,,,54.6,,,,0.964,,,,,,,,,,,,126.0,
2026-09-21T14:50:00+00:00,dc-pdu-rest,6.03,,True,,,16.52,,,,0.5025,48.315,,,,,,,51.6,,,,0.95,,,,,,,,,,,,128.1,
2026-09-21T14:55:00+00:00,dc-pdu-rest,5.7,,True,,,16.18,,,,0.475,48.79,,,,,,,50.6,,,,0.925,,,,,,,,,,,,126.9,
2026-09-21T15:00:00+00:00,dc-pdu-rest,6.313,,True,,,17.27,,,,0.5261,49.316,,,,,,,54.0,,,,0.946,,,,,,,,,,,,128.8,
2026-09-21T15:05:00+00:00,dc-pdu-rest,6.17,,True,,,16.98,,,,0.5142,49.831,,,,,,,53.1,,,,0.944,,,,,,,,,,,,128.3,
2026-09-21T15:10:00+00:00,dc-pdu-rest,6.169,,True,,,17.69,,,,0.5141,50.345,,,,,,,55.3,,,,0.916,,,,,,,,,,,,127.0,
2026-09-21T15:15:00+00:00,dc-pdu-rest,6.521,,True,,,17.15,,,,0.5434,50.888,,,,,,,53.6,,,,0.989,,,,,,,,,,,,128.1,
2026-09-21T15:20:00+00:00,dc-pdu-rest,6.392,,True,,,17.64,,,,0.5327,51.421,,,,,,,55.1,,,,0.953,,,,,,,,,,,,126.7,
2026-09-21T15:25:00+00:00,dc-pdu-rest,6.296,,True,,,16.94,,,,0.5247,51.945,,,,,,,52.9,,,,0.97,,,,,,,,,,,,127.7,
2026-09-21T15:30:00+00:00,dc-pdu-rest,6.301,,True,,,17.49,,,,0.5251,52.47,,,,,,,54.7,,,,0.95,,,,,,,,,,,,126.3,
2026-09-21T15:35:00+00:00,dc-pdu-rest,6.65,,True,,,18.47,,,,0.5542,53.025,,,,,,,57.7,,,,0.947,,,,,,,,,,,,126.8,
2026-09-21T15:40:00+00:00,dc-pdu-rest,6.075,,True,,,16.74,,,,0.5063,53.531,,,,,,,52.3,,,,0.943,,,,,,,,,,,,128.3,
2026-09-21T15:45:00+00:00,dc-pdu-rest,6.394,,True,,,17.81,,,,0.5328,54.064,,,,,,,55.7,,,,0.946,,,,,,,,,,,,126.6,
2026-09-21T15:50:00+00:00,dc-pdu-rest,6.075,,True,,,17.23,,,,0.5063,54.57,,,,,,,53.9,,,,0.93,,,,,,,,,,,,126.4,
2026-09-21T15:55:00+00:00,dc-pdu-rest,6.441,,True,,,17.71,,,,0.5368,55.107,,,,,,,55.3,,,,0.979,,,,,,,,,,,,123.9,
2026-09-21T16:00:00+00:00,dc-pdu-rest,6.191,,True,,,17.21,,,,0.516,55.623,,,,,,,53.8,,,,0.956,,,,,,,,,,,,125.4,
2026-09-21T16:05:00+00:00,dc-pdu-rest,6.352,,True,,,17.52,,,,0.5293,56.152,,,,,,,54.7,,,,0.939,,,,,,,,,,,,128.7,
2026-09-21T16:10:00+00:00,dc-pdu-rest,6.839,,True,,,18.78,,,,0.5699,56.722,,,,,,,58.7,,,,0.958,,,,,,,,,,,,126.7,
2026-09-21T16:15:00+00:00,dc-pdu-rest,6.473,,True,,,18.06,,,,0.5394,57.261,,,,,,,56.4,,,,0.955,,,,,,,,,,,,125.1,
2026-09-21T16:20:00+00:00,dc-pdu-rest,6.687,,True,,,18.55,,,,0.5572,57.819,,,,,,,58.0,,,,0.943,,,,,,,,,,,,127.5,
2026-09-21T16:25:00+00:00,dc-pdu-rest,6.674,,True,,,18.61,,,,0.5561,58.375,,,,,,,58.1,,,,0.942,,,,,,,,,,,,126.9,
2026-09-21T16:30:00+00:00,dc-pdu-rest,6.667,,True,,,18.15,,,,0.5556,58.93,,,,,,,56.7,,,,0.983,,,,,,,,,,,,124.7,
2026-09-21T16:35:00+00:00,dc-pdu-rest,6.557,,True,,,18.15,,,,0.5465,59.477,,,,,,,56.7,,,,0.936,,,,,,,,,,,,128.7,
2026-09-21T16:40:00+00:00,dc-pdu-rest,6.959,,True,,,19.18,,,,0.5799,60.057,,,,,,,60.0,,,,0.942,,,,,,,,,,,,128.3,
2026-09-21T16:45:00+00:00,dc-pdu-rest,6.595,,True,,,18.09,,,,0.5496,60.606,,,,,,,56.5,,,,0.96,,,,,,,,,,,,126.6,
2026-09-21T16:50:00+00:00,dc-pdu-rest,6.618,,True,,,18.34,,,,0.5515,61.158,,,,,,,57.3,,,,0.95,,,,,,,,,,,,126.6,
2026-09-21T16:55:00+00:00,dc-pdu-rest,6.994,,True,,,18.43,,,,0.5828,61.741,,,,,,,57.6,,,,0.981,,,,,,,,,,,,128.9,
2026-09-21T17:00:00+00:00,dc-pdu-rest,6.917,,True,,,18.93,,,,0.5764,62.317,,,,,,,59.1,,,,0.958,,,,,,,,,,,,127.2,
2026-09-21T17:05:00+00:00,dc-pdu-rest,6.476,,True,,,18.82,,,,0.5397,62.857,,,,,,,58.8,,,,0.924,,,,,,,,,,,,124.2,
2026-09-21T17:10:00+00:00,dc-pdu-rest,7.016,,True,,,19.55,,,,0.5846,63.441,,,,,,,61.1,,,,0.944,,,,,,,,,,,,126.7,
2026-09-21T17:15:00+00:00,dc-pdu-rest,6.839,,True,,,19.23,,,,0.5699,64.011,,,,,,,60.1,,,,0.949,,,,,,,,,,,,125.0,
2026-09-21T17:20:00+00:00,dc-pdu-rest,6.624,,True,,,19.29,,,,0.552,64.563,,,,,,,60.3,,,,0.913,,,,,,,,,,,,125.4,
2026-09-21T17:25:00+00:00,dc-pdu-rest,6.641,,True,,,18.35,,,,0.5534,65.117,,,,,,,57.4,,,,0.954,,,,,,,,,,,,126.5,
2026-09-21T17:30:00+00:00,dc-pdu-rest,7.154,,True,,,19.71,,,,0.5961,65.713,,,,,,,61.6,,,,0.961,,,,,,,,,,,,125.8,
2026-09-21T17:35:00+00:00,dc-pdu-rest,6.953,,True,,,19.4,,,,0.5795,66.292,,,,,,,60.6,,,,0.954,,,,,,,,,,,,125.2,
2026-09-21T17:40:00+00:00,dc-pdu-rest,7.029,,True,,,19.56,,,,0.5857,66.878,,,,,,,61.1,,,,0.947,,,,,,,,,,,,126.5,
2026-09-21T17:45:00+00:00,dc-pdu-rest,7.183,,True,,,19.5,,,,0.5986,67.477,,,,,,,60.9,,,,0.959,,,,,,,,,,,,128.1,
2026-09-21T17:50:00+00:00,dc-pdu-rest,7.42,,True,,,20.36,,,,0.6183,68.095,,,,,,,63.6,,,,0.957,,,,,,,,,,,,126.9,
2026-09-21T17:55:00+00:00,dc-pdu-rest,6.825,,True,,,19.05,,,,0.5687,68.664,,,,,,,59.5,,,,0.935,,,,,,,,,,,,127.8,
2026-09-21T18:00:00+00:00,dc-pdu-rest,6.959,,True,,,19.29,,,,0.5799,69.244,,,,,,,60.3,,,,0.956,,,,,,,,,,,,125.7,
2026-09-21T18:05:00+00:00,dc-pdu-rest,6.765,,True,,,19.61,,,,0.5637,69.807,,,,,,,61.3,,,,0.919,,,,,,,,,,,,125.1,
2026-09-21T18:10:00+00:00,dc-pdu-rest,7.273,,True,,,19.83,,,,0.6061,70.413,,,,,,,62.0,,,,0.952,,,,,,,,,,,,128.4,
2026-09-21T18:15:00+00:00,dc-pdu-rest,6.776,,True,,,18.9,,,,0.5647,70.978,,,,,,,59.1,,,,0.944,,,,,,,,,,,,126.6,
2026-09-21T18:20:00+00:00,dc-pdu-rest,7.102,,True,,,19.75,,,,0.5918,71.57,,,,,,,61.7,,,,0.948,,,,,,,,,,,,126.5,
2026-09-21T18:25:00+00:00,dc-pdu-rest,7.1,,True,,,19.78,,,,0.5917,72.162,,,,,,,61.8,,,,0.95,,,,,,,,,,,,126.0,
2026-09-21T18:30:00+00:00,dc-pdu-rest,6.624,,True,,,18.58,,,,0.552,72.714,,,,,,,58.1,,,,0.939,,,,,,,,,,,,126.6,
2026-09-21T18:35:00+00:00,dc-pdu-rest,7.58,,True,,,20.49,,,,0.6317,73.345,,,,,,,64.0,,,,0.962,,,,,,,,,,,,128.2,
2026-09-21T18:40:00+00:00,dc-pdu-rest,7.578,,True,,,20.36,,,,0.6315,73.977,,,,,,,63.6,,,,0.964,,,,,,,,,,,,128.8,
2026-09-21T18:45:00+00:00,dc-pdu-rest,6.888,,True,,,19.2,,,,0.574,74.551,,,,,,,60.0,,,,0.935,,,,,,,,,,,,127.9,
2026-09-21T18:50:00+00:00,dc-pdu-rest,7.37,,True,,,20.36,,,,0.6142,75.165,,,,,,,63.6,,,,0.949,,,,,,,,,,,,127.2,
2026-09-21T18:55:00+00:00,dc-pdu-rest,6.794,,True,,,19.38,,,,0.5662,75.731,,,,,,,60.6,,,,0.931,,,,,,,,,,,,125.6,
2026-09-21T19:00:00+00:00,dc-pdu-rest,7.265,,True,,,19.51,,,,0.6054,76.337,,,,,,,61.0,,,,0.948,,,,,,,,,,,,130.9,
2026-09-21T19:05:00+00:00,dc-pdu-rest,7.397,,True,,,20.33,,,,0.6164,76.953,,,,,,,63.5,,,,0.963,,,,,,,,,,,,125.9,
2026-09-21T19:10:00+00:00,dc-pdu-rest,7.123,,True,,,19.57,,,,0.5936,77.547,,,,,,,61.2,,,,0.95,,,,,,,,,,,,127.8,
2026-09-21T19:15:00+00:00,dc-pdu-rest,7.144,,True,,,19.96,,,,0.5953,78.142,,,,,,,62.4,,,,0.936,,,,,,,,,,,,127.4,
2026-09-21T19:20:00+00:00,dc-pdu-rest,7.108,,True,,,19.59,,,,0.5923,78.734,,,,,,,61.2,,,,0.956,,,,,,,,,,,,126.4,
2026-09-21T19:25:00+00:00,dc-pdu-rest,7.31,,True,,,19.51,,,,0.6091,79.343,,,,,,,61.0,,,,0.98,,,,,,,,,,,,127.4,
2026-09-21T19:30:00+00:00,dc-pdu-rest,7.533,,True,,,20.51,,,,0.6277,79.971,,,,,,,64.1,,,,0.951,,,,,,,,,,,,128.7,
2026-09-21T19:35:00+00:00,dc-pdu-rest,7.475,,True,,,19.92,,,,0.6229,80.594,,,,,,,62.3,,,,0.982,,,,,,,,,,,,127.4,
2026-09-21T19:40:00+00:00,dc-pdu-rest,7.767,,True,,,21.28,,,,0.6473,81.241,,,,,,,66.5,,,,0.949,,,,,,,,,,,,128.2,
2026-09-21T19:45:00+00:00,dc-pdu-rest,7.505,,True,,,20.48,,,,0.6254,81.867,,,,,,,64.0,,,,0.957,,,,,,,,,,,,127.6,
2026-09-21T19:50:00+00:00,dc-pdu-rest,7.595,,True,,,21.19,,,,0.6329,82.499,,,,,,,66.2,,,,0.938,,,,,,,,,,,,127.3,
2026-09-21T19:55:00+00:00,dc-pdu-rest,7.232,,True,,,19.73,,,,0.6026,83.102,,,,,,,61.6,,,,0.975,,,,,,,,,,,,125.4,
2026-09-21T20:00:00+00:00,dc-pdu-rest,7.238,,True,,,20.24,,,,0.6032,83.705,,,,,,,63.3,,,,0.941,,,,,,,,,,,,126.7,
2026-09-21T20:05:00+00:00,dc-pdu-rest,7.909,,True,,,21.26,,,,0.6591,84.364,,,,,,,66.4,,,,0.973,,,,,,,,,,,,127.4,
2026-09-21T20:10:00+00:00,dc-pdu-rest,7.087,,True,,,19.81,,,,0.5906,84.955,,,,,,,61.9,,,,0.936,,,,,,,,,,,,127.4,
2026-09-21T20:15:00+00:00,dc-pdu-rest,7.559,,True,,,20.32,,,,0.6299,85.585,,,,,,,63.5,,,,0.964,,,,,,,,,,,,128.6,
2026-09-21T20:20:00+00:00,dc-pdu-rest,7.424,,True,,,20.0,,,,0.6187,86.204,,,,,,,62.5,,,,0.976,,,,,,,,,,,,126.8,
2026-09-21T20:25:00+00:00,dc-pdu-rest,7.083,,True,,,19.66,,,,0.5902,86.794,,,,,,,61.4,,,,0.956,,,,,,,,,,,,125.6,
2026-09-21T20:30:00+00:00,dc-pdu-rest,7.33,,True,,,19.95,,,,0.6108,87.405,,,,,,,62.3,,,,0.967,,,,,,,,,,,,126.6,
2026-09-21T20:35:00+00:00,dc-pdu-rest,7.107,,True,,,20.09,,,,0.5923,87.997,,,,,,,62.8,,,,0.943,,,,,,,,,,,,125.0,
2026-09-21T20:40:00+00:00,dc-pdu-rest,7.38,,True,,,20.72,,,,0.615,88.612,,,,,,,64.7,,,,0.948,,,,,,,,,,,,125.3,
2026-09-21T20:45:00+00:00,dc-pdu-rest,7.534,,True,,,20.54,,,,0.6278,89.24,,,,,,,64.2,,,,0.97,,,,,,,,,,,,126.1,
2026-09-21T20:50:00+00:00,dc-pdu-rest,7.078,,True,,,19.23,,,,0.5898,89.83,,,,,,,60.1,,,,0.958,,,,,,,,,,,,128.0,
2026-09-21T20:55:00+00:00,dc-pdu-rest,7.088,,True,,,19.93,,,,0.5906,90.42,,,,,,,62.3,,,,0.933,,,,,,,,,,,,127.1,
2026-09-21T21:00:00+00:00,dc-pdu-rest,6.997,,True,,,19.19,,,,0.5831,91.003,,,,,,,60.0,,,,0.959,,,,,,,,,,,,126.8,
2026-09-21T21:05:00+00:00,dc-pdu-rest,6.897,,True,,,19.1,,,,0.5748,91.578,,,,,,,59.7,,,,0.956,,,,,,,,,,,,126.0,
2026-09-21T21:10:00+00:00,dc-pdu-rest,7.35,,True,,,20.62,,,,0.6125,92.191,,,,,,,64.4,,,,0.935,,,,,,,,,,,,127.0,
2026-09-21T21:15:00+00:00,dc-pdu-rest,7.528,,True,,,20.83,,,,0.6273,92.818,,,,,,,65.1,,,,0.955,,,,,,,,,,,,126.1,
2026-09-21T21:20:00+00:00,dc-pdu-rest,7.282,,True,,,19.86,,,,0.6069,93.425,,,,,,,62.1,,,,0.966,,,,,,,,,,,,126.5,
2026-09-21T21:25:00+00:00,dc-pdu-rest,7.15,,True,,,20.36,,,,0.5958,94.021,,,,,,,63.6,,,,0.922,,,,,,,,,,,,127.0,
2026-09-21T21:30:00+00:00,dc-pdu-rest,7.638,,True,,,20.9,,,,0.6365,94.657,,,,,,,65.3,,,,0.942,,,,,,,,,,,,129.4,
2026-09-21T21:35:00+00:00,dc-pdu-rest,7.583,,True,,,19.94,,,,0.6319,95.289,,,,,,,62.3,,,,0.973,,,,,,,,,,,,130.3,
2026-09-21T21:40:00+00:00,dc-pdu-rest,7.285,,True,,,19.46,,,,0.6071,95.896,,,,,,,60.8,,,,0.971,,,,,,,,,,,,128.6,
2026-09-21T21:45:00+00:00,dc-pdu-rest,7.214,,True,,,19.69,,,,0.6012,96.497,,,,,,,61.5,,,,0.951,,,,,,,,,,,,128.5,
2026-09-21T21:50:00+00:00,dc-pdu-rest,7.076,,True,,,19.76,,,,0.5896,97.087,,,,,,,61.7,,,,0.954,,,,,,,,,,,,125.1,
2026-09-21T21:55:00+00:00,dc-pdu-rest,7.153,,True,,,20.14,,,,0.5961,97.683,,,,,,,63.0,,,,0.951,,,,,,,,,,,,124.4,
2026-09-21T22:00:00+00:00,dc-pdu-rest,7.397,,True,,,19.95,,,,0.6165,98.299,,,,,,,62.3,,,,0.967,,,,,,,,,,,,127.8,
2026-09-21T22:05:00+00:00,dc-pdu-rest,7.512,,True,,,20.16,,,,0.626,98.926,,,,,,,63.0,,,,0.96,,,,,,,,,,,,129.4,
2026-09-21T22:10:00+00:00,dc-pdu-rest,6.732,,True,,,18.97,,,,0.561,99.486,,,,,,,59.3,,,,0.947,,,,,,,,,,,,124.9,
2026-09-21T22:15:00+00:00,dc-pdu-rest,6.753,,True,,,18.87,,,,0.5627,100.049,,,,,,,59.0,,,,0.945,,,,,,,,,,,,126.2,
2026-09-21T22:20:00+00:00,dc-pdu-rest,6.882,,True,,,19.23,,,,0.5735,100.623,,,,,,,60.1,,,,0.942,,,,,,,,,,,,126.6,
2026-09-21T22:25:00+00:00,dc-pdu-rest,6.719,,True,,,18.39,,,,0.5599,101.183,,,,,,,57.5,,,,0.959,,,,,,,,,,,,127.0,
2026-09-21T22:30:00+00:00,dc-pdu-rest,6.816,,True,,,19.15,,,,0.568,101.751,,,,,,,59.8,,,,0.942,,,,,,,,,,,,126.0,
2026-09-21T22:35:00+00:00,dc-pdu-rest,6.899,,True,,,19.19,,,,0.5749,102.326,,,,,,,60.0,,,,0.939,,,,,,,,,,,,127.6,
2026-09-21T22:40:00+00:00,dc-pdu-rest,6.64,,True,,,18.42,,,,0.5533,102.879,,,,,,,57.6,,,,0.929,,,,,,,,,,,,129.3,
2026-09-21T22:45:00+00:00,dc-pdu-rest,6.89,,True,,,18.88,,,,0.5742,103.453,,,,,,,59.0,,,,0.953,,,,,,,,,,,,127.6,
2026-09-21T22:50:00+00:00,dc-pdu-rest,7.061,,True,,,19.67,,,,0.5884,104.041,,,,,,,61.5,,,,0.942,,,,,,,,,,,,127.0,
2026-09-21T22:55:00+00:00,dc-pdu-rest,6.785,,True,,,19.04,,,,0.5654,104.607,,,,,,,59.5,,,,0.934,,,,,,,,,,,,127.2,
2026-09-21T23:00:00+00:00,dc-pdu-rest,6.878,,True,,,18.86,,,,0.5731,105.18,,,,,,,58.9,,,,0.954,,,,,,,,,,,,127.4,
2026-09-21T23:05:00+00:00,dc-pdu-rest,6.471,,True,,,17.7,,,,0.5392,105.719,,,,,,,55.3,,,,0.944,,,,,,,,,,,,129.1,
2026-09-21T23:10:00+00:00,dc-pdu-rest,6.678,,True,,,18.91,,,,0.5565,106.276,,,,,,,59.1,,,,0.919,,,,,,,,,,,,128.1,
2026-09-21T23:15:00+00:00,dc-pdu-rest,6.71,,True,,,18.97,,,,0.5592,106.835,,,,,,,59.3,,,,0.926,,,,,,,,,,,,127.3,
2026-09-21T23:20:00+00:00,dc-pdu-rest,7.14,,True,,,19.52,,,,0.595,107.43,,,,,,,61.0,,,,0.958,,,,,,,,,,,,127.3,
2026-09-21T23:25:00+00:00,dc-pdu-rest,6.617,,True,,,18.5,,,,0.5514,107.981,,,,,,,57.8,,,,0.929,,,,,,,,,,,,128.4,
2026-09-21T23:30:00+00:00,dc-pdu-rest,6.35,,True,,,17.34,,,,0.5292,108.511,,,,,,,54.2,,,,0.961,,,,,,,,,,,,127.0,
2026-09-21T23:35:00+00:00,dc-pdu-rest,6.258,,True,,,17.42,,,,0.5215,109.032,,,,,,,54.4,,,,0.937,,,,,,,,,,,,127.8,
2026-09-21T23:40:00+00:00,dc-pdu-rest,6.847,,True,,,18.84,,,,0.5706,109.603,,,,,,,58.9,,,,0.953,,,,,,,,,,,,127.1,
2026-09-21T23:45:00+00:00,dc-pdu-rest,6.396,,True,,,17.53,,,,0.533,110.136,,,,,,,54.8,,,,0.965,,,,,,,,,,,,126.1,
2026-09-21T23:50:00+00:00,dc-pdu-rest,6.715,,True,,,18.5,,,,0.5596,110.695,,,,,,,57.8,,,,0.963,,,,,,,,,,,,125.6,
2026-09-21T23:55:00+00:00,dc-pdu-rest,6.212,,True,,,17.69,,,,0.5177,111.213,,,,,,,55.3,,,,0.924,,,,,,,,,,,,126.7,
2026-09-22T00:40:00+00:00,dc-pdu-rest,6.077,,True,,,16.84,,,,0.5065,111.719,,,,,,,52.6,,,,0.963,,,,,,,,,,,,124.9,
2026-09-22T00:45:00+00:00,dc-pdu-rest,6.299,,True,,,17.67,,,,0.525,112.244,,,,,,,55.2,,,,0.935,,,,,,,,,,,,127.1,
2026-09-22T00:50:00+00:00,dc-pdu-rest,6.113,,True,,,17.03,,,,0.5094,112.754,,,,,,,53.2,,,,0.937,,,,,,,,,,,,127.7,
2026-09-22T00:55:00+00:00,dc-pdu-rest,5.652,,True,,,15.86,,,,0.471,113.225,,,,,,,49.6,,,,0.932,,,,,,,,,,,,127.5,
2026-09-22T01:00:00+00:00,dc-pdu-rest,6.213,,True,,,17.17,,,,0.5178,113.743,,,,,,,53.6,,,,0.974,,,,,,,,,,,,123.9,
2026-09-22T01:05:00+00:00,dc-pdu-rest,5.865,,True,,,16.16,,,,0.4888,114.231,,,,,,,50.5,,,,0.937,,,,,,,,,,,,129.1,
2026-09-22T01:10:00+00:00,dc-pdu-rest,6.109,,True,,,16.47,,,,0.5091,114.74,,,,,,,51.5,,,,0.968,,,,,,,,,,,,127.7,
2026-09-22T01:15:00+00:00,dc-pdu-rest,5.909,,True,,,16.54,,,,0.4924,115.233,,,,,,,51.7,,,,0.933,,,,,,,,,,,,127.6,
2026-09-22T01:20:00+00:00,dc-pdu-rest,5.605,,True,,,15.52,,,,0.4671,115.7,,,,,,,48.5,,,,0.952,,,,,,,,,,,,126.4,
2026-09-22T01:25:00+00:00,dc-pdu-rest,6.222,,True,,,17.12,,,,0.5185,116.218,,,,,,,53.5,,,,0.966,,,,,,,,,,,,125.4,
2026-09-22T01:30:00+00:00,dc-pdu-rest,5.969,,True,,,16.95,,,,0.4974,116.716,,,,,,,53.0,,,,0.946,,,,,,,,,,,,124.1,
2026-09-22T01:35:00+00:00,dc-pdu-rest,5.717,,True,,,16.18,,,,0.4764,117.192,,,,,,,50.6,,,,0.941,,,,,,,,,,,,125.2,
2026-09-22T01:40:00+00:00,dc-pdu-rest,5.926,,True,,,17.02,,,,0.4939,117.686,,,,,,,53.2,,,,0.922,,,,,,,,,,,,125.9,
2026-09-22T01:45:00+00:00,dc-pdu-rest,5.812,,True,,,15.75,,,,0.4843,118.17,,,,,,,49.2,,,,0.969,,,,,,,,,,,,127.0,
2026-09-22T01:50:00+00:00,dc-pdu-rest,6.184,,True,,,17.0,,,,0.5153,118.686,,,,,,,53.1,,,,0.939,,,,,,,,,,,,129.2,
2026-09-22T01:55:00+00:00,dc-pdu-rest,5.908,,True,,,16.35,,,,0.4924,119.178,,,,,,,51.1,,,,0.938,,,,,,,,,,,,128.4,
2026-09-22T02:00:00+00:00,dc-pdu-rest,5.792,,True,,,16.2,,,,0.4827,119.661,,,,,,,50.6,,,,0.942,,,,,,,,,,,,126.5,
2026-09-22T02:05:00+00:00,dc-pdu-rest,5.89,,True,,,16.42,,,,0.4908,120.151,,,,,,,51.3,,,,0.938,,,,,,,,,,,,127.5,
2026-09-22T02:10:00+00:00,dc-pdu-rest,5.514,,True,,,15.4,,,,0.4595,120.611,,,,,,,48.1,,,,0.953,,,,,,,,,,,,125.3,
2026-09-22T02:15:00+00:00,dc-pdu-rest,5.515,,True,,,15.37,,,,0.4596,121.071,,,,,,,48.0,,,,0.955,,,,,,,,,,,,125.2,
2026-09-22T02:20:00+00:00,dc-pdu-rest,5.586,,True,,,15.39,,,,0.4655,121.536,,,,,,,48.1,,,,0.953,,,,,,,,,,,,126.9,
2026-09-22T02:25:00+00:00,dc-pdu-rest,5.492,,True,,,15.56,,,,0.4577,121.994,,,,,,,48.6,,,,0.925,,,,,,,,,,,,127.2,
2026-09-22T02:30:00+00:00,dc-pdu-rest,5.189,,True,,,14.35,,,,0.4324,122.426,,,,,,,44.8,,,,0.95,,,,,,,,,,,,126.9,
2026-09-22T02:35:00+00:00,dc-pdu-rest,5.356,,True,,,15.0,,,,0.4463,122.872,,,,,,,46.9,,,,0.952,,,,,,,,,,,,125.0,
2026-09-22T02:40:00+00:00,dc-pdu-rest,5.802,,True,,,15.68,,,,0.4835,123.356,,,,,,,49.0,,,,0.971,,,,,,,,,,,,127.0,
2026-09-22T02:45:00+00:00,dc-pdu-rest,5.59,,True,,,15.31,,,,0.4658,123.822,,,,,,,47.8,,,,0.946,,,,,,,,,,,,128.7,
2026-09-22T02:50:00+00:00,dc-pdu-rest,5.215,,True,,,14.12,,,,0.4346,124.256,,,,,,,44.1,,,,0.972,,,,,,,,,,,,126.7,
2026-09-22T02:55:00+00:00,dc-pdu-rest,5.34,,True,,,15.25,,,,0.445,124.701,,,,,,,47.6,,,,0.924,,,,,,,,,,,,126.3,
2026-09-22T03:00:00+00:00,dc-pdu-rest,5.331,,True,,,14.87,,,,0.4443,125.146,,,,,,,46.5,,,,0.941,,,,,,,,,,,,127.1,
2026-09-22T03:05:00+00:00,dc-pdu-rest,5.279,,True,,,14.74,,,,0.4399,125.586,,,,,,,46.1,,,,0.96,,,,,,,,,,,,124.4,
2026-09-22T03:10:00+00:00,dc-pdu-rest,5.214,,True,,,14.16,,,,0.4345,126.02,,,,,,,44.2,,,,0.967,,,,,,,,,,,,126.9,
2026-09-22T03:15:00+00:00,dc-pdu-rest,5.23,,True,,,14.01,,,,0.4358,126.456,,,,,,,43.8,,,,0.968,,,,,,,,,,,,128.6,
2026-09-22T03:20:00+00:00,dc-pdu-rest,5.208,,True,,,13.89,,,,0.434,126.89,,,,,,,43.4,,,,0.96,,,,,,,,,,,,130.2,
2026-09-22T03:25:00+00:00,dc-pdu-rest,5.039,,True,,,13.95,,,,0.4199,127.31,,,,,,,43.6,,,,0.943,,,,,,,,,,,,127.6,
2026-09-22T03:30:00+00:00,dc-pdu-rest,4.622,,True,,,12.76,,,,0.3852,127.695,,,,,,,39.9,,,,0.951,,,,,,,,,,,,126.9,
2026-09-22T03:35:00+00:00,dc-pdu-rest,5.111,,True,,,13.75,,,,0.4259,128.121,,,,,,,43.0,,,,0.959,,,,,,,,,,,,129.2,
2026-09-22T03:40:00+00:00,dc-pdu-rest,5.494,,True,,,14.87,,,,0.4578,128.579,,,,,,,46.5,,,,0.973,,,,,,,,,,,,126.6,
2026-09-22T03:45:00+00:00,dc-pdu-rest,5.328,,True,,,14.28,,,,0.444,129.023,,,,,,,44.6,,,,0.974,,,,,,,,,,,,127.7,
2026-09-22T03:50:00+00:00,dc-pdu-rest,5.327,,True,,,14.55,,,,0.4439,129.467,,,,,,,45.5,,,,0.958,,,,,,,,,,,,127.3,
2026-09-22T03:55:00+00:00,dc-pdu-rest,5.213,,True,,,14.12,,,,0.4344,129.901,,,,,,,44.1,,,,0.967,,,,,,,,,,,,127.2,
2026-09-22T04:00:00+00:00,dc-pdu-rest,5.421,,True,,,14.27,,,,0.4517,130.353,,,,,,,44.6,,,,0.982,,,,,,,,,,,,128.9,
2026-09-22T04:05:00+00:00,dc-pdu-rest,5.515,,True,,,14.94,,,,0.4595,130.812,,,,,,,46.7,,,,0.961,,,,,,,,,,,,128.0,
2026-09-22T04:10:00+00:00,dc-pdu-rest,5.266,,True,,,14.43,,,,0.4388,131.251,,,,,,,45.1,,,,0.955,,,,,,,,,,,,127.4,
2026-09-22T04:15:00+00:00,dc-pdu-rest,4.619,,True,,,12.95,,,,0.3849,131.636,,,,,,,40.5,,,,0.953,,,,,,,,,,,,124.7,
2026-09-22T04:20:00+00:00,dc-pdu-rest,5.21,,True,,,15.02,,,,0.4341,132.07,,,,,,,47.0,,,,0.92,,,,,,,,,,,,125.6,
2026-09-22T04:25:00+00:00,dc-pdu-rest,5.25,,True,,,14.04,,,,0.4375,132.508,,,,,,,43.9,,,,0.988,,,,,,,,,,,,126.1,
2026-09-22T04:30:00+00:00,dc-pdu-rest,4.853,,True,,,14.01,,,,0.4044,132.912,,,,,,,43.8,,,,0.942,,,,,,,,,,,,122.5,
2026-09-22T04:35:00+00:00,dc-pdu-rest,4.516,,True,,,12.78,,,,0.3763,133.288,,,,,,,39.9,,,,0.938,,,,,,,,,,,,125.6,
2026-09-22T04:40:00+00:00,dc-pdu-rest,4.701,,True,,,13.57,,,,0.3917,133.68,,,,,,,42.4,,,,0.92,,,,,,,,,,,,125.5,
2026-09-22T04:45:00+00:00,dc-pdu-rest,4.722,,True,,,13.29,,,,0.3935,134.074,,,,,,,41.5,,,,0.942,,,,,,,,,,,,125.8,
2026-09-22T04:50:00+00:00,dc-pdu-rest,4.587,,True,,,12.85,,,,0.3823,134.456,,,,,,,40.2,,,,0.94,,,,,,,,,,,,126.6,
2026-09-22T04:55:00+00:00,dc-pdu-rest,4.853,,True,,,13.45,,,,0.4044,134.86,,,,,,,42.0,,,,0.953,,,,,,,,,,,,126.2,
2026-09-23T05:00:00+00:00,dc-pdu-rest,4.793,,True,,,13.04,,,,0.3994,135.26,,,,,,,40.8,,,,0.965,,,,,,,,,,,,127.0,
2026-09-23T05:05:00+00:00,dc-pdu-rest,4.807,,True,,,13.3,,,,0.4006,135.66,,,,,,,41.6,,,,0.954,,,,,,,,,,,,126.3,
2026-09-23T05:10:00+00:00,dc-pdu-rest,4.727,,True,,,12.84,,,,0.3939,136.054,,,,,,,40.1,,,,0.957,,,,,,,,,,,,128.2,
2026-09-23T05:15:00+00:00,dc-pdu-rest,4.676,,True,,,13.24,,,,0.3897,136.444,,,,,,,41.4,,,,0.914,,,,,,,,,,,,128.7,
2026-09-23T05:20:00+00:00,dc-pdu-rest,5.023,,True,,,14.24,,,,0.4185,136.862,,,,,,,44.5,,,,0.929,,,,,,,,,,,,126.5,
2026-09-23T05:25:00+00:00,dc-pdu-rest,4.921,,True,,,13.08,,,,0.4101,137.273,,,,,,,40.9,,,,0.973,,,,,,,,,,,,128.9,
2026-09-23T05:30:00+00:00,dc-pdu-rest,4.799,,True,,,13.43,,,,0.4,137.672,,,,,,,42.0,,,,0.941,,,,,,,,,,,,126.7,
2026-09-23T05:35:00+00:00,dc-pdu-rest,4.543,,True,,,12.33,,,,0.3786,138.051,,,,,,,38.5,,,,0.953,,,,,,,,,,,,128.8,
2026-09-23T05:40:00+00:00,dc-pdu-rest,4.765,,True,,,13.16,,,,0.3971,138.448,,,,,,,41.1,,,,0.958,,,,,,,,,,,,126.0,
2026-09-23T05:45:00+00:00,dc-pdu-rest,4.542,,True,,,12.93,,,,0.3785,138.827,,,,,,,40.4,,,,0.942,,,,,,,,,,,,124.3,
2026-09-23T05:50:00+00:00,dc-pdu-rest,4.69,,True,,,12.94,,,,0.3908,139.217,,,,,,,40.4,,,,0.945,,,,,,,,,,,,127.8,
2026-09-23T05:55:00+00:00,dc-pdu-rest,4.904,,True,,,13.39,,,,0.4087,139.626,,,,,,,41.8,,,,0.943,,,,,,,,,,,,129.5,
2026-09-23T06:00:00+00:00,dc-pdu-rest,4.566,,True,,,12.66,,,,0.3805,140.007,,,,,,,39.6,,,,0.941,,,,,,,,,,,,127.8,
2026-09-23T06:05:00+00:00,dc-pdu-rest,4.564,,True,,,12.65,,,,0.3803,140.387,,,,,,,39.5,,,,0.94,,,,,,,,,,,,128.0,
2026-09-23T06:10:00+00:00,dc-pdu-rest,4.87,,True,,,13.24,,,,0.4058,140.793,,,,,,,41.4,,,,0.969,,,,,,,,,,,,126.6,
2026-09-23T06:15:00+00:00,dc-pdu-rest,4.26,,True,,,12.08,,,,0.355,141.148,,,,,,,37.8,,,,0.923,,,,,,,,,,,,127.4,
2026-09-23T06:20:00+00:00,dc-pdu-rest,4.03,,True,,,10.89,,,,0.3359,141.484,,,,,,,34.0,,,,0.979,,,,,,,,,,,,126.0,
2026-09-23T06:25:00+00:00,dc-pdu-rest,4.24,,True,,,11.64,,,,0.3533,141.837,,,,,,,36.4,,,,0.947,,,,,,,,,,,,128.1,
2026-09-23T06:30:00+00:00,dc-pdu-rest,4.481,,True,,,12.43,,,,0.3734,142.21,,,,,,,38.8,,,,0.958,,,,,,,,,,,,125.5,
2026-09-23T06:35:00+00:00,dc-pdu-rest,4.147,,True,,,11.29,,,,0.3456,142.556,,,,,,,35.3,,,,0.944,,,,,,,,,,,,129.8,
2026-09-23T06:40:00+00:00,dc-pdu-rest,4.613,,True,,,12.68,,,,0.3844,142.94,,,,,,,39.6,,,,0.944,,,,,,,,,,,,128.5,
2026-09-23T06:45:00+00:00,dc-pdu-rest,4.635,,True,,,12.52,,,,0.3862,143.327,,,,,,,39.1,,,,0.969,,,,,,,,,,,,127.4,
2026-09-23T06:50:00+00:00,dc-pdu-rest,4.024,,True,,,11.39,,,,0.3353,143.662,,,,,,,35.6,,,,0.923,,,,,,,,,,,,127.5,
2026-09-23T06:55:00+00:00,dc-pdu-rest,4.205,,True,,,11.67,,,,0.3504,144.012,,,,,,,36.5,,,,0.944,,,,,,,,,,,,127.3,
2026-09-23T07:00:00+00:00,dc-pdu-rest,4.271,,True,,,11.69,,,,0.3559,144.368,,,,,,,36.5,,,,0.968,,,,,,,,,,,,125.8,
2026-09-23T07:05:00+00:00,dc-pdu-rest,4.167,,True,,,11.49,,,,0.3473,144.716,,,,,,,35.9,,,,0.963,,,,,,,,,,,,125.6,
2026-09-23T07:10:00+00:00,dc-pdu-rest,4.467,,True,,,12.32,,,,0.3723,145.088,,,,,,,38.5,,,,0.958,,,,,,,,,,,,126.2,
2026-09-23T07:15:00+00:00,dc-pdu-rest,4.504,,True,,,12.19,,,,0.3754,145.463,,,,,,,38.1,,,,0.971,,,,,,,,,,,,126.9,
2026-09-23T07:20:00+00:00,dc-pdu-rest,4.497,,True,,,12.36,,,,0.3748,145.838,,,,,,,38.6,,,,0.959,,,,,,,,,,,,126.5,
2026-09-23T07:25:00+00:00,dc-pdu-rest,4.574,,True,,,12.69,,,,0.3812,146.219,,,,,,,39.7,,,,0.965,,,,,,,,,,,,124.5,
2026-09-23T07:30:00+00:00,dc-pdu-rest,4.216,,True,,,11.25,,,,0.3514,146.571,,,,,,,35.2,,,,0.97,,,,,,,,,,,,128.8,
2026-09-23T07:35:00+00:00,dc-pdu-rest,4.362,,True,,,12.02,,,,0.3635,146.934,,,,,,,37.6,,,,0.971,,,,,,,,,,,,124.5,
2026-09-23T07:40:00+00:00,dc-pdu-rest,4.432,,True,,,12.21,,,,0.3693,147.303,,,,,,,38.1,,,,0.947,,,,,,,,,,,,127.7,
2026-09-23T07:45:00+00:00,dc-pdu-rest,4.682,,True,,,12.93,,,,0.3902,147.694,,,,,,,40.4,,,,0.953,,,,,,,,,,,,126.7,
2026-09-23T07:50:00+00:00,dc-pdu-rest,4.405,,True,,,12.21,,,,0.3671,148.061,,,,,,,38.2,,,,0.937,,,,,,,,,,,,128.3,
2026-09-23T07:55:00+00:00,dc-pdu-rest,4.343,,True,,,11.88,,,,0.3619,148.423,,,,,,,37.1,,,,0.962,,,,,,,,,,,,126.7,
2026-09-23T08:40:00+00:00,dc-pdu-rest,4.509,,True,,,12.32,,,,0.3757,148.798,,,,,,,38.5,,,,0.963,,,,,,,,,,,,126.6,
2026-09-23T08:45:00+00:00,dc-pdu-rest,4.097,,True,,,11.58,,,,0.3414,149.14,,,,,,,36.2,,,,0.94,,,,,,,,,,,,125.5,
2026-09-23T08:50:00+00:00,dc-pdu-rest,4.29,,True,,,11.56,,,,0.3575,149.497,,,,,,,36.1,,,,0.973,,,,,,,,,,,,127.3,
2026-09-23T08:55:00+00:00,dc-pdu-rest,4.434,,True,,,12.5,,,,0.3695,149.867,,,,,,,39.1,,,,0.936,,,,,,,,,,,,126.4,
2026-09-23T09:00:00+00:00,dc-pdu-rest,4.492,,True,,,12.5,,,,0.3743,150.241,,,,,,,39.1,,,,0.939,,,,,,,,,,,,127.6,
2026-09-23T09:05:00+00:00,dc-pdu-rest,4.651,,True,,,12.45,,,,0.3876,150.629,,,,,,,38.9,,,,0.975,,,,,,,,,,,,127.7,
2026-09-23T09:10:00+00:00,dc-pdu-rest,4.597,,True,,,12.33,,,,0.3831,151.012,,,,,,,38.5,,,,0.962,,,,,,,,,,,,129.2,
2026-09-23T09:15:00+00:00,dc-pdu-rest,4.757,,True,,,12.91,,,,0.3964,151.408,,,,,,,40.4,,,,0.955,,,,,,,,,,,,128.5,
2026-09-23T09:20:00+00:00,dc-pdu-rest,4.569,,True,,,12.5,,,,0.3808,151.789,,,,,,,39.1,,,,0.942,,,,,,,,,,,,129.3,
2026-09-23T09:25:00+00:00,dc-pdu-rest,4.586,,True,,,12.67,,,,0.3822,152.171,,,,,,,39.6,,,,0.941,,,,,,,,,,,,128.2,
2026-09-23T09:30:00+00:00,dc-pdu-rest,4.493,,True,,,12.1,,,,0.3744,152.546,,,,,,,37.8,,,,0.973,,,,,,,,,,,,127.3,
2026-09-23T09:35:00+00:00,dc-pdu-rest,4.71,,True,,,12.73,,,,0.3925,152.938,,,,,,,39.8,,,,0.974,,,,,,,,,,,,126.6,
2026-09-23T09:40:00+00:00,dc-pdu-rest,4.524,,True,,,12.54,,,,0.377,153.315,,,,,,,39.2,,,,0.953,,,,,,,,,,,,126.2,
2026-09-23T09:45:00+00:00,dc-pdu-rest,4.443,,True,,,12.39,,,,0.3703,153.685,,,,,,,38.7,,,,0.943,,,,,,,,,,,,126.7,
2026-09-23T09:50:00+00:00,dc-pdu-rest,4.323,,True,,,12.14,,,,0.3603,154.046,,,,,,,37.9,,,,0.929,,,,,,,,,,,,127.7,
2026-09-23T09:55:00+00:00,dc-pdu-rest,4.537,,True,,,12.12,,,,0.3781,154.424,,,,,,,37.9,,,,0.979,,,,,,,,,,,,127.5,
2026-09-23T10:00:00+00:00,dc-pdu-rest,4.769,,True,,,12.7,,,,0.3974,154.821,,,,,,,39.7,,,,0.98,,,,,,,,,,,,127.7,
2026-09-23T10:05:00+00:00,dc-pdu-rest,4.798,,True,,,13.5,,,,0.3998,155.221,,,,,,,42.2,,,,0.939,,,,,,,,,,,,126.2,
2026-09-23T10:10:00+00:00,dc-pdu-rest,4.821,,True,,,13.12,,,,0.4018,155.623,,,,,,,41.0,,,,0.957,,,,,,,,,,,,127.9,
2026-09-23T10:15:00+00:00,dc-pdu-rest,4.757,,True,,,13.1,,,,0.3964,156.019,,,,,,,40.9,,,,0.949,,,,,,,,,,,,127.5,
2026-09-23T10:20:00+00:00,dc-pdu-rest,4.549,,True,,,12.57,,,,0.3791,156.398,,,,,,,39.3,,,,0.959,,,,,,,,,,,,125.8,
2026-09-23T10:25:00+00:00,dc-pdu-rest,4.588,,True,,,13.1,,,,0.3824,156.781,,,,,,,40.9,,,,0.926,,,,,,,,,,,,126.1,
2026-09-23T10:30:00+00:00,dc-pdu-rest,4.646,,True,,,12.58,,,,0.3872,157.168,,,,,,,39.3,,,,0.964,,,,,,,,,,,,127.7,
2026-09-23T10:35:00+00:00,dc-pdu-rest,4.578,,True,,,12.87,,,,0.3815,157.549,,,,,,,40.2,,,,0.957,,,,,,,,,,,,123.9,
2026-09-23T10:40:00+00:00,dc-pdu-rest,4.053,,True,,,11.73,,,,0.3378,157.887,,,,,,,36.7,,,,0.922,,,,,,,,,,,,124.9,
2026-09-23T10:45:00+00:00,dc-pdu-rest,4.75,,True,,,13.39,,,,0.3959,158.283,,,,,,,41.9,,,,0.954,,,,,,,,,,,,123.9,
2026-09-23T10:50:00+00:00,dc-pdu-rest,5.152,,True,,,13.94,,,,0.4294,158.712,,,,,,,43.6,,,,0.952,,,,,,,,,,,,129.3,
2026-09-23T10:55:00+00:00,dc-pdu-rest,4.341,,True,,,12.18,,,,0.3618,159.074,,,,,,,38.1,,,,0.954,,,,,,,,,,,,124.5,
2026-09-23T11:00:00+00:00,dc-pdu-rest,4.474,,True,,,12.15,,,,0.3729,159.447,,,,,,,38.0,,,,0.966,,,,,,,,,,,,127.0,
2026-09-23T11:05:00+00:00,dc-pdu-rest,4.819,,True,,,13.25,,,,0.4016,159.848,,,,,,,41.4,,,,0.961,,,,,,,,,,,,126.1,
2026-09-23T11:10:00+00:00,dc-pdu-rest,5.429,,True,,,14.28,,,,0.4524,160.301,,,,,,,44.6,,,,0.976,,,,,,,,,,,,129.9,
2026-09-23T11:15:00+00:00,dc-pdu-rest,4.931,,True,,,14.22,,,,0.4109,160.712,,,,,,,44.4,,,,0.928,,,,,,,,,,,,124.5,
2026-09-23T11:20:00+00:00,dc-pdu-rest,5.21,,True,,,14.26,,,,0.4341,161.146,,,,,,,44.6,,,,0.966,,,,,,,,,,,,126.0,
2026-09-23T11:25:00+00:00,dc-pdu-rest,4.908,,True,,,13.69,,,,0.409,161.555,,,,,,,42.8,,,,0.922,,,,,,,,,,,,129.6,
2026-09-23T11:30:00+00:00,dc-pdu-rest,4.71,,True,,,13.34,,,,0.3925,161.947,,,,,,,41.7,,,,0.929,,,,,,,,,,,,126.7,
2026-09-23T11:35:00+00:00,dc-pdu-rest,5.274,,True,,,14.68,,,,0.4395,162.387,,,,,,,45.9,,,,0.946,,,,,,,,,,,,126.6,
2026-09-23T11:40:00+00:00,dc-pdu-rest,5.137,,True,,,14.26,,,,0.4281,162.815,,,,,,,44.6,,,,0.951,,,,,,,,,,,,126.3,
2026-09-23T11:45:00+00:00,dc-pdu-rest,5.14,,True,,,14.09,,,,0.4284,163.243,,,,,,,44.0,,,,0.944,,,,,,,,,,,,128.8,
2026-09-23T11:50:00+00:00,dc-pdu-rest,5.038,,True,,,13.84,,,,0.4198,163.663,,,,,,,43.2,,,,0.957,,,,,,,,,,,,126.8,
2026-09-23T11:55:00+00:00,dc-pdu-rest,4.882,,True,,,13.6,,,,0.4068,164.07,,,,,,,42.5,,,,0.944,,,,,,,,,,,,126.8,
2026-09-23T12:00:00+00:00,dc-pdu-rest,5.127,,True,,,13.89,,,,0.4273,164.497,,,,,,,43.4,,,,0.973,,,,,,,,,,,,126.5,
2026-09-23T12:05:00+00:00,dc-pdu-rest,4.596,,True,,,13.3,,,,0.383,164.88,,,,,,,41.6,,,,0.936,,,,,,,,,,,,123.1,
2026-09-23T12:10:00+00:00,dc-pdu-rest,5.111,,True,,,14.23,,,,0.4259,165.306,,,,,,,44.5,,,,0.938,,,,,,,,,,,,127.7,
2026-09-23T12:15:00+00:00,dc-pdu-rest,4.728,,True,,,13.2,,,,0.394,165.7,,,,,,,41.3,,,,0.95,,,,,,,,,,,,125.7,
2026-09-23T12:20:00+00:00,dc-pdu-rest,5.152,,True,,,14.57,,,,0.4293,166.13,,,,,,,45.5,,,,0.937,,,,,,,,,,,,125.8,
2026-09-23T12:25:00+00:00,dc-pdu-rest,5.1,,True,,,14.06,,,,0.425,166.555,,,,,,,43.9,,,,0.949,,,,,,,,,,,,127.5,
2026-09-23T12:30:00+00:00,dc-pdu-rest,5.481,,True,,,15.19,,,,0.4567,167.011,,,,,,,47.5,,,,0.945,,,,,,,,,,,,127.3,
2026-09-23T12:35:00+00:00,dc-pdu-rest,5.211,,True,,,14.96,,,,0.4343,167.446,,,,,,,46.7,,,,0.916,,,,,,,,,,,,126.8,
2026-09-23T12:40:00+00:00,dc-pdu-rest,5.181,,True,,,14.62,,,,0.4318,167.877,,,,,,,45.7,,,,0.936,,,,,,,,,,,,126.2,
2026-09-23T12:45:00+00:00,dc-pdu-rest,5.01,,True,,,14.12,,,,0.4175,168.295,,,,,,,44.1,,,,0.93,,,,,,,,,,,,127.2,
2026-09-23T12:50:00+00:00,dc-pdu-rest,5.41,,True,,,15.24,,,,0.4508,168.746,,,,,,,47.6,,,,0.958,,,,,,,,,,,,123.5,
2026-09-23T12:55:00+00:00,dc-pdu-rest,5.009,,True,,,13.61,,,,0.4174,169.163,,,,,,,42.5,,,,0.952,,,,,,,,,,,,128.9,
2026-09-23T13:00:00+00:00,dc-pdu-rest,5.386,,True,,,14.47,,,,0.4488,169.612,,,,,,,45.2,,,,0.963,,,,,,,,,,,,128.9,
2026-09-23T13:05:00+00:00,dc-pdu-rest,5.185,,True,,,14.64,,,,0.4321,170.044,,,,,,,45.7,,,,0.935,,,,,,,,,,,,126.2,
2026-09-23T13:10:00+00:00,dc-pdu-rest,5.269,,True,,,14.89,,,,0.4391,170.483,,,,,,,46.5,,,,0.937,,,,,,,,,,,,125.9,
2026-09-23T13:15:00+00:00,dc-pdu-rest,5.977,,True,,,15.95,,,,0.4981,170.981,,,,,,,49.8,,,,0.968,,,,,,,,,,,,129.1,
2026-09-23T13:20:00+00:00,dc-pdu-rest,4.938,,True,,,13.8,,,,0.4115,171.393,,,,,,,43.1,,,,0.936,,,,,,,,,,,,127.4,
2026-09-23T13:25:00+00:00,dc-pdu-rest,5.571,,True,,,15.76,,,,0.4642,171.857,,,,,,,49.3,,,,0.94,,,,,,,,,,,,125.4,
2026-09-23T13:30:00+00:00,dc-pdu-rest,5.682,,True,,,15.81,,,,0.4735,172.33,,,,,,,49.4,,,,0.957,,,,,,,,,,,,125.1,
2026-09-23T13:35:00+00:00,dc-pdu-rest,5.488,,True,,,15.32,,,,0.4574,172.788,,,,,,,47.9,,,,0.941,,,,,,,,,,,,126.9,
2026-09-23T13:40:00+00:00,dc-pdu-rest,6.044,,True,,,16.17,,,,0.5036,173.291,,,,,,,50.5,,,,0.982,,,,,,,,,,,,126.9,
2026-09-23T13:45:00+00:00,dc-pdu-rest,5.708,,True,,,16.11,,,,0.4756,173.767,,,,,,,50.3,,,,0.939,,,,,,,,,,,,125.8,
2026-09-23T13:50:00+00:00,dc-pdu-rest,5.639,,True,,,15.29,,,,0.4699,174.237,,,,,,,47.8,,,,0.948,,,,,,,,,,,,129.7,
2026-09-23T13:55:00+00:00,dc-pdu-rest,6.404,,True,,,17.06,,,,0.5337,174.771,,,,,,,53.3,,,,0.978,,,,,,,,,,,,127.9,
2026-09-23T14:00:00+00:00,dc-pdu-rest,5.744,,True,,,15.98,,,,0.4787,175.249,,,,,,,49.9,,,,0.942,,,,,,,,,,,,127.2,
2026-09-23T14:05:00+00:00,dc-pdu-rest,5.622,,True,,,15.49,,,,0.4685,175.718,,,,,,,48.4,,,,0.942,,,,,,,,,,,,128.4,
2026-09-23T14:10:00+00:00,dc-pdu-rest,5.799,,True,,,15.83,,,,0.4832,176.201,,,,,,,49.5,,,,0.959,,,,,,,,,,,,127.3,
2026-09-23T14:15:00+00:00,dc-pdu-rest,5.798,,True,,,15.71,,,,0.4832,176.684,,,,,,,49.1,,,,0.952,,,,,,,,,,,,129.2,
2026-09-23T14:20:00+00:00,dc-pdu-rest,5.873,,True,,,16.37,,,,0.4894,177.174,,,,,,,51.2,,,,0.949,,,,,,,,,,,,126.0,
2026-09-23T14:25:00+00:00,dc-pdu-rest,6.0,,True,,,16.47,,,,0.5,177.674,,,,,,,51.5,,,,0.943,,,,,,,,,,,,128.7,
2026-09-23T14:30:00+00:00,dc-pdu-rest,6.043,,True,,,16.55,,,,0.5036,178.177,,,,,,,51.7,,,,0.958,,,,,,,,,,,,127.0,
2026-09-23T14:35:00+00:00,dc-pdu-rest,6.006,,True,,,16.58,,,,0.5005,178.678,,,,,,,51.8,,,,0.963,,,,,,,,,,,,125.4,
2026-09-23T14:40:00+00:00,dc-pdu-rest,6.108,,True,,,16.14,,,,0.509,179.187,,,,,,,50.4,,,,0.977,,,,,,,,,,,,129.2,
2026-09-23T14:45:00+00:00,dc-pdu-rest,6.174,,True,,,17.01,,,,0.5145,179.701,,,,,,,53.1,,,,0.955,,,,,,,,,,,,126.7,
2026-09-23T14:50:00+00:00,dc-pdu-rest,6.01,,True,,,17.17,,,,0.5008,180.202,,,,,,,53.6,,,,0.933,,,,,,,,,,,,125.1,
2026-09-23T14:55:00+00:00,dc-pdu-rest,6.649,,True,,,17.99,,,,0.554,180.756,,,,,,,56.2,,,,0.962,,,,,,,,,,,,128.0,
2026-09-23T15:00:00+00:00,dc-pdu-rest,6.189,,True,,,16.71,,,,0.5157,181.272,,,,,,,52.2,,,,0.961,,,,,,,,,,,,128.4,
2026-09-23T15:05:00+00:00,dc-pdu-rest,6.208,,True,,,17.4,,,,0.5173,181.789,,,,,,,54.4,,,,0.934,,,,,,,,,,,,127.4,
2026-09-23T15:10:00+00:00,dc-pdu-rest,6.073,,True,,,17.05,,,,0.5061,182.295,,,,,,,53.3,,,,0.961,,,,,,,,,,,,123.5,
2026-09-23T15:15:00+00:00,dc-pdu-rest,6.46,,True,,,18.01,,,,0.5384,182.834,,,,,,,56.3,,,,0.949,,,,,,,,,,,,126.0,
2026-09-23T15:20:00+00:00,dc-pdu-rest,6.259,,True,,,17.64,,,,0.5216,183.355,,,,,,,55.1,,,,0.931,,,,,,,,,,,,127.0,
2026-09-23T15:25:00+00:00,dc-pdu-rest,6.184,,True,,,17.76,,,,0.5153,183.87,,,,,,,55.5,,,,0.933,,,,,,,,,,,,124.4,
2026-09-23T15:30:00+00:00,dc-pdu-rest,6.372,,True,,,18.31,,,,0.531,184.401,,,,,,,57.2,,,,0.926,,,,,,,,,,,,125.3,
2026-09-23T15:35:00+00:00,dc-pdu-rest,6.486,,True,,,17.69,,,,0.5405,184.942,,,,,,,55.3,,,,0.966,,,,,,,,,,,,126.5,
2026-09-23T15:40:00+00:00,dc-pdu-rest,6.275,,True,,,17.54,,,,0.5229,185.465,,,,,,,54.8,,,,0.94,,,,,,,,,,,,126.8,
2026-09-23T15:45:00+00:00,dc-pdu-rest,6.514,,True,,,17.85,,,,0.5429,186.008,,,,,,,55.8,,,,0.957,,,,,,,,,,,,127.1,
2026-09-23T15:50:00+00:00,dc-pdu-rest,6.418,,True,,,18.24,,,,0.5349,186.543,,,,,,,57.0,,,,0.938,,,,,,,,,,,,125.0,
2026-09-23T15:55:00+00:00,dc-pdu-rest,6.123,,True,,,17.44,,,,0.5103,187.053,,,,,,,54.5,,,,0.927,,,,,,,,,,,,126.3,
2026-09-23T16:00:00+00:00,dc-pdu-rest,6.59,,True,,,18.65,,,,0.5492,187.602,,,,,,,58.3,,,,0.932,,,,,,,,,,,,126.4,
2026-09-23T16:05:00+00:00,dc-pdu-rest,6.256,,True,,,17.95,,,,0.5213,188.123,,,,,,,56.1,,,,0.928,,,,,,,,,,,,125.2,
2026-09-23T16:10:00+00:00,dc-pdu-rest,6.522,,True,,,18.35,,,,0.5435,188.667,,,,,,,57.3,,,,0.942,,,,,,,,,,,,125.8,
2026-09-23T16:15:00+00:00,dc-pdu-rest,6.279,,True,,,17.32,,,,0.5232,189.19,,,,,,,54.1,,,,0.958,,,,,,,,,,,,126.2,
2026-09-23T16:20:00+00:00,dc-pdu-rest,6.843,,True,,,18.75,,,,0.5702,189.76,,,,,,,58.6,,,,0.969,,,,,,,,,,,,125.6,
2026-09-23T16:25:00+00:00,dc-pdu-rest,7.003,,True,,,19.58,,,,0.5836,190.344,,,,,,,61.2,,,,0.944,,,,,,,,,,,,126.3,
2026-09-23T16:30:00+00:00,dc-pdu-rest,6.477,,True,,,18.16,,,,0.5397,190.884,,,,,,,56.8,,,,0.954,,,,,,,,,,,,124.6,
2026-09-23T16:35:00+00:00,dc-pdu-rest,6.535,,True,,,18.37,,,,0.5446,191.428,,,,,,,57.4,,,,0.95,,,,,,,,,,,,124.9,
2026-09-23T16:40:00+00:00,dc-pdu-rest,6.432,,True,,,17.74,,,,0.536,191.964,,,,,,,55.4,,,,0.947,,,,,,,,,,,,127.7,
2026-09-23T16:45:00+00:00,dc-pdu-rest,6.434,,True,,,17.64,,,,0.5361,192.5,,,,,,,55.1,,,,0.965,,,,,,,,,,,,125.9,
2026-09-23T16:50:00+00:00,dc-pdu-rest,6.506,,True,,,18.17,,,,0.5422,193.042,,,,,,,56.8,,,,0.953,,,,,,,,,,,,125.2,
2026-09-23T16:55:00+00:00,dc-pdu-rest,6.331,,True,,,17.71,,,,0.5276,193.57,,,,,,,55.3,,,,0.942,,,,,,,,,,,,126.5,
2026-09-23T17:00:00+00:00,dc-pdu-rest,6.937,,True,,,19.06,,,,0.5781,194.148,,,,,,,59.6,,,,0.955,,,,,,,,,,,,127.1,
2026-09-23T17:05:00+00:00,dc-pdu-rest,6.747,,True,,,18.7,,,,0.5622,194.71,,,,,,,58.4,,,,0.948,,,,,,,,,,,,126.9,
2026-09-23T17:10:00+00:00,dc-pdu-rest,6.707,,True,,,18.61,,,,0.5589,195.269,,,,,,,58.1,,,,0.948,,,,,,,,,,,,126.8,
2026-09-23T17:15:00+00:00,dc-pdu-rest,7.119,,True,,,19.98,,,,0.5933,195.863,,,,,,,62.4,,,,0.935,,,,,,,,,,,,127.0,
2026-09-23T17:20:00+00:00,dc-pdu-rest,7.309,,True,,,19.67,,,,0.6091,196.472,,,,,,,61.5,,,,0.96,,,,,,,,,,,,129.0,
2026-09-23T17:25:00+00:00,dc-pdu-rest,6.592,,True,,,18.73,,,,0.5493,197.021,,,,,,,58.5,,,,0.952,,,,,,,,,,,,123.3,
2026-09-23T17:30:00+00:00,dc-pdu-rest,6.864,,True,,,19.27,,,,0.572,197.593,,,,,,,60.2,,,,0.935,,,,,,,,,,,,127.0,
2026-09-23T17:35:00+00:00,dc-pdu-rest,7.231,,True,,,20.08,,,,0.6026,198.196,,,,,,,62.8,,,,0.95,,,,,,,,,,,,126.3,
2026-09-23T17:40:00+00:00,dc-pdu-rest,6.854,,True,,,18.7,,,,0.5712,198.767,,,,,,,58.4,,,,0.956,,,,,,,,,,,,127.8,
2026-09-23T17:45:00+00:00,dc-pdu-rest,7.129,,True,,,19.09,,,,0.5941,199.361,,,,,,,59.6,,,,0.968,,,,,,,,,,,,128.7,
2026-09-23T17:50:00+00:00,dc-pdu-rest,7.281,,True,,,20.24,,,,0.6067,199.968,,,,,,,63.2,,,,0.934,,,,,,,,,,,,128.4,
2026-09-23T17:55:00+00:00,dc-pdu-rest,6.515,,True,,,18.09,,,,0.543,200.511,,,,,,,56.5,,,,0.958,,,,,,,,,,,,125.4,
2026-09-23T18:00:00+00:00,dc-pdu-rest,7.327,,True,,,20.24,,,,0.6106,201.121,,,,,,,63.2,,,,0.961,,,,,,,,,,,,125.6,
2026-09-23T18:05:00+00:00,dc-pdu-rest,7.175,,True,,,19.84,,,,0.5979,201.719,,,,,,,62.0,,,,0.948,,,,,,,,,,,,127.2,
2026-09-23T18:10:00+00:00,dc-pdu-rest,6.704,,True,,,18.61,,,,0.5587,202.278,,,,,,,58.2,,,,0.934,,,,,,,,,,,,128.5,
2026-09-23T18:15:00+00:00,dc-pdu-rest,6.979,,True,,,19.49,,,,0.5816,202.859,,,,,,,60.9,,,,0.944,,,,,,,,,,,,126.4,
2026-09-23T18:20:00+00:00,dc-pdu-rest,7.119,,True,,,19.55,,,,0.5933,203.453,,,,,,,61.1,,,,0.954,,,,,,,,,,,,127.2,
2026-09-23T18:25:00+00:00,dc-pdu-rest,6.704,,True,,,18.72,,,,0.5587,204.011,,,,,,,58.5,,,,0.945,,,,,,,,,,,,126.3,
2026-09-23T18:30:00+00:00,dc-pdu-rest,7.084,,True,,,19.56,,,,0.5903,204.602,,,,,,,61.1,,,,0.943,,,,,,,,,,,,128.0,
2026-09-23T18:35:00+00:00,dc-pdu-rest,7.114,,True,,,19.78,,,,0.5928,205.194,,,,,,,61.8,,,,0.964,,,,,,,,,,,,124.4,
2026-09-23T18:40:00+00:00,dc-pdu-rest,7.108,,True,,,19.3,,,,0.5923,205.787,,,,,,,60.3,,,,0.969,,,,,,,,,,,,126.7,
2026-09-23T18:45:00+00:00,dc-pdu-rest,6.724,,True,,,19.11,,,,0.5604,206.347,,,,,,,59.7,,,,0.934,,,,,,,,,,,,125.6,
2026-09-23T18:50:00+00:00,dc-pdu-rest,7.375,,True,,,19.99,,,,0.6146,206.962,,,,,,,62.5,,,,0.973,,,,,,,,,,,,126.4,
2026-09-23T18:55:00+00:00,dc-pdu-rest,6.996,,True,,,19.12,,,,0.583,207.545,,,,,,,59.8,,,,0.953,,,,,,,,,,,,128.0,
2026-09-23T19:00:00+00:00,dc-pdu-rest,7.022,,True,,,19.41,,,,0.5851,208.13,,,,,,,60.7,,,,0.946,,,,,,,,,,,,127.5,
2026-09-23T19:05:00+00:00,dc-pdu-rest,7.406,,True,,,20.2,,,,0.6172,208.747,,,,,,,63.1,,,,0.956,,,,,,,,,,,,127.8,
2026-09-23T19:10:00+00:00,dc-pdu-rest,7.43,,True,,,20.24,,,,0.6191,209.366,,,,,,,63.2,,,,0.967,,,,,,,,,,,,126.5,
2026-09-23T19:15:00+00:00,dc-pdu-rest,7.259,,True,,,19.51,,,,0.6049,209.971,,,,,,,61.0,,,,0.974,,,,,,,,,,,,127.4,
2026-09-23T19:20:00+00:00,dc-pdu-rest,7.426,,True,,,20.27,,,,0.6188,210.59,,,,,,,63.4,,,,0.946,,,,,,,,,,,,129.0,
2026-09-23T19:25:00+00:00,dc-pdu-rest,7.504,,True,,,20.62,,,,0.6253,211.215,,,,,,,64.4,,,,0.953,,,,,,,,,,,,127.3,
2026-09-23T19:30:00+00:00,dc-pdu-rest,6.733,,True,,,19.11,,,,0.5611,211.776,,,,,,,59.7,,,,0.943,,,,,,,,,,,,124.6,
2026-09-23T19:35:00+00:00,dc-pdu-rest,6.899,,True,,,18.94,,,,0.5749,212.351,,,,,,,59.2,,,,0.961,,,,,,,,,,,,126.3,
2026-09-23T19:40:00+00:00,dc-pdu-rest,7.309,,True,,,20.64,,,,0.609,212.96,,,,,,,64.5,,,,0.933,,,,,,,,,,,,126.5,
2026-09-23T19:45:00+00:00,dc-pdu-rest,7.054,,True,,,19.47,,,,0.5878,213.548,,,,,,,60.8,,,,0.961,,,,,,,,,,,,125.7,
2026-09-23T19:50:00+00:00,dc-pdu-rest,7.116,,True,,,19.2,,,,0.593,214.141,,,,,,,60.0,,,,0.964,,,,,,,,,,,,128.1,
2026-09-23T19:55:00+00:00,dc-pdu-rest,8.0,,True,,,21.82,,,,0.6667,214.808,,,,,,,68.2,,,,0.972,,,,,,,,,,,,125.7,
2026-09-23T20:00:00+00:00,dc-pdu-rest,7.578,,True,,,20.82,,,,0.6315,215.439,,,,,,,65.1,,,,0.979,,,,,,,,,,,,123.9,
2026-09-23T20:05:00+00:00,dc-pdu-rest,7.154,,True,,,19.76,,,,0.5961,216.035,,,,,,,61.7,,,,0.95,,,,,,,,,,,,127.0,
2026-09-23T20:10:00+00:00,dc-pdu-rest,7.326,,True,,,20.22,,,,0.6105,216.646,,,,,,,63.2,,,,0.953,,,,,,,,,,,,126.7,
2026-09-23T20:15:00+00:00,dc-pdu-rest,7.301,,True,,,20.04,,,,0.6084,217.254,,,,,,,62.6,,,,0.948,,,,,,,,,,,,128.1,
2026-09-23T20:20:00+00:00,dc-pdu-rest,7.719,,True,,,20.77,,,,0.6432,217.898,,,,,,,64.9,,,,0.966,,,,,,,,,,,,128.3,
2026-09-23T20:25:00+00:00,dc-pdu-rest,7.264,,True,,,20.12,,,,0.6053,218.503,,,,,,,62.9,,,,0.95,,,,,,,,,,,,126.7,
2026-09-23T20:30:00+00:00,dc-pdu-rest,7.371,,True,,,20.31,,,,0.6142,219.117,,,,,,,63.5,,,,0.952,,,,,,,,,,,,127.0,
2026-09-23T20:35:00+00:00,dc-pdu-rest,7.274,,True,,,19.99,,,,0.6061,219.723,,,,,,,62.5,,,,0.973,,,,,,,,,,,,124.7,
2026-09-23T20:40:00+00:00,dc-pdu-rest,7.146,,True,,,19.59,,,,0.5955,220.319,,,,,,,61.2,,,,0.962,,,,,,,,,,,,126.4,
2026-09-23T20:45:00+00:00,dc-pdu-rest,6.926,,True,,,19.26,,,,0.5772,220.896,,,,,,,60.2,,,,0.957,,,,,,,,,,,,125.2,
2026-09-23T20:50:00+00:00,dc-pdu-rest,6.912,,True,,,19.42,,,,0.576,221.472,,,,,,,60.7,,,,0.926,,,,,,,,,,,,128.1,
2026-09-23T20:55:00+00:00,dc-pdu-rest,7.25,,True,,,19.95,,,,0.6041,222.076,,,,,,,62.3,,,,0.951,,,,,,,,,,,,127.3,
2026-09-23T21:00:00+00:00,dc-pdu-rest,7.304,,True,,,20.28,,,,0.6086,222.685,,,,,,,63.4,,,,0.952,,,,,,,,,,,,126.1,
2026-09-23T21:05:00+00:00,dc-pdu-rest,7.701,,True,,,20.7,,,,0.6418,223.326,,,,,,,64.7,,,,0.97,,,,,,,,,,,,127.9,
2026-09-23T21:10:00+00:00,dc-pdu-rest,6.958,,True,,,19.54,,,,0.5798,223.906,,,,,,,61.1,,,,0.929,,,,,,,,,,,,127.7,
2026-09-23T21:15:00+00:00,dc-pdu-rest,6.898,,True,,,18.8,,,,0.5748,224.481,,,,,,,58.7,,,,0.968,,,,,,,,,,,,126.3,
2026-09-23T21:20:00+00:00,dc-pdu-rest,7.041,,True,,,19.38,,,,0.5868,225.068,,,,,,,60.6,,,,0.949,,,,,,,,,,,,127.6,
2026-09-23T21:25:00+00:00,dc-pdu-rest,7.438,,True,,,20.62,,,,0.6199,225.688,,,,,,,64.5,,,,0.954,,,,,,,,,,,,126.0,
2026-09-23T21:30:00+00:00,dc-pdu-rest,6.708,,True,,,18.99,,,,0.559,226.247,,,,,,,59.4,,,,0.927,,,,,,,,,,,,127.1,
2026-09-23T21:35:00+00:00,dc-pdu-rest,6.97,,True,,,19.79,,,,0.5808,226.828,,,,,,,61.9,,,,0.921,,,,,,,,,,,,127.5,
2026-09-23T21:40:00+00:00,dc-pdu-rest,6.717,,True,,,18.72,,,,0.5597,227.387,,,,,,,58.5,,,,0.955,,,,,,,,,,,,125.3,
2026-09-23T21:45:00+00:00,dc-pdu-rest,7.285,,True,,,20.03,,,,0.6071,227.994,,,,,,,62.6,,,,0.96,,,,,,,,,,,,126.2,
2026-09-23T21:50:00+00:00,dc-pdu-rest,6.831,,True,,,18.91,,,,0.5692,228.564,,,,,,,59.1,,,,0.937,,,,,,,,,,,,128.4,
2026-09-23T21:55:00+00:00,dc-pdu-rest,7.27,,True,,,20.09,,,,0.6059,229.169,,,,,,,62.8,,,,0.964,,,,,,,,,,,,125.1,
2026-09-23T22:00:00+00:00,dc-pdu-rest,7.269,,True,,,20.25,,,,0.6057,229.775,,,,,,,63.3,,,,0.946,,,,,,,,,,,,126.4,
2026-09-23T22:05:00+00:00,dc-pdu-rest,6.749,,True,,,19.07,,,,0.5624,230.338,,,,,,,59.6,,,,0.941,,,,,,,,,,,,125.4,
2026-09-23T22:10:00+00:00,dc-pdu-rest,7.167,,True,,,20.0,,,,0.5973,230.935,,,,,,,62.5,,,,0.936,,,,,,,,,,,,127.6,
2026-09-23T22:15:00+00:00,dc-pdu-rest,7.003,,True,,,19.84,,,,0.5836,231.518,,,,,,,62.0,,,,0.931,,,,,,,,,,,,126.4,
2026-09-23T22:20:00+00:00,dc-pdu-rest,7.058,,True,,,19.64,,,,0.5882,232.107,,,,,,,61.4,,,,0.937,,,,,,,,,,,,127.9,
2026-09-23T22:25:00+00:00,dc-pdu-rest,7.015,,True,,,19.59,,,,0.5845,232.691,,,,,,,61.2,,,,0.952,,,,,,,,,,,,125.4,
2026-09-23T22:30:00+00:00,dc-pdu-rest,6.886,,True,,,19.38,,,,0.5738,233.265,,,,,,,60.6,,,,0.955,,,,,,,,,,,,124.0,
2026-09-23T22:35:00+00:00,dc-pdu-rest,6.955,,True,,,19.36,,,,0.5796,233.845,,,,,,,60.5,,,,0.933,,,,,,,,,,,,128.3,
2026-09-23T22:40:00+00:00,dc-pdu-rest,6.769,,True,,,18.62,,,,0.564,234.409,,,,,,,58.2,,,,0.95,,,,,,,,,,,,127.6,
2026-09-23T22:45:00+00:00,dc-pdu-rest,6.669,,True,,,18.51,,,,0.5558,234.964,,,,,,,57.8,,,,0.961,,,,,,,,,,,,125.0,
2026-09-23T22:50:00+00:00,dc-pdu-rest,7.069,,True,,,19.03,,,,0.5891,235.553,,,,,,,59.5,,,,0.974,,,,,,,,,,,,127.1,
2026-09-23T22:55:00+00:00,dc-pdu-rest,6.942,,True,,,18.75,,,,0.5785,236.132,,,,,,,58.6,,,,0.975,,,,,,,,,,,,126.5,
2026-09-23T23:00:00+00:00,dc-pdu-rest,6.934,,True,,,19.3,,,,0.5779,236.71,,,,,,,60.3,,,,0.946,,,,,,,,,,,,126.6,
2026-09-23T23:05:00+00:00,dc-pdu-rest,6.395,,True,,,18.31,,,,0.5329,237.243,,,,,,,57.2,,,,0.937,,,,,,,,,,,,124.2,
2026-09-23T23:10:00+00:00,dc-pdu-rest,6.498,,True,,,17.92,,,,0.5415,237.784,,,,,,,56.0,,,,0.967,,,,,,,,,,,,125.0,
2026-09-23T23:15:00+00:00,dc-pdu-rest,7.129,,True,,,19.51,,,,0.5941,238.378,,,,,,,61.0,,,,0.962,,,,,,,,,,,,126.7,
2026-09-23T23:20:00+00:00,dc-pdu-rest,6.613,,True,,,17.88,,,,0.5511,238.929,,,,,,,55.9,,,,0.976,,,,,,,,,,,,126.3,
2026-09-23T23:25:00+00:00,dc-pdu-rest,5.96,,True,,,17.07,,,,0.4967,239.426,,,,,,,53.3,,,,0.915,,,,,,,,,,,,127.2,
2026-09-23T23:30:00+00:00,dc-pdu-rest,6.864,,True,,,19.2,,,,0.572,239.998,,,,,,,60.0,,,,0.95,,,,,,,,,,,,125.5,
2026-09-23T23:35:00+00:00,dc-pdu-rest,6.789,,True,,,18.86,,,,0.5657,240.564,,,,,,,58.9,,,,0.936,,,,,,,,,,,,128.1,
2026-09-23T23:40:00+00:00,dc-pdu-rest,6.583,,True,,,18.07,,,,0.5486,241.112,,,,,,,56.5,,,,0.971,,,,,,,,,,,,125.1,
2026-09-23T23:45:00+00:00,dc-pdu-rest,6.707,,True,,,18.49,,,,0.5589,241.671,,,,,,,57.8,,,,0.946,,,,,,,,,,,,127.8,
2026-09-23T23:50:00+00:00,dc-pdu-rest,6.685,,True,,,18.13,,,,0.5571,242.228,,,,,,,56.7,,,,0.976,,,,,,,,,,,,125.9,
2026-09-23T23:55:00+00:00,dc-pdu-rest,6.079,,True,,,17.42,,,,0.5066,242.735,,,,,,,54.4,,,,0.933,,,,,,,,,,,,124.7,
2026-09-24T00:00:00+00:00,dc-pdu-rest,6.328,,True,,,17.2,,,,0.5274,243.262,,,,,,,53.7,,,,0.966,,,,,,,,,,,,126.9,
2026-09-24T00:05:00+00:00,dc-pdu-rest,6.264,,True,,,17.13,,,,0.522,243.784,,,,,,,53.5,,,,0.971,,,,,,,,,,,,125.6,
2026-09-24T00:10:00+00:00,dc-pdu-rest,6.434,,True,,,17.59,,,,0.5361,244.32,,,,,,,55.0,,,,0.961,,,,,,,,,,,,126.9,
2026-09-24T00:15:00+00:00,dc-pdu-rest,6.746,,True,,,18.57,,,,0.5622,244.883,,,,,,,58.0,,,,0.941,,,,,,,,,,,,128.7,
2026-09-24T00:20:00+00:00,dc-pdu-rest,6.641,,True,,,18.01,,,,0.5534,245.436,,,,,,,56.3,,,,0.957,,,,,,,,,,,,128.4,
2026-09-24T00:25:00+00:00,dc-pdu-rest,6.009,,True,,,16.81,,,,0.5008,245.937,,,,,,,52.5,,,,0.941,,,,,,,,,,,,126.7,
2026-09-24T00:30:00+00:00,dc-pdu-rest,6.022,,True,,,16.83,,,,0.5018,246.439,,,,,,,52.6,,,,0.946,,,,,,,,,,,,126.0,
2026-09-24T00:35:00+00:00,dc-pdu-rest,6.84,,True,,,18.7,,,,0.57,247.009,,,,,,,58.4,,,,0.959,,,,,,,,,,,,127.1,
2026-09-24T00:40:00+00:00,dc-pdu-rest,6.228,,True,,,16.91,,,,0.519,247.528,,,,,,,52.8,,,,0.967,,,,,,,,,,,,127.0,
2026-09-24T00:45:00+00:00,dc-pdu-rest,6.514,,True,,,18.2,,,,0.5428,248.07,,,,,,,56.9,,,,0.953,,,,,,,,,,,,125.2,
2026-09-24T00:50:00+00:00,dc-pdu-rest,6.079,,True,,,17.18,,,,0.5066,248.577,,,,,,,53.7,,,,0.93,,,,,,,,,,,,126.8,
2026-09-24T00:55:00+00:00,dc-pdu-rest,6.336,,True,,,17.34,,,,0.528,249.105,,,,,,,54.2,,,,0.957,,,,,,,,,,,,127.2,
2026-09-24T01:00:00+00:00,dc-pdu-rest,6.324,,True,,,17.25,,,,0.527,249.632,,,,,,,53.9,,,,0.96,,,,,,,,,,,,127.3,
2026-09-24T01:05:00+00:00,dc-pdu-rest,6.273,,True,,,17.18,,,,0.5228,250.155,,,,,,,53.7,,,,0.958,,,,,,,,,,,,127.1,
2026-09-24T01:10:00+00:00,dc-pdu-rest,5.856,,True,,,15.93,,,,0.488,250.643,,,,,,,49.8,,,,0.964,,,,,,,,,,,,127.2,
2026-09-24T01:15:00+00:00,dc-pdu-rest,5.896,,True,,,16.21,,,,0.4913,251.134,,,,,,,50.7,,,,0.955,,,,,,,,,,,,127.0,
2026-09-24T01:20:00+00:00,dc-pdu-rest,6.577,,True,,,17.65,,,,0.5481,251.682,,,,,,,55.2,,,,0.974,,,,,,,,,,,,127.5,
2026-09-24T01:25:00+00:00,dc-pdu-rest,6.42,,True,,,17.5,,,,0.535,252.217,,,,,,,54.7,,,,0.948,,,,,,,,,,,,129.0,
2026-09-24T01:30:00+00:00,dc-pdu-rest,6.104,,True,,,16.91,,,,0.5086,252.726,,,,,,,52.8,,,,0.937,,,,,,,,,,,,128.4,
2026-09-24T01:35:00+00:00,dc-pdu-rest,6.485,,True,,,17.61,,,,0.5404,253.266,,,,,,,55.0,,,,0.979,,,,,,,,,,,,125.4,
2026-09-24T01:40:00+00:00,dc-pdu-rest,5.92,,True,,,16.27,,,,0.4934,253.76,,,,,,,50.9,,,,0.947,,,,,,,,,,,,128.1,
2026-09-24T01:45:00+00:00,dc-pdu-rest,5.824,,True,,,16.2,,,,0.4853,254.245,,,,,,,50.6,,,,0.938,,,,,,,,,,,,127.8,
2026-09-24T01:50:00+00:00,dc-pdu-rest,5.686,,True,,,16.0,,,,0.4739,254.719,,,,,,,50.0,,,,0.943,,,,,,,,,,,,125.6,
2026-09-24T01:55:00+00:00,dc-pdu-rest,5.393,,True,,,15.44,,,,0.4494,255.168,,,,,,,48.2,,,,0.921,,,,,,,,,,,,126.5,
2026-09-24T02:00:00+00:00,dc-pdu-rest,5.897,,True,,,16.24,,,,0.4914,255.66,,,,,,,50.7,,,,0.946,,,,,,,,,,,,127.9,
2026-09-24T02:05:00+00:00,dc-pdu-rest,5.413,,True,,,15.16,,,,0.451,256.111,,,,,,,47.4,,,,0.956,,,,,,,,,,,,124.4,
2026-09-24T02:10:00+00:00,dc-pdu-rest,5.672,,True,,,15.71,,,,0.4727,256.584,,,,,,,49.1,,,,0.948,,,,,,,,,,,,126.9,
2026-09-24T02:15:00+00:00,dc-pdu-rest,5.811,,True,,,16.0,,,,0.4842,257.068,,,,,,,50.0,,,,0.955,,,,,,,,,,,,126.7,
2026-09-24T02:20:00+00:00,dc-pdu-rest,5.487,,True,,,15.29,,,,0.4573,257.525,,,,,,,47.8,,,,0.931,,,,,,,,,,,,128.5,
2026-09-24T02:25:00+00:00,dc-pdu-rest,5.352,,True,,,14.42,,,,0.446,257.971,,,,,,,45.1,,,,0.958,,,,,,,,,,,,129.1,
2026-09-24T02:30:00+00:00,dc-pdu-rest,5.749,,True,,,15.79,,,,0.479,258.45,,,,,,,49.3,,,,0.951,,,,,,,,,,,,127.7,
2026-09-24T02:35:00+00:00,dc-pdu-rest,5.672,,True,,,15.55,,,,0.4727,258.923,,,,,,,48.6,,,,0.963,,,,,,,,,,,,126.2,
2026-09-24T02:40:00+00:00,dc-pdu-rest,5.446,,True,,,14.73,,,,0.4539,259.377,,,,,,,46.0,,,,0.969,,,,,,,,,,,,127.2,
2026-09-24T02:45:00+00:00,dc-pdu-rest,4.899,,True,,,13.84,,,,0.4082,259.785,,,,,,,43.2,,,,0.925,,,,,,,,,,,,127.6,
2026-09-24T02:50:00+00:00,dc-pdu-rest,5.772,,True,,,15.69,,,,0.481,260.266,,,,,,,49.0,,,,0.968,,,,,,,,,,,,126.6,
2026-09-24T02:55:00+00:00,dc-pdu-rest,5.361,,True,,,14.9,,,,0.4467,260.713,,,,,,,46.6,,,,0.95,,,,,,,,,,,,126.2,
2026-09-24T03:00:00+00:00,dc-pdu-rest,5.144,,True,,,14.29,,,,0.4286,261.141,,,,,,,44.7,,,,0.938,,,,,,,,,,,,127.9,
2026-09-24T03:05:00+00:00,dc-pdu-rest,5.467,,True,,,14.9,,,,0.4556,261.597,,,,,,,46.6,,,,0.941,,,,,,,,,,,,130.1,
2026-09-24T03:10:00+00:00,dc-pdu-rest,5.263,,True,,,14.42,,,,0.4386,262.035,,,,,,,45.1,,,,0.966,,,,,,,,,,,,126.0,
2026-09-24T03:15:00+00:00,dc-pdu-rest,5.187,,True,,,14.35,,,,0.4322,262.468,,,,,,,44.8,,,,0.948,,,,,,,,,,,,127.2,
2026-09-24T03:20:00+00:00,dc-pdu-rest,5.071,,True,,,14.45,,,,0.4226,262.89,,,,,,,45.2,,,,0.928,,,,,,,,,,,,126.0,
2026-09-24T03:25:00+00:00,dc-pdu-rest,5.304,,True,,,14.84,,,,0.442,263.332,,,,,,,46.4,,,,0.942,,,,,,,,,,,,126.5,
2026-09-24T03:30:00+00:00,dc-pdu-rest,5.055,,True,,,13.85,,,,0.4213,263.754,,,,,,,43.3,,,,0.963,,,,,,,,,,,,126.3,
2026-09-24T03:35:00+00:00,dc-pdu-rest,5.437,,True,,,15.03,,,,0.4531,264.207,,,,,,,47.0,,,,0.937,,,,,,,,,,,,128.7,
2026-09-24T03:40:00+00:00,dc-pdu-rest,5.137,,True,,,14.53,,,,0.4281,264.635,,,,,,,45.4,,,,0.921,,,,,,,,,,,,128.0,
2026-09-24T03:45:00+00:00,dc-pdu-rest,5.086,,True,,,13.82,,,,0.4238,265.058,,,,,,,43.2,,,,0.963,,,,,,,,,,,,127.4,
2026-09-24T03:50:00+00:00,dc-pdu-rest,4.448,,True,,,12.54,,,,0.3707,265.429,,,,,,,39.2,,,,0.944,,,,,,,,,,,,125.3,
2026-09-24T03:55:00+00:00,dc-pdu-rest,4.96,,True,,,13.84,,,,0.4134,265.843,,,,,,,43.3,,,,0.941,,,,,,,,,,,,127.0,
2026-09-24T04:00:00+00:00,dc-pdu-rest,5.138,,True,,,14.01,,,,0.4282,266.271,,,,,,,43.8,,,,0.946,,,,,,,,,,,,129.2,
2026-09-24T04:05:00+00:00,dc-pdu-rest,4.827,,True,,,13.5,,,,0.4022,266.673,,,,,,,42.2,,,,0.957,,,,,,,,,,,,124.6,
2026-09-24T04:10:00+00:00,dc-pdu-rest,4.607,,True,,,12.91,,,,0.3839,267.057,,,,,,,40.3,,,,0.932,,,,,,,,,,,,127.6,
2026-09-24T04:15:00+00:00,dc-pdu-rest,4.516,,True,,,12.92,,,,0.3764,267.433,,,,,,,40.4,,,,0.93,,,,,,,,,,,,125.3,
2026-09-24T04:20:00+00:00,dc-pdu-rest,5.233,,True,,,14.24,,,,0.4361,267.869,,,,,,,44.5,,,,0.951,,,,,,,,,,,,128.8,
2026-09-24T04:25:00+00:00,dc-pdu-rest,4.904,,True,,,13.75,,,,0.4087,268.278,,,,,,,43.0,,,,0.94,,,,,,,,,,,,126.4,
2026-09-24T04:30:00+00:00,dc-pdu-rest,4.849,,True,,,13.24,,,,0.4041,268.682,,,,,,,41.4,,,,0.955,,,,,,,,,,,,127.9,
2026-09-24T04:35:00+00:00,dc-pdu-rest,4.924,,True,,,13.5,,,,0.4103,269.092,,,,,,,42.2,,,,0.945,,,,,,,,,,,,128.7,
2026-09-24T04:40:00+00:00,dc-pdu-rest,4.581,,True,,,12.62,,,,0.3817,269.474,,,,,,,39.4,,,,0.944,,,,,,,,,,,,128.1,
2026-09-24T04:45:00+00:00,dc-pdu-rest,5.286,,True,,,14.09,,,,0.4405,269.915,,,,,,,44.0,,,,0.952,,,,,,,,,,,,131.3,
2026-09-24T04:50:00+00:00,dc-pdu-rest,4.994,,True,,,13.75,,,,0.4162,270.331,,,,,,,43.0,,,,0.95,,,,,,,,,,,,127.5,
2026-09-24T04:55:00+00:00,dc-pdu-rest,4.859,,True,,,13.5,,,,0.4049,270.736,,,,,,,42.2,,,,0.95,,,,,,,,,,,,126.3,
2026-09-25T05:00:00+00:00,dc-pdu-rest,4.472,,True,,,12.35,,,,0.3727,271.108,,,,,,,38.6,,,,0.94,,,,,,,,,,,,128.4,
2026-09-25T05:05:00+00:00,dc-pdu-rest,4.662,,True,,,13.12,,,,0.3885,271.497,,,,,,,41.0,,,,0.935,,,,,,,,,,,,126.7,
2026-09-25T05:10:00+00:00,dc-pdu-rest,4.514,,True,,,12.7,,,,0.3761,271.873,,,,,,,39.7,,,,0.949,,,,,,,,,,,,124.8,
2026-09-25T05:15:00+00:00,dc-pdu-rest,4.485,,True,,,12.29,,,,0.3737,272.247,,,,,,,38.4,,,,0.957,,,,,,,,,,,,127.1,
2026-09-25T05:20:00+00:00,dc-pdu-rest,4.199,,True,,,11.38,,,,0.3499,272.597,,,,,,,35.6,,,,0.966,,,,,,,,,,,,127.3,
2026-09-25T05:25:00+00:00,dc-pdu-rest,4.376,,True,,,12.26,,,,0.3647,272.961,,,,,,,38.3,,,,0.94,,,,,,,,,,,,126.6,
2026-09-25T05:30:00+00:00,dc-pdu-rest,4.205,,True,,,11.68,,,,0.3504,273.312,,,,,,,36.5,,,,0.952,,,,,,,,,,,,126.0,
2026-09-25T05:35:00+00:00,dc-pdu-rest,4.41,,True,,,12.56,,,,0.3675,273.679,,,,,,,39.3,,,,0.936,,,,,,,,,,,,124.9,
2026-09-25T05:40:00+00:00,dc-pdu-rest,4.45,,True,,,12.21,,,,0.3708,274.05,,,,,,,38.1,,,,0.95,,,,,,,,,,,,128.0,
2026-09-25T05:45:00+00:00,dc-pdu-rest,4.487,,True,,,12.48,,,,0.3739,274.424,,,,,,,39.0,,,,0.948,,,,,,,,,,,,126.3,
2026-09-25T05:50:00+00:00,dc-pdu-rest,4.302,,True,,,12.32,,,,0.3585,274.782,,,,,,,38.5,,,,0.923,,,,,,,,,,,,126.1,
2026-09-25T05:55:00+00:00,dc-pdu-rest,4.835,,True,,,13.48,,,,0.4029,275.185,,,,,,,42.1,,,,0.952,,,,,,,,,,,,125.6,
2026-09-25T06:00:00+00:00,dc-pdu-rest,4.817,,True,,,13.15,,,,0.4014,275.587,,,,,,,41.1,,,,0.952,,,,,,,,,,,,128.3,
2026-09-25T06:05:00+00:00,dc-pdu-rest,4.169,,True,,,11.72,,,,0.3474,275.934,,,,,,,36.6,,,,0.935,,,,,,,,,,,,126.8,
2026-09-25T06:10:00+00:00,dc-pdu-rest,4.166,,True,,,11.62,,,,0.3472,276.281,,,,,,,36.3,,,,0.934,,,,,,,,,,,,127.9,
2026-09-25T06:15:00+00:00,dc-pdu-rest,4.874,,True,,,13.75,,,,0.4062,276.687,,,,,,,43.0,,,,0.936,,,,,,,,,,,,126.3,
2026-09-25T06:20:00+00:00,dc-pdu-rest,5.021,,True,,,13.57,,,,0.4185,277.106,,,,,,,42.4,,,,0.947,,,,,,,,,,,,130.3,
2026-09-25T06:25:00+00:00,dc-pdu-rest,4.816,,True,,,13.4,,,,0.4013,277.507,,,,,,,41.9,,,,0.939,,,,,,,,,,,,127.6,
2026-09-25T06:30:00+00:00,dc-pdu-rest,4.208,,True,,,11.73,,,,0.3507,277.858,,,,,,,36.7,,,,0.944,,,,,,,,,,,,126.7,
2026-09-25T06:35:00+00:00,dc-pdu-rest,4.408,,True,,,12.12,,,,0.3674,278.225,,,,,,,37.9,,,,0.961,,,,,,,,,,,,126.1,
2026-09-25T06:40:00+00:00,dc-pdu-rest,4.376,,True,,,12.24,,,,0.3647,278.59,,,,,,,38.3,,,,0.933,,,,,,,,,,,,127.7,
2026-09-25T06:45:00+00:00,dc-pdu-rest,4.493,,True,,,12.39,,,,0.3744,278.964,,,,,,,38.7,,,,0.963,,,,,,,,,,,,125.5,
2026-09-25T06:50:00+00:00,dc-pdu-rest,4.515,,True,,,12.66,,,,0.3762,279.341,,,,,,,39.6,,,,0.952,,,,,,,,,,,,124.9,
2026-09-25T06:55:00+00:00,dc-pdu-rest,4.375,,True,,,12.35,,,,0.3646,279.705,,,,,,,38.6,,,,0.922,,,,,,,,,,,,128.1,
2026-09-25T07:00:00+00:00,dc-pdu-rest,4.475,,True,,,12.39,,,,0.3729,280.078,,,,,,,38.7,,,,0.949,,,,,,,,,,,,126.9,
2026-09-25T07:05:00+00:00,dc-pdu-rest,4.332,,True,,,11.84,,,,0.361,280.439,,,,,,,37.0,,,,0.967,,,,,,,,,,,,126.1,
2026-09-25T07:10:00+00:00,dc-pdu-rest,4.742,,True,,,12.81,,,,0.3952,280.834,,,,,,,40.0,,,,0.954,,,,,,,,,,,,129.2,
2026-09-25T07:15:00+00:00,dc-pdu-rest,4.142,,True,,,11.77,,,,0.3452,281.18,,,,,,,36.8,,,,0.933,,,,,,,,,,,,125.8,
2026-09-25T07:20:00+00:00,dc-pdu-rest,4.181,,True,,,11.68,,,,0.3484,281.528,,,,,,,36.5,,,,0.932,,,,,,,,,,,,128.0,
2026-09-25T07:25:00+00:00,dc-pdu-rest,4.705,,True,,,13.07,,,,0.3921,281.92,,,,,,,40.8,,,,0.94,,,,,,,,,,,,127.7,
2026-09-25T07:30:00+00:00,dc-pdu-rest,4.476,,True,,,12.13,,,,0.373,282.293,,,,,,,37.9,,,,0.966,,,,,,,,,,,,127.3,
2026-09-25T07:35:00+00:00,dc-pdu-rest,4.303,,True,,,11.24,,,,0.3586,282.652,,,,,,,35.1,,,,0.993,,,,,,,,,,,,128.5,
2026-09-25T07:40:00+00:00,dc-pdu-rest,4.162,,True,,,11.3,,,,0.3468,282.998,,,,,,,35.3,,,,0.955,,,,,,,,,,,,128.5,
2026-09-25T07:45:00+00:00,dc-pdu-rest,4.608,,True,,,13.09,,,,0.384,283.382,,,,,,,40.9,,,,0.923,,,,,,,,,,,,127.2,
2026-09-25T07:50:00+00:00,dc-pdu-rest,4.328,,True,,,12.03,,,,0.3607,283.743,,,,,,,37.6,,,,0.94,,,,,,,,,,,,127.5,
2026-09-25T07:55:00+00:00,dc-pdu-rest,3.876,,True,,,10.92,,,,0.323,284.066,,,,,,,34.1,,,,0.945,,,,,,,,,,,,125.1,
2026-09-25T08:00:00+00:00,dc-pdu-rest,4.562,,True,,,12.19,,,,0.3801,284.446,,,,,,,38.1,,,,0.959,,,,,,,,,,,,130.0,
2026-09-25T08:05:00+00:00,dc-pdu-rest,4.435,,True,,,11.77,,,,0.3696,284.816,,,,,,,36.8,,,,0.985,,,,,,,,,,,,127.5,
2026-09-25T08:10:00+00:00,dc-pdu-rest,4.325,,True,,,11.91,,,,0.3604,285.176,,,,,,,37.2,,,,0.948,,,,,,,,,,,,127.7,
2026-09-25T08:15:00+00:00,dc-pdu-rest,4.552,,True,,,12.73,,,,0.3794,285.556,,,,,,,39.8,,,,0.951,,,,,,,,,,,,125.3,
2026-09-25T08:20:00+00:00,dc-pdu-rest,4.152,,True,,,11.81,,,,0.346,285.902,,,,,,,36.9,,,,0.934,,,,,,,,,,,,125.4,
2026-09-25T08:25:00+00:00,dc-pdu-rest,3.918,,True,,,10.54,,,,0.3265,286.228,,,,,,,32.9,,,,0.974,,,,,,,,,,,,127.2,
2026-09-25T08:30:00+00:00,dc-pdu-rest,4.428,,True,,,12.75,,,,0.369,286.597,,,,,,,39.8,,,,0.93,,,,,,,,,,,,124.4,
2026-09-25T08:35:00+00:00,dc-pdu-rest,4.552,,True,,,12.3,,,,0.3794,286.976,,,,,,,38.4,,,,0.971,,,,,,,,,,,,127.1,
2026-09-25T08:40:00+00:00,dc-pdu-rest,4.192,,True,,,11.38,,,,0.3493,287.326,,,,,,,35.6,,,,0.95,,,,,,,,,,,,129.2,
2026-09-25T08:45:00+00:00,dc-pdu-rest,4.262,,True,,,11.68,,,,0.3551,287.681,,,,,,,36.5,,,,0.959,,,,,,,,,,,,126.8,
2026-09-25T08:50:00+00:00,dc-pdu-rest,4.695,,True,,,12.96,,,,0.3912,288.072,,,,,,,40.5,,,,0.951,,,,,,,,,,,,127.0,
2026-09-25T08:55:00+00:00,dc-pdu-rest,4.839,,True,,,13.01,,,,0.4032,288.475,,,,,,,40.7,,,,0.973,,,,,,,,,,,,127.4,
2026-09-25T09:00:00+00:00,dc-pdu-rest,4.376,,True,,,12.1,,,,0.3647,288.84,,,,,,,37.8,,,,0.963,,,,,,,,,,,,125.2,
2026-09-25T09:05:00+00:00,dc-pdu-rest,3.969,,True,,,11.57,,,,0.3307,289.171,,,,,,,36.2,,,,0.928,,,,,,,,,,,,123.2,
2026-09-25T09:10:00+00:00,dc-pdu-rest,4.29,,True,,,11.92,,,,0.3575,289.528,,,,,,,37.3,,,,0.953,,,,,,,,,,,,125.8,
2026-09-25T09:15:00+00:00,dc-pdu-rest,4.74,,True,,,13.46,,,,0.395,289.923,,,,,,,42.1,,,,0.932,,,,,,,,,,,,126.0,
2026-09-25T09:20:00+00:00,dc-pdu-rest,4.138,,True,,,11.15,,,,0.3449,290.268,,,,,,,34.9,,,,0.966,,,,,,,,,,,,128.0,
2026-09-25T09:25:00+00:00,dc-pdu-rest,4.207,,True,,,11.4,,,,0.3506,290.619,,,,,,,35.6,,,,0.966,,,,,,,,,,,,127.3,
2026-09-25T09:30:00+00:00,dc-pdu-rest,4.249,,True,,,11.79,,,,0.3541,290.973,,,,,,,36.8,,,,0.943,,,,,,,,,,,,127.4,
2026-09-25T09:35:00+00:00,dc-pdu-rest,4.461,,True,,,12.27,,,,0.3717,291.344,,,,,,,38.4,,,,0.947,,,,,,,,,,,,128.0,
2026-09-25T09:40:00+00:00,dc-pdu-rest,4.2,,True,,,11.2,,,,0.35,291.694,,,,,,,35.0,,,,0.956,,,,,,,,,,,,130.7,
2026-09-25T09:45:00+00:00,dc-pdu-rest,4.407,,True,,,12.03,,,,0.3672,292.062,,,,,,,37.6,,,,0.949,,,,,,,,,,,,128.7,
2026-09-25T09:50:00+00:00,dc-pdu-rest,4.21,,True,,,11.49,,,,0.3509,292.413,,,,,,,35.9,,,,0.953,,,,,,,,,,,,128.3,
2026-09-25T09:55:00+00:00,dc-pdu-rest,4.617,,True,,,12.79,,,,0.3848,292.797,,,,,,,40.0,,,,0.949,,,,,,,,,,,,126.8,
2026-09-25T10:00:00+00:00,dc-pdu-rest,4.722,,True,,,12.92,,,,0.3935,293.191,,,,,,,40.4,,,,0.963,,,,,,,,,,,,126.5,
2026-09-25T10:05:00+00:00,dc-pdu-rest,4.713,,True,,,12.95,,,,0.3928,293.584,,,,,,,40.5,,,,0.963,,,,,,,,,,,,125.9,
2026-09-25T10:10:00+00:00,dc-pdu-rest,4.605,,True,,,12.57,,,,0.3837,293.967,,,,,,,39.3,,,,0.954,,,,,,,,,,,,128.0,
2026-09-25T10:15:00+00:00,dc-pdu-rest,4.706,,True,,,12.65,,,,0.3922,294.36,,,,,,,39.5,,,,0.961,,,,,,,,,,,,129.0,
2026-09-25T10:20:00+00:00,dc-pdu-rest,4.618,,True,,,12.92,,,,0.3848,294.744,,,,,,,40.4,,,,0.941,,,,,,,,,,,,126.5,
2026-09-25T10:25:00+00:00,dc-pdu-rest,4.464,,True,,,12.6,,,,0.372,295.116,,,,,,,39.4,,,,0.932,,,,,,,,,,,,126.7,
2026-09-25T10:30:00+00:00,dc-pdu-rest,4.954,,True,,,13.12,,,,0.4129,295.529,,,,,,,41.0,,,,0.968,,,,,,,,,,,,130.0,
2026-09-25T10:35:00+00:00,dc-pdu-rest,4.765,,True,,,13.25,,,,0.3971,295.926,,,,,,,41.4,,,,0.935,,,,,,,,,,,,128.2,
2026-09-25T10:40:00+00:00,dc-pdu-rest,4.588,,True,,,12.72,,,,0.3824,296.309,,,,,,,39.7,,,,0.963,,,,,,,,,,,,124.8,
2026-09-25T10:45:00+00:00,dc-pdu-rest,4.695,,True,,,13.21,,,,0.3913,296.7,,,,,,,41.3,,,,0.939,,,,,,,,,,,,126.2,
2026-09-25T10:50:00+00:00,dc-pdu-rest,4.87,,True,,,13.48,,,,0.4059,297.106,,,,,,,42.1,,,,0.94,,,,,,,,,,,,128.1,
2026-09-25T10:55:00+00:00,dc-pdu-rest,4.763,,True,,,12.92,,,,0.3969,297.503,,,,,,,40.4,,,,0.952,,,,,,,,,,,,129.2,
2026-09-25T11:00:00+00:00,dc-pdu-rest,5.256,,True,,,14.07,,,,0.438,297.941,,,,,,,44.0,,,,0.953,,,,,,,,,,,,130.7,
2026-09-25T11:05:00+00:00,dc-pdu-rest,5.045,,True,,,13.62,,,,0.4204,298.361,,,,,,,42.6,,,,0.95,,,,,,,,,,,,129.9,
2026-09-25T11:10:00+00:00,dc-pdu-rest,4.518,,True,,,12.17,,,,0.3765,298.738,,,,,,,38.0,,,,0.974,,,,,,,,,,,,127.1,
2026-09-25T11:15:00+00:00,dc-pdu-rest,4.757,,True,,,13.08,,,,0.3964,299.134,,,,,,,40.9,,,,0.95,,,,,,,,,,,,127.6,
2026-09-25T11:20:00+00:00,dc-pdu-rest,4.854,,True,,,13.86,,,,0.4045,299.539,,,,,,,43.3,,,,0.921,,,,,,,,,,,,126.8,
2026-09-25T11:25:00+00:00,dc-pdu-rest,4.738,,True,,,12.93,,,,0.3948,299.933,,,,,,,40.4,,,,0.989,,,,,,,,,,,,123.5,
2026-09-25T11:30:00+00:00,dc-pdu-rest,4.988,,True,,,13.3,,,,0.4156,300.349,,,,,,,41.5,,,,0.977,,,,,,,,,,,,128.0,
2026-09-25T11:35:00+00:00,dc-pdu-rest,5.234,,True,,,14.08,,,,0.4362,300.785,,,,,,,44.0,,,,0.967,,,,,,,,,,,,128.0,
2026-09-25T11:40:00+00:00,dc-pdu-rest,4.694,,True,,,13.17,,,,0.3912,301.176,,,,,,,41.1,,,,0.924,,,,,,,,,,,,128.6,
2026-09-25T11:45:00+00:00,dc-pdu-rest,4.903,,True,,,13.79,,,,0.4086,301.585,,,,,,,43.1,,,,0.939,,,,,,,,,,,,126.2,
2026-09-25T11:50:00+00:00,dc-pdu-rest,5.306,,True,,,14.58,,,,0.4421,302.027,,,,,,,45.6,,,,0.964,,,,,,,,,,,,125.8,
2026-09-25T11:55:00+00:00,dc-pdu-rest,5.199,,True,,,14.63,,,,0.4333,302.46,,,,,,,45.7,,,,0.94,,,,,,,,,,,,126.0,
2026-09-25T12:00:00+00:00,dc-pdu-rest,5.05,,True,,,13.96,,,,0.4209,302.881,,,,,,,43.6,,,,0.961,,,,,,,,,,,,125.5,
2026-09-25T12:05:00+00:00,dc-pdu-rest,5.139,,True,,,14.44,,,,0.4283,303.309,,,,,,,45.1,,,,0.935,,,,,,,,,,,,126.8,
2026-09-25T12:10:00+00:00,dc-pdu-rest,4.834,,True,,,13.31,,,,0.4028,303.712,,,,,,,41.6,,,,0.949,,,,,,,,,,,,127.6,
2026-09-25T12:15:00+00:00,dc-pdu-rest,5.571,,True,,,15.36,,,,0.4643,304.176,,,,,,,48.0,,,,0.948,,,,,,,,,,,,127.5,
2026-09-25T12:20:00+00:00,dc-pdu-rest,5.201,,True,,,13.81,,,,0.4334,304.61,,,,,,,43.2,,,,0.962,,,,,,,,,,,,130.5,
2026-09-25T12:25:00+00:00,dc-pdu-rest,5.228,,True,,,13.96,,,,0.4357,305.046,,,,,,,43.6,,,,0.967,,,,,,,,,,,,129.2,
2026-09-25T12:30:00+00:00,dc-pdu-rest,4.985,,True,,,14.17,,,,0.4155,305.461,,,,,,,44.3,,,,0.932,,,,,,,,,,,,125.9,
2026-09-25T12:35:00+00:00,dc-pdu-rest,4.982,,True,,,14.07,,,,0.4152,305.876,,,,,,,44.0,,,,0.945,,,,,,,,,,,,125.0,
2026-09-25T12:40:00+00:00,dc-pdu-rest,5.176,,True,,,14.87,,,,0.4313,306.307,,,,,,,46.5,,,,0.943,,,,,,,,,,,,123.1,
2026-09-25T12:45:00+00:00,dc-pdu-rest,5.265,,True,,,14.47,,,,0.4387,306.746,,,,,,,45.2,,,,0.958,,,,,,,,,,,,126.6,
2026-09-25T12:50:00+00:00,dc-pdu-rest,5.649,,True,,,15.53,,,,0.4707,307.217,,,,,,,48.5,,,,0.959,,,,,,,,,,,,126.5,
2026-09-25T12:55:00+00:00,dc-pdu-rest,5.167,,True,,,14.39,,,,0.4306,307.647,,,,,,,45.0,,,,0.931,,,,,,,,,,,,128.5,
2026-09-25T13:00:00+00:00,dc-pdu-rest,5.631,,True,,,15.28,,,,0.4693,308.117,,,,,,,47.7,,,,0.961,,,,,,,,,,,,127.9,
2026-09-25T13:05:00+00:00,dc-pdu-rest,5.072,,True,,,14.17,,,,0.4227,308.539,,,,,,,44.3,,,,0.954,,,,,,,,,,,,125.0,
2026-09-25T13:10:00+00:00,dc-pdu-rest,5.286,,True,,,13.89,,,,0.4405,308.98,,,,,,,43.4,,,,0.975,,,,,,,,,,,,130.1,
2026-09-25T13:15:00+00:00,dc-pdu-rest,5.474,,True,,,15.07,,,,0.4562,309.436,,,,,,,47.1,,,,0.948,,,,,,,,,,,,127.7,
2026-09-25T13:20:00+00:00,dc-pdu-rest,5.448,,True,,,15.21,,,,0.454,309.89,,,,,,,47.5,,,,0.943,,,,,,,,,,,,126.6,
2026-09-25T13:25:00+00:00,dc-pdu-rest,5.895,,True,,,16.31,,,,0.4913,310.381,,,,,,,51.0,,,,0.942,,,,,,,,,,,,127.9,
2026-09-25T13:30:00+00:00,dc-pdu-rest,5.787,,True,,,15.46,,,,0.4822,310.864,,,,,,,48.3,,,,0.972,,,,,,,,,,,,128.4,
2026-09-25T13:35:00+00:00,dc-pdu-rest,5.923,,True,,,15.81,,,,0.4936,311.357,,,,,,,49.4,,,,0.969,,,,,,,,,,,,128.8,
2026-09-25T13:40:00+00:00,dc-pdu-rest,5.317,,True,,,15.26,,,,0.4431,311.8,,,,,,,47.7,,,,0.935,,,,,,,,,,,,124.3,
2026-09-25T13:45:00+00:00,dc-pdu-rest,5.62,,True,,,15.93,,,,0.4683,312.269,,,,,,,49.8,,,,0.925,,,,,,,,,,,,127.1,
2026-09-25T13:50:00+00:00,dc-pdu-rest,5.558,,True,,,16.13,,,,0.4632,312.732,,,,,,,50.4,,,,0.908,,,,,,,,,,,,126.5,
2026-09-25T13:55:00+00:00,dc-pdu-rest,5.801,,True,,,15.46,,,,0.4834,313.215,,,,,,,48.3,,,,0.991,,,,,,,,,,,,126.3,
2026-09-25T14:00:00+00:00,dc-pdu-rest,6.096,,True,,,16.38,,,,0.508,313.723,,,,,,,51.2,,,,0.969,,,,,,,,,,,,128.0,
2026-09-25T14:05:00+00:00,dc-pdu-rest,5.809,,True,,,15.67,,,,0.4841,314.207,,,,,,,49.0,,,,0.955,,,,,,,,,,,,129.5,
2026-09-25T14:10:00+00:00,dc-pdu-rest,5.72,,True,,,16.54,,,,0.4767,314.684,,,,,,,51.7,,,,0.942,,,,,,,,,,,,122.3,
2026-09-25T14:15:00+00:00,dc-pdu-rest,5.881,,True,,,16.01,,,,0.4901,315.174,,,,,,,50.0,,,,0.948,,,,,,,,,,,,129.1,
2026-09-25T14:20:00+00:00,dc-pdu-rest,5.493,,True,,,15.15,,,,0.4577,315.632,,,,,,,47.3,,,,0.955,,,,,,,,,,,,126.5,
2026-09-25T14:25:00+00:00,dc-pdu-rest,5.47,,True,,,14.98,,,,0.4558,316.088,,,,,,,46.8,,,,0.952,,,,,,,,,,,,127.9,
2026-09-25T14:30:00+00:00,dc-pdu-rest,5.997,,True,,,16.19,,,,0.4998,316.587,,,,,,,50.6,,,,0.958,,,,,,,,,,,,128.8,
2026-09-25T14:35:00+00:00,dc-pdu-rest,5.661,,True,,,16.02,,,,0.4717,317.059,,,,,,,50.1,,,,0.921,,,,,,,,,,,,127.8,
2026-09-25T14:40:00+00:00,dc-pdu-rest,6.146,,True,,,17.37,,,,0.5121,317.571,,,,,,,54.3,,,,0.936,,,,,,,,,,,,125.9,
2026-09-25T14:45:00+00:00,dc-pdu-rest,6.086,,True,,,16.96,,,,0.5071,318.078,,,,,,,53.0,,,,0.955,,,,,,,,,,,,125.3,
2026-09-25T14:50:00+00:00,dc-pdu-rest,6.066,,True,,,16.76,,,,0.5055,318.584,,,,,,,52.4,,,,0.962,,,,,,,,,,,,125.5,
2026-09-25T14:55:00+00:00,dc-pdu-rest,6.189,,True,,,17.38,,,,0.5158,319.1,,,,,,,54.3,,,,0.939,,,,,,,,,,,,126.4,
2026-09-25T15:00:00+00:00,dc-pdu-rest,6.254,,True,,,16.77,,,,0.5212,319.621,,,,,,,52.4,,,,0.978,,,,,,,,,,,,127.0,
2026-09-25T15:05:00+00:00,dc-pdu-rest,6.093,,True,,,17.19,,,,0.5077,320.129,,,,,,,53.7,,,,0.934,,,,,,,,,,,,126.5,
2026-09-25T15:10:00+00:00,dc-pdu-rest,6.707,,True,,,18.23,,,,0.559,320.688,,,,,,,57.0,,,,0.958,,,,,,,,,,,,128.1,
2026-09-25T15:15:00+00:00,dc-pdu-rest,5.787,,True,,,16.15,,,,0.4823,321.17,,,,,,,50.5,,,,0.94,,,,,,,,,,,,127.1,
2026-09-25T15:20:00+00:00,dc-pdu-rest,6.288,,True,,,17.3,,,,0.524,321.694,,,,,,,54.1,,,,0.956,,,,,,,,,,,,126.8,
2026-09-25T15:25:00+00:00,dc-pdu-rest,6.351,,True,,,16.9,,,,0.5293,322.223,,,,,,,52.8,,,,0.967,,,,,,,,,,,,129.6,
2026-09-25T15:30:00+00:00,dc-pdu-rest,6.594,,True,,,18.01,,,,0.5495,322.773,,,,,,,56.3,,,,0.963,,,,,,,,,,,,126.7,
2026-09-25T15:35:00+00:00,dc-pdu-rest,5.988,,True,,,16.69,,,,0.499,323.272,,,,,,,52.2,,,,0.931,,,,,,,,,,,,128.4,
2026-09-25T15:40:00+00:00,dc-pdu-rest,6.601,,True,,,18.44,,,,0.55,323.822,,,,,,,57.6,,,,0.946,,,,,,,,,,,,126.2,
2026-09-25T15:45:00+00:00,dc-pdu-rest,6.167,,True,,,17.35,,,,0.5139,324.336,,,,,,,54.2,,,,0.942,,,,,,,,,,,,125.8,
2026-09-25T15:50:00+00:00,dc-pdu-rest,6.187,,True,,,17.94,,,,0.5156,324.851,,,,,,,56.1,,,,0.913,,,,,,,,,,,,126.0,
2026-09-25T15:55:00+00:00,dc-pdu-rest,6.086,,True,,,17.47,,,,0.5071,325.358,,,,,,,54.6,,,,0.932,,,,,,,,,,,,124.6,
2026-09-25T16:00:00+00:00,dc-pdu-rest,7.067,,True,,,18.88,,,,0.5889,325.947,,,,,,,59.0,,,,0.974,,,,,,,,,,,,128.1,
2026-09-25T16:05:00+00:00,dc-pdu-rest,6.384,,True,,,17.33,,,,0.532,326.479,,,,,,,54.2,,,,0.986,,,,,,,,,,,,124.5,
2026-09-25T16:10:00+00:00,dc-pdu-rest,6.434,,True,,,18.18,,,,0.5362,327.015,,,,,,,56.8,,,,0.949,,,,,,,,,,,,124.3,
2026-09-25T16:15:00+00:00,dc-pdu-rest,6.921,,True,,,18.38,,,,0.5767,327.592,,,,,,,57.4,,,,0.981,,,,,,,,,,,,128.0,
2026-09-25T16:20:00+00:00,dc-pdu-rest,6.867,,True,,,19.17,,,,0.5722,328.164,,,,,,,59.9,,,,0.955,,,,,,,,,,,,125.0,
2026-09-25T16:25:00+00:00,dc-pdu-rest,6.604,,True,,,18.32,,,,0.5503,328.715,,,,,,,57.3,,,,0.964,,,,,,,,,,,,124.7,
2026-09-25T16:30:00+00:00,dc-pdu-rest,6.6,,True,,,17.94,,,,0.55,329.265,,,,,,,56.1,,,,0.949,,,,,,,,,,,,129.3,
2026-09-25T16:35:00+00:00,dc-pdu-rest,7.121,,True,,,19.49,,,,0.5934,329.858,,,,,,,60.9,,,,0.955,,,,,,,,,,,,127.6,
2026-09-25T16:40:00+00:00,dc-pdu-rest,6.534,,True,,,17.79,,,,0.5445,330.403,,,,,,,55.6,,,,0.952,,,,,,,,,,,,128.6,
2026-09-25T16:45:00+00:00,dc-pdu-rest,6.744,,True,,,17.9,,,,0.562,330.965,,,,,,,55.9,,,,0.96,,,,,,,,,,,,130.8,
2026-09-25T16:50:00+00:00,dc-pdu-rest,7.027,,True,,,19.54,,,,0.5856,331.55,,,,,,,61.1,,,,0.95,,,,,,,,,,,,126.2,
2026-09-25T16:55:00+00:00,dc-pdu-rest,6.585,,True,,,18.41,,,,0.5488,332.099,,,,,,,57.5,,,,0.948,,,,,,,,,,,,125.8,
2026-09-25T17:00:00+00:00,dc-pdu-rest,6.872,,True,,,18.71,,,,0.5726,332.672,,,,,,,58.5,,,,0.941,,,,,,,,,,,,130.1,
2026-09-25T17:05:00+00:00,dc-pdu-rest,6.651,,True,,,18.46,,,,0.5543,333.226,,,,,,,57.7,,,,0.942,,,,,,,,,,,,127.5,
2026-09-25T17:10:00+00:00,dc-pdu-rest,6.703,,True,,,18.63,,,,0.5586,333.784,,,,,,,58.2,,,,0.946,,,,,,,,,,,,126.9,
2026-09-25T17:15:00+00:00,dc-pdu-rest,6.445,,True,,,18.92,,,,0.5371,334.322,,,,,,,59.1,,,,0.922,,,,,,,,,,,,123.1,
2026-09-25T17:20:00+00:00,dc-pdu-rest,7.229,,True,,,19.59,,,,0.6024,334.924,,,,,,,61.2,,,,0.968,,,,,,,,,,,,127.1,
2026-09-25T17:25:00+00:00,dc-pdu-rest,6.716,,True,,,18.78,,,,0.5596,335.484,,,,,,,58.7,,,,0.931,,,,,,,,,,,,128.0,
2026-09-25T17:30:00+00:00,dc-pdu-rest,7.225,,True,,,19.65,,,,0.6021,336.086,,,,,,,61.4,,,,0.945,,,,,,,,,,,,129.6,
2026-09-25T17:35:00+00:00,dc-pdu-rest,6.837,,True,,,18.51,,,,0.5698,336.655,,,,,,,57.8,,,,0.964,,,,,,,,,,,,127.7,
2026-09-25T17:40:00+00:00,dc-pdu-rest,6.713,,True,,,18.83,,,,0.5594,337.215,,,,,,,58.9,,,,0.945,,,,,,,,,,,,125.8,
2026-09-25T17:45:00+00:00,dc-pdu-rest,6.805,,True,,,18.64,,,,0.5671,337.782,,,,,,,58.3,,,,0.944,,,,,,,,,,,,128.9,
2026-09-25T17:50:00+00:00,dc-pdu-rest,7.012,,True,,,19.71,,,,0.5843,338.366,,,,,,,61.6,,,,0.958,,,,,,,,,,,,123.7,
2026-09-25T17:55:00+00:00,dc-pdu-rest,7.044,,True,,,19.37,,,,0.587,338.953,,,,,,,60.5,,,,0.959,,,,,,,,,,,,126.5,
2026-09-25T18:00:00+00:00,dc-pdu-rest,6.719,,True,,,18.86,,,,0.5599,339.513,,,,,,,58.9,,,,0.94,,,,,,,,,,,,126.3,
2026-09-25T18:05:00+00:00,dc-pdu-rest,6.88,,True,,,19.86,,,,0.5733,340.086,,,,,,,62.1,,,,0.927,,,,,,,,,,,,124.6,
2026-09-25T18:10:00+00:00,dc-pdu-rest,7.006,,True,,,19.31,,,,0.5838,340.67,,,,,,,60.3,,,,0.952,,,,,,,,,,,,127.1,
2026-09-25T18:15:00+00:00,dc-pdu-rest,7.346,,True,,,20.48,,,,0.6122,341.282,,,,,,,64.0,,,,0.948,,,,,,,,,,,,126.2,
2026-09-25T18:20:00+00:00,dc-pdu-rest,7.087,,True,,,19.54,,,,0.5906,341.873,,,,,,,61.1,,,,0.934,,,,,,,,,,,,129.4,
2026-09-25T18:25:00+00:00,dc-pdu-rest,6.91,,True,,,19.65,,,,0.5758,342.449,,,,,,,61.4,,,,0.922,,,,,,,,,,,,127.1,
2026-09-25T18:30:00+00:00,dc-pdu-rest,6.845,,True,,,19.05,,,,0.5704,343.019,,,,,,,59.5,,,,0.944,,,,,,,,,,,,126.8,
2026-09-25T18:35:00+00:00,dc-pdu-rest,7.065,,True,,,19.92,,,,0.5888,343.608,,,,,,,62.3,,,,0.94,,,,,,,,,,,,125.7,
2026-09-25T18:40:00+00:00,dc-pdu-rest,6.791,,True,,,18.51,,,,0.5659,344.174,,,,,,,57.8,,,,0.957,,,,,,,,,,,,127.8,
2026-09-25T18:45:00+00:00,dc-pdu-rest,7.221,,True,,,19.76,,,,0.6017,344.776,,,,,,,61.7,,,,0.961,,,,,,,,,,,,126.7,
2026-09-25T18:50:00+00:00,dc-pdu-rest,7.279,,True,,,20.05,,,,0.6066,345.382,,,,,,,62.7,,,,0.954,,,,,,,,,,,,126.8,
2026-09-25T18:55:00+00:00,dc-pdu-rest,7.042,,True,,,19.55,,,,0.5869,345.969,,,,,,,61.1,,,,0.939,,,,,,,,,,,,127.9,
2026-09-25T19:00:00+00:00,dc-pdu-rest,7.664,,True,,,21.2,,,,0.6387,346.608,,,,,,,66.2,,,,0.965,,,,,,,,,,,,124.9,
2026-09-25T19:05:00+00:00,dc-pdu-rest,6.687,,True,,,18.58,,,,0.5573,347.165,,,,,,,58.1,,,,0.939,,,,,,,,,,,,127.8,
2026-09-25T19:10:00+00:00,dc-pdu-rest,7.01,,True,,,19.7,,,,0.5842,347.749,,,,,,,61.5,,,,0.944,,,,,,,,,,,,125.7,
2026-09-25T19:15:00+00:00,dc-pdu-rest,7.181,,True,,,20.08,,,,0.5984,348.348,,,,,,,62.8,,,,0.955,,,,,,,,,,,,124.8,
2026-09-25T19:20:00+00:00,dc-pdu-rest,6.859,,True,,,19.76,,,,0.5716,348.919,,,,,,,61.8,,,,0.933,,,,,,,,,,,,123.9,
2026-09-25T19:25:00+00:00,dc-pdu-rest,7.018,,True,,,20.06,,,,0.5848,349.504,,,,,,,62.7,,,,0.933,,,,,,,,,,,,124.9,
2026-09-25T19:30:00+00:00,dc-pdu-rest,6.794,,True,,,19.43,,,,0.5661,350.07,,,,,,,60.7,,,,0.929,,,,,,,,,,,,125.5,
2026-09-25T19:35:00+00:00,dc-pdu-rest,7.206,,True,,,20.58,,,,0.6005,350.671,,,,,,,64.3,,,,0.919,,,,,,,,,,,,127.0,
2026-09-25T19:40:00+00:00,dc-pdu-rest,7.238,,True,,,20.48,,,,0.6031,351.274,,,,,,,64.0,,,,0.939,,,,,,,,,,,,125.5,
2026-09-25T19:45:00+00:00,dc-pdu-rest,7.216,,True,,,19.6,,,,0.6014,351.875,,,,,,,61.3,,,,0.957,,,,,,,,,,,,128.2,
2026-09-25T19:50:00+00:00,dc-pdu-rest,7.536,,True,,,20.42,,,,0.628,352.503,,,,,,,63.8,,,,0.962,,,,,,,,,,,,127.9,
2026-09-25T19:55:00+00:00,dc-pdu-rest,7.203,,True,,,20.11,,,,0.6002,353.104,,,,,,,62.8,,,,0.937,,,,,,,,,,,,127.4,
2026-09-25T20:00:00+00:00,dc-pdu-rest,7.347,,True,,,20.12,,,,0.6123,353.716,,,,,,,62.9,,,,0.957,,,,,,,,,,,,127.1,
2026-09-25T20:05:00+00:00,dc-pdu-rest,7.257,,True,,,19.72,,,,0.6047,354.321,,,,,,,61.6,,,,0.962,,,,,,,,,,,,127.4,
2026-09-25T20:10:00+00:00,dc-pdu-rest,7.378,,True,,,20.4,,,,0.6148,354.935,,,,,,,63.7,,,,0.942,,,,,,,,,,,,127.9,
2026-09-25T20:15:00+00:00,dc-pdu-rest,7.338,,True,,,20.82,,,,0.6115,355.547,,,,,,,65.1,,,,0.933,,,,,,,,,,,,125.9,
2026-09-25T20:20:00+00:00,dc-pdu-rest,7.307,,True,,,20.39,,,,0.6089,356.156,,,,,,,63.7,,,,0.927,,,,,,,,,,,,128.9,
2026-09-25T20:25:00+00:00,dc-pdu-rest,7.43,,True,,,20.36,,,,0.6192,356.775,,,,,,,63.6,,,,0.95,,,,,,,,,,,,128.1,
2026-09-25T20:30:00+00:00,dc-pdu-rest,6.705,,True,,,19.16,,,,0.5588,357.334,,,,,,,59.9,,,,0.941,,,,,,,,,,,,124.0,
2026-09-25T20:35:00+00:00,dc-pdu-rest,7.055,,True,,,19.02,,,,0.5879,357.922,,,,,,,59.4,,,,0.962,,,,,,,,,,,,128.5,
2026-09-25T20:40:00+00:00,dc-pdu-rest,7.274,,True,,,19.43,,,,0.6062,358.528,,,,,,,60.7,,,,0.972,,,,,,,,,,,,128.3,
2026-09-25T20:45:00+00:00,dc-pdu-rest,7.1,,True,,,20.11,,,,0.5916,359.119,,,,,,,62.9,,,,0.926,,,,,,,,,,,,127.1,
2026-09-25T20:50:00+00:00,dc-pdu-rest,6.726,,True,,,19.28,,,,0.5605,359.68,,,,,,,60.2,,,,0.921,,,,,,,,,,,,126.3,
2026-09-25T20:55:00+00:00,dc-pdu-rest,7.154,,True,,,20.17,,,,0.5961,360.276,,,,,,,63.0,,,,0.945,,,,,,,,,,,,125.1,
2026-09-25T21:00:00+00:00,dc-pdu-rest,7.129,,True,,,19.7,,,,0.5941,360.87,,,,,,,61.6,,,,0.962,,,,,,,,,,,,125.4,
2026-09-25T21:05:00+00:00,dc-pdu-rest,7.602,,True,,,20.74,,,,0.6335,361.504,,,,,,,64.8,,,,0.952,,,,,,,,,,,,128.4,
2026-09-25T21:10:00+00:00,dc-pdu-rest,7.648,,True,,,20.88,,,,0.6373,362.141,,,,,,,65.3,,,,0.965,,,,,,,,,,,,126.5,
2026-09-25T21:15:00+00:00,dc-pdu-rest,7.116,,True,,,20.26,,,,0.593,362.734,,,,,,,63.3,,,,0.937,,,,,,,,,,,,124.9,
2026-09-25T21:20:00+00:00,dc-pdu-rest,7.018,,True,,,20.28,,,,0.5849,363.319,,,,,,,63.4,,,,0.921,,,,,,,,,,,,125.2,
2026-09-25T21:25:00+00:00,dc-pdu-rest,6.995,,True,,,20.03,,,,0.5829,363.902,,,,,,,62.6,,,,0.926,,,,,,,,,,,,125.7,
2026-09-25T21:30:00+00:00,dc-pdu-rest,6.575,,True,,,19.25,,,,0.5479,364.45,,,,,,,60.2,,,,0.917,,,,,,,,,,,,124.2,
2026-09-25T21:35:00+00:00,dc-pdu-rest,7.603,,True,,,20.28,,,,0.6336,365.083,,,,,,,63.4,,,,0.971,,,,,,,,,,,,128.7,
2026-09-25T21:40:00+00:00,dc-pdu-rest,6.589,,True,,,18.54,,,,0.549,365.632,,,,,,,57.9,,,,0.943,,,,,,,,,,,,125.7,
2026-09-25T21:45:00+00:00,dc-pdu-rest,6.8,,True,,,18.88,,,,0.5666,366.199,,,,,,,59.0,,,,0.954,,,,,,,,,,,,125.9,
2026-09-25T21:50:00+00:00,dc-pdu-rest,7.29,,True,,,19.88,,,,0.6075,366.806,,,,,,,62.1,,,,0.965,,,,,,,,,,,,126.7,
2026-09-25T21:55:00+00:00,dc-pdu-rest,7.378,,True,,,20.5,,,,0.6148,367.421,,,,,,,64.1,,,,0.931,,,,,,,,,,,,128.8,
2026-09-25T22:00:00+00:00,dc-pdu-rest,6.792,,True,,,19.61,,,,0.566,367.987,,,,,,,61.3,,,,0.957,,,,,,,,,,,,120.6,
2026-09-25T22:05:00+00:00,dc-pdu-rest,6.946,,True,,,18.84,,,,0.5788,368.566,,,,,,,58.9,,,,0.969,,,,,,,,,,,,126.8,
2026-09-25T22:10:00+00:00,dc-pdu-rest,6.876,,True,,,19.5,,,,0.573,369.139,,,,,,,60.9,,,,0.934,,,,,,,,,,,,125.8,
2026-09-25T22:15:00+00:00,dc-pdu-rest,7.024,,True,,,19.34,,,,0.5854,369.724,,,,,,,60.5,,,,0.958,,,,,,,,,,,,126.4,
2026-09-25T22:20:00+00:00,dc-pdu-rest,7.08,,True,,,20.01,,,,0.59,370.314,,,,,,,62.5,,,,0.941,,,,,,,,,,,,125.3,
2026-09-25T22:25:00+00:00,dc-pdu-rest,7.054,,True,,,19.63,,,,0.5878,370.902,,,,,,,61.4,,,,0.944,,,,,,,,,,,,126.9,
2026-09-25T22:30:00+00:00,dc-pdu-rest,7.006,,True,,,19.1,,,,0.5839,371.486,,,,,,,59.7,,,,0.972,,,,,,,,,,,,125.8,
2026-09-25T22:35:00+00:00,dc-pdu-rest,6.447,,True,,,17.88,,,,0.5372,372.023,,,,,,,55.9,,,,0.955,,,,,,,,,,,,125.8,
2026-09-25T22:40:00+00:00,dc-pdu-rest,6.892,,True,,,19.01,,,,0.5744,372.598,,,,,,,59.4,,,,0.949,,,,,,,,,,,,127.4,
2026-09-25T22:45:00+00:00,dc-pdu-rest,6.981,,True,,,19.19,,,,0.5817,373.179,,,,,,,60.0,,,,0.97,,,,,,,,,,,,125.0,
2026-09-25T22:50:00+00:00,dc-pdu-rest,6.734,,True,,,18.37,,,,0.5611,373.74,,,,,,,57.4,,,,0.958,,,,,,,,,,,,127.6,
2026-09-25T22:55:00+00:00,dc-pdu-rest,6.983,,True,,,18.86,,,,0.5819,374.322,,,,,,,58.9,,,,0.973,,,,,,,,,,,,126.8,
2026-09-25T23:00:00+00:00,dc-pdu-rest,6.915,,True,,,19.02,,,,0.5762,374.899,,,,,,,59.4,,,,0.947,,,,,,,,,,,,128.0,
2026-09-25T23:05:00+00:00,dc-pdu-rest,6.716,,True,,,18.7,,,,0.5596,375.458,,,,,,,58.4,,,,0.943,,,,,,,,,,,,127.0,
2026-09-25T23:10:00+00:00,dc-pdu-rest,7.134,,True,,,19.43,,,,0.5945,376.053,,,,,,,60.7,,,,0.964,,,,,,,,,,,,127.0,
2026-09-25T23:15:00+00:00,dc-pdu-rest,6.911,,True,,,19.48,,,,0.5759,376.629,,,,,,,60.9,,,,0.945,,,,,,,,,,,,125.1,
2026-09-25T23:20:00+00:00,dc-pdu-rest,6.31,,True,,,17.79,,,,0.5259,377.154,,,,,,,55.6,,,,0.953,,,,,,,,,,,,124.1,
2026-09-25T23:25:00+00:00,dc-pdu-rest,6.442,,True,,,17.84,,,,0.5368,377.691,,,,,,,55.8,,,,0.951,,,,,,,,,,,,126.6,
2026-09-25T23:30:00+00:00,dc-pdu-rest,6.849,,True,,,18.61,,,,0.5707,378.262,,,,,,,58.2,,,,0.976,,,,,,,,,,,,125.7,
2026-09-25T23:35:00+00:00,dc-pdu-rest,7.143,,True,,,19.53,,,,0.5952,378.857,,,,,,,61.0,,,,0.975,,,,,,,,,,,,125.1,
2026-09-25T23:40:00+00:00,dc-pdu-rest,6.141,,True,,,17.46,,,,0.5118,379.369,,,,,,,54.6,,,,0.92,,,,,,,,,,,,127.4,
2026-09-25T23:45:00+00:00,dc-pdu-rest,6.591,,True,,,18.29,,,,0.5493,379.918,,,,,,,57.2,,,,0.946,,,,,,,,,,,,126.9,
2026-09-25T23:50:00+00:00,dc-pdu-rest,6.741,,True,,,18.21,,,,0.5617,380.48,,,,,,,56.9,,,,0.958,,,,,,,,,,,,128.7,
2026-09-25T23:55:00+00:00,dc-pdu-rest,6.567,,True,,,17.9,,,,0.5472,381.027,,,,,,,55.9,,,,0.953,,,,,,,,,,,,128.3,
2026-09-26T00:40:00+00:00,dc-pdu-rest,6.137,,True,,,17.06,,,,0.5114,381.539,,,,,,,53.3,,,,0.947,,,,,,,,,,,,126.6,
2026-09-26T00:45:00+00:00,dc-pdu-rest,5.912,,True,,,16.65,,,,0.4927,382.031,,,,,,,52.0,,,,0.94,,,,,,,,,,,,125.9,
2026-09-26T00:50:00+00:00,dc-pdu-rest,6.586,,True,,,17.6,,,,0.5488,382.58,,,,,,,55.0,,,,0.984,,,,,,,,,,,,126.7,
2026-09-26T00:55:00+00:00,dc-pdu-rest,6.289,,True,,,17.2,,,,0.5241,383.104,,,,,,,53.7,,,,0.96,,,,,,,,,,,,127.0,
2026-09-26T01:00:00+00:00,dc-pdu-rest,6.307,,True,,,17.3,,,,0.5256,383.63,,,,,,,54.0,,,,0.938,,,,,,,,,,,,129.5,
2026-09-26T01:05:00+00:00,dc-pdu-rest,6.007,,True,,,17.36,,,,0.5006,384.13,,,,,,,54.2,,,,0.909,,,,,,,,,,,,126.9,
2026-09-26T01:10:00+00:00,dc-pdu-rest,6.025,,True,,,16.46,,,,0.5021,384.633,,,,,,,51.4,,,,0.973,,,,,,,,,,,,125.4,
2026-09-26T01:15:00+00:00,dc-pdu-rest,5.79,,True,,,15.83,,,,0.4825,385.115,,,,,,,49.5,,,,0.96,,,,,,,,,,,,126.9,
2026-09-26T01:20:00+00:00,dc-pdu-rest,5.974,,True,,,16.87,,,,0.4979,385.613,,,,,,,52.7,,,,0.938,,,,,,,,,,,,125.8,
2026-09-26T01:25:00+00:00,dc-pdu-rest,5.989,,True,,,16.71,,,,0.4991,386.112,,,,,,,52.2,,,,0.957,,,,,,,,,,,,124.8,
2026-09-26T01:30:00+00:00,dc-pdu-rest,5.864,,True,,,16.58,,,,0.4887,386.601,,,,,,,51.8,,,,0.945,,,,,,,,,,,,124.8,
2026-09-26T01:35:00+00:00,dc-pdu-rest,6.037,,True,,,16.2,,,,0.5031,387.104,,,,,,,50.6,,,,0.968,,,,,,,,,,,,128.3,
2026-09-26T01:40:00+00:00,dc-pdu-rest,5.935,,True,,,16.52,,,,0.4946,387.598,,,,,,,51.6,,,,0.951,,,,,,,,,,,,125.9,
2026-09-26T01:45:00+00:00,dc-pdu-rest,5.832,,True,,,15.78,,,,0.486,388.084,,,,,,,49.3,,,,0.954,,,,,,,,,,,,129.2,
2026-09-26T01:50:00+00:00,dc-pdu-rest,6.067,,True,,,16.31,,,,0.5056,388.59,,,,,,,51.0,,,,0.974,,,,,,,,,,,,127.3,
2026-09-26T01:55:00+00:00,dc-pdu-rest,5.466,,True,,,15.39,,,,0.4555,389.045,,,,,,,48.1,,,,0.94,,,,,,,,,,,,126.0,
2026-09-26T02:00:00+00:00,dc-pdu-rest,5.831,,True,,,16.49,,,,0.4859,389.531,,,,,,,51.5,,,,0.922,,,,,,,,,,,,127.8,
2026-09-26T02:05:00+00:00,dc-pdu-rest,5.652,,True,,,15.2,,,,0.471,390.002,,,,,,,47.5,,,,0.987,,,,,,,,,,,,125.6,
2026-09-26T02:10:00+00:00,dc-pdu-rest,5.752,,True,,,15.35,,,,0.4793,390.482,,,,,,,48.0,,,,0.975,,,,,,,,,,,,128.1,
2026-09-26T02:15:00+00:00,dc-pdu-rest,6.236,,True,,,17.3,,,,0.5197,391.001,,,,,,,54.1,,,,0.949,,,,,,,,,,,,126.7,
2026-09-26T02:20:00+00:00,dc-pdu-rest,5.692,,True,,,15.58,,,,0.4743,391.476,,,,,,,48.7,,,,0.961,,,,,,,,,,,,126.8,
2026-09-26T02:25:00+00:00,dc-pdu-rest,5.433,,True,,,15.44,,,,0.4527,391.928,,,,,,,48.3,,,,0.929,,,,,,,,,,,,126.3,
2026-09-26T02:30:00+00:00,dc-pdu-rest,5.654,,True,,,15.9,,,,0.4712,392.4,,,,,,,49.7,,,,0.925,,,,,,,,,,,,128.1,
2026-09-26T02:35:00+00:00,dc-pdu-rest,5.421,,True,,,14.76,,,,0.4518,392.851,,,,,,,46.1,,,,0.95,,,,,,,,,,,,128.8,
2026-09-26T02:40:00+00:00,dc-pdu-rest,5.788,,True,,,15.72,,,,0.4824,393.334,,,,,,,49.1,,,,0.972,,,,,,,,,,,,126.2,
2026-09-26T02:45:00+00:00,dc-pdu-rest,5.257,,True,,,14.45,,,,0.4381,393.772,,,,,,,45.1,,,,0.945,,,,,,,,,,,,128.3,
2026-09-26T02:50:00+00:00,dc-pdu-rest,5.439,,True,,,14.91,,,,0.4532,394.225,,,,,,,46.6,,,,0.954,,,,,,,,,,,,127.5,
2026-09-26T02:55:00+00:00,dc-pdu-rest,5.482,,True,,,15.12,,,,0.4569,394.682,,,,,,,47.2,,,,0.956,,,,,,,,,,,,126.4,
2026-09-26T03:00:00+00:00,dc-pdu-rest,5.159,,True,,,14.31,,,,0.4299,395.112,,,,,,,44.7,,,,0.956,,,,,,,,,,,,125.7,
2026-09-26T03:05:00+00:00,dc-pdu-rest,5.577,,True,,,15.33,,,,0.4647,395.576,,,,,,,47.9,,,,0.953,,,,,,,,,,,,127.2,
2026-09-26T03:10:00+00:00,dc-pdu-rest,5.5,,True,,,14.66,,,,0.4583,396.035,,,,,,,45.8,,,,0.977,,,,,,,,,,,,128.0,
2026-09-26T03:15:00+00:00,dc-pdu-rest,5.257,,True,,,14.43,,,,0.438,396.473,,,,,,,45.1,,,,0.952,,,,,,,,,,,,127.5,
2026-09-26T03:20:00+00:00,dc-pdu-rest,5.79,,True,,,15.91,,,,0.4825,396.955,,,,,,,49.7,,,,0.954,,,,,,,,,,,,127.1,
2026-09-26T03:25:00+00:00,dc-pdu-rest,5.565,,True,,,14.83,,,,0.4637,397.419,,,,,,,46.3,,,,0.976,,,,,,,,,,,,128.1,
2026-09-26T03:30:00+00:00,dc-pdu-rest,5.01,,True,,,13.77,,,,0.4175,397.837,,,,,,,43.0,,,,0.948,,,,,,,,,,,,127.9,
2026-09-26T03:35:00+00:00,dc-pdu-rest,5.298,,True,,,14.74,,,,0.4415,398.278,,,,,,,46.1,,,,0.95,,,,,,,,,,,,126.2,
2026-09-26T03:40:00+00:00,dc-pdu-rest,5.091,,True,,,14.0,,,,0.4242,398.702,,,,,,,43.8,,,,0.949,,,,,,,,,,,,127.7,
2026-09-26T03:45:00+00:00,dc-pdu-rest,5.145,,True,,,13.94,,,,0.4287,399.131,,,,,,,43.6,,,,0.962,,,,,,,,,,,,128.0,
2026-09-26T03:50:00+00:00,dc-pdu-rest,4.992,,True,,,13.95,,,,0.416,399.547,,,,,,,43.6,,,,0.947,,,,,,,,,,,,126.0,
2026-09-26T03:55:00+00:00,dc-pdu-rest,4.755,,True,,,13.32,,,,0.3963,399.943,,,,,,,41.6,,,,0.954,,,,,,,,,,,,124.8,
2026-09-26T04:00:00+00:00,dc-pdu-rest,5.022,,True,,,13.85,,,,0.4185,400.362,,,,,,,43.3,,,,0.959,,,,,,,,,,,,126.1,
2026-09-26T04:05:00+00:00,dc-pdu-rest,4.743,,True,,,13.25,,,,0.3953,400.757,,,,,,,41.4,,,,0.956,,,,,,,,,,,,124.8,
2026-09-26T04:10:00+00:00,dc-pdu-rest,4.902,,True,,,13.45,,,,0.4085,401.165,,,,,,,42.0,,,,0.934,,,,,,,,,,,,130.1,
2026-09-26T04:15:00+00:00,dc-pdu-rest,4.861,,True,,,13.59,,,,0.4051,401.571,,,,,,,42.5,,,,0.952,,,,,,,,,,,,125.2,
2026-09-26T04:20:00+00:00,dc-pdu-rest,5.062,,True,,,13.68,,,,0.4219,401.992,,,,,,,42.8,,,,0.964,,,,,,,,,,,,127.9,
2026-09-26T04:25:00+00:00,dc-pdu-rest,5.598,,True,,,14.97,,,,0.4665,402.459,,,,,,,46.8,,,,0.973,,,,,,,,,,,,128.1,
2026-09-26T04:30:00+00:00,dc-pdu-rest,4.922,,True,,,13.34,,,,0.4102,402.869,,,,,,,41.7,,,,0.973,,,,,,,,,,,,126.4,
2026-09-26T04:35:00+00:00,dc-pdu-rest,4.861,,True,,,13.49,,,,0.4051,403.274,,,,,,,42.2,,,,0.946,,,,,,,,,,,,127.0,
2026-09-26T04:40:00+00:00,dc-pdu-rest,5.047,,True,,,13.9,,,,0.4206,403.695,,,,,,,43.4,,,,0.932,,,,,,,,,,,,129.9,
2026-09-26T04:45:00+00:00,dc-pdu-rest,4.382,,True,,,12.62,,,,0.3651,404.06,,,,,,,39.4,,,,0.925,,,,,,,,,,,,125.1,
2026-09-26T04:50:00+00:00,dc-pdu-rest,5.012,,True,,,13.58,,,,0.4176,404.478,,,,,,,42.4,,,,0.977,,,,,,,,,,,,125.9,
2026-09-26T04:55:00+00:00,dc-pdu-rest,4.588,,True,,,13.09,,,,0.3823,404.86,,,,,,,40.9,,,,0.926,,,,,,,,,,,,126.2,
2026-09-27T05:00:00+00:00,dc-pdu-rest,4.803,,True,,,13.26,,,,0.4002,405.26,,,,,,,41.4,,,,0.937,,,,,,,,,,,,128.9,
2026-09-27T05:05:00+00:00,dc-pdu-rest,4.865,,True,,,13.19,,,,0.4055,405.666,,,,,,,41.2,,,,0.975,,,,,,,,,,,,126.1,
2026-09-27T05:10:00+00:00,dc-pdu-rest,4.672,,True,,,13.0,,,,0.3894,406.055,,,,,,,40.6,,,,0.932,,,,,,,,,,,,128.6,
2026-09-27T05:15:00+00:00,dc-pdu-rest,4.866,,True,,,13.24,,,,0.4055,406.46,,,,,,,41.4,,,,0.959,,,,,,,,,,,,127.8,
2026-09-27T05:20:00+00:00,dc-pdu-rest,4.324,,True,,,12.29,,,,0.3604,406.821,,,,,,,38.4,,,,0.934,,,,,,,,,,,,125.5,
2026-09-27T05:25:00+00:00,dc-pdu-rest,5.077,,True,,,13.6,,,,0.4231,407.244,,,,,,,42.5,,,,0.944,,,,,,,,,,,,131.9,
2026-09-27T05:30:00+00:00,dc-pdu-rest,4.443,,True,,,12.29,,,,0.3703,407.614,,,,,,,38.4,,,,0.953,,,,,,,,,,,,126.4,
2026-09-27T05:35:00+00:00,dc-pdu-rest,4.977,,True,,,14.33,,,,0.4148,408.029,,,,,,,44.8,,,,0.922,,,,,,,,,,,,125.6,
2026-09-27T05:40:00+00:00,dc-pdu-rest,4.814,,True,,,13.43,,,,0.4012,408.43,,,,,,,42.0,,,,0.944,,,,,,,,,,,,126.5,
2026-09-27T05:45:00+00:00,dc-pdu-rest,5.126,,True,,,13.6,,,,0.4271,408.857,,,,,,,42.5,,,,0.967,,,,,,,,,,,,130.0,
2026-09-27T05:50:00+00:00,dc-pdu-rest,4.224,,True,,,12.09,,,,0.352,409.209,,,,,,,37.8,,,,0.946,,,,,,,,,,,,123.1,
2026-09-27T05:55:00+00:00,dc-pdu-rest,4.66,,True,,,13.29,,,,0.3884,409.598,,,,,,,41.5,,,,0.934,,,,,,,,,,,,125.1,
2026-09-27T06:00:00+00:00,dc-pdu-rest,4.102,,True,,,11.62,,,,0.3418,409.939,,,,,,,36.3,,,,0.934,,,,,,,,,,,,126.0,
2026-09-27T06:05:00+00:00,dc-pdu-rest,4.758,,True,,,13.19,,,,0.3965,410.336,,,,,,,41.2,,,,0.95,,,,,,,,,,,,126.6,
2026-09-27T06:10:00+00:00,dc-pdu-rest,4.553,,True,,,12.9,,,,0.3794,410.715,,,,,,,40.3,,,,0.945,,,,,,,,,,,,124.6,
2026-09-27T06:15:00+00:00,dc-pdu-rest,4.406,,True,,,12.33,,,,0.3672,411.082,,,,,,,38.5,,,,0.942,,,,,,,,,,,,126.5,
2026-09-27T06:20:00+00:00,dc-pdu-rest,4.542,,True,,,13.14,,,,0.3785,411.461,,,,,,,41.1,,,,0.926,,,,,,,,,,,,124.4,
2026-09-27T06:25:00+00:00,dc-pdu-rest,4.397,,True,,,12.37,,,,0.3664,411.827,,,,,,,38.6,,,,0.951,,,,,,,,,,,,124.6,
2026-09-27T06:30:00+00:00,dc-pdu-rest,4.245,,True,,,11.81,,,,0.3537,412.181,,,,,,,36.9,,,,0.955,,,,,,,,,,,,125.5,
2026-09-27T06:35:00+00:00,dc-pdu-rest,4.547,,True,,,12.43,,,,0.3789,412.56,,,,,,,38.9,,,,0.942,,,,,,,,,,,,129.4,
2026-09-27T06:40:00+00:00,dc-pdu-rest,4.514,,True,,,12.76,,,,0.3762,412.936,,,,,,,39.9,,,,0.947,,,,,,,,,,,,124.5,
2026-09-27T06:45:00+00:00,dc-pdu-rest,4.365,,True,,,12.15,,,,0.3638,413.3,,,,,,,38.0,,,,0.953,,,,,,,,,,,,125.6,
2026-09-27T06:50:00+00:00,dc-pdu-rest,4.511,,True,,,12.36,,,,0.3759,413.676,,,,,,,38.6,,,,0.933,,,,,,,,,,,,130.4,
2026-09-27T06:55:00+00:00,dc-pdu-rest,4.853,,True,,,13.88,,,,0.4044,414.08,,,,,,,43.4,,,,0.931,,,,,,,,,,,,125.3,
2026-09-27T07:00:00+00:00,dc-pdu-rest,4.123,,True,,,11.52,,,,0.3436,414.424,,,,,,,36.0,,,,0.953,,,,,,,,,,,,125.3,
2026-09-27T07:05:00+00:00,dc-pdu-rest,4.282,,True,,,11.97,,,,0.3568,414.781,,,,,,,37.4,,,,0.954,,,,,,,,,,,,125.0,
2026-09-27T07:10:00+00:00,dc-pdu-rest,4.492,,True,,,12.38,,,,0.3744,415.155,,,,,,,38.7,,,,0.948,,,,,,,,,,,,127.6,
2026-09-27T07:15:00+00:00,dc-pdu-rest,4.321,,True,,,12.0,,,,0.3601,415.515,,,,,,,37.5,,,,0.951,,,,,,,,,,,,126.2,
2026-09-27T07:20:00+00:00,dc-pdu-rest,4.384,,True,,,12.26,,,,0.3654,415.88,,,,,,,38.3,,,,0.952,,,,,,,,,,,,125.2,
2026-09-27T07:25:00+00:00,dc-pdu-rest,3.848,,True,,,10.59,,,,0.3207,416.201,,,,,,,33.1,,,,0.952,,,,,,,,,,,,127.2,
2026-09-27T07:30:00+00:00,dc-pdu-rest,4.484,,True,,,12.49,,,,0.3737,416.575,,,,,,,39.0,,,,0.938,,,,,,,,,,,,127.5,
2026-09-27T07:35:00+00:00,dc-pdu-rest,4.437,,True,,,11.96,,,,0.3697,416.945,,,,,,,37.4,,,,0.974,,,,,,,,,,,,127.0,
2026-09-27T07:40:00+00:00,dc-pdu-rest,4.183,,True,,,11.61,,,,0.3486,417.293,,,,,,,36.3,,,,0.932,,,,,,,,,,,,128.8,
2026-09-27T07:45:00+00:00,dc-pdu-rest,4.397,,True,,,12.22,,,,0.3664,417.66,,,,,,,38.2,,,,0.952,,,,,,,,,,,,125.9,
2026-09-27T07:50:00+00:00,dc-pdu-rest,4.309,,True,,,11.95,,,,0.3591,418.019,,,,,,,37.4,,,,0.962,,,,,,,,,,,,124.9,
2026-09-27T07:55:00+00:00,dc-pdu-rest,4.333,,True,,,12.41,,,,0.3611,418.38,,,,,,,38.8,,,,0.93,,,,,,,,,,,,125.1,
2026-09-27T08:00:00+00:00,dc-pdu-rest,4.444,,True,,,12.48,,,,0.3703,418.75,,,,,,,39.0,,,,0.953,,,,,,,,,,,,124.6,
2026-09-27T08:05:00+00:00,dc-pdu-rest,4.007,,True,,,11.32,,,,0.3339,419.084,,,,,,,35.4,,,,0.934,,,,,,,,,,,,126.3,
2026-09-27T08:10:00+00:00,dc-pdu-rest,4.158,,True,,,11.97,,,,0.3465,419.43,,,,,,,37.4,,,,0.929,,,,,,,,,,,,124.6,
2026-09-27T08:15:00+00:00,dc-pdu-rest,4.417,,True,,,12.15,,,,0.3681,419.798,,,,,,,38.0,,,,0.969,,,,,,,,,,,,125.1,
2026-09-27T08:20:00+00:00,dc-pdu-rest,4.292,,True,,,12.07,,,,0.3577,420.156,,,,,,,37.7,,,,0.942,,,,,,,,,,,,125.9,
2026-09-27T08:25:00+00:00,dc-pdu-rest,4.376,,True,,,12.04,,,,0.3646,420.521,,,,,,,37.6,,,,0.944,,,,,,,,,,,,128.4,
2026-09-27T08:30:00+00:00,dc-pdu-rest,4.29,,True,,,11.86,,,,0.3575,420.878,,,,,,,37.1,,,,0.945,,,,,,,,,,,,127.5,
2026-09-27T08:35:00+00:00,dc-pdu-rest,4.198,,True,,,12.05,,,,0.3499,421.228,,,,,,,37.7,,,,0.913,,,,,,,,,,,,127.2,
2026-09-27T08:40:00+00:00,dc-pdu-rest,4.327,,True,,,11.88,,,,0.3606,421.589,,,,,,,37.1,,,,0.936,,,,,,,,,,,,129.7,
2026-09-27T08:45:00+00:00,dc-pdu-rest,4.452,,True,,,12.46,,,,0.371,421.96,,,,,,,38.9,,,,0.936,,,,,,,,,,,,127.3,
2026-09-27T08:50:00+00:00,dc-pdu-rest,4.617,,True,,,12.8,,,,0.3847,422.344,,,,,,,40.0,,,,0.959,,,,,,,,,,,,125.3,
2026-09-27T08:55:00+00:00,dc-pdu-rest,4.068,,True,,,11.25,,,,0.339,422.683,,,,,,,35.2,,,,0.946,,,,,,,,,,,,127.4,
2026-09-27T09:00:00+00:00,dc-pdu-rest,4.582,,True,,,12.18,,,,0.3818,423.065,,,,,,,38.1,,,,0.965,,,,,,,,,,,,130.0,
2026-09-27T09:05:00+00:00,dc-pdu-rest,4.512,,True,,,12.92,,,,0.376,423.441,,,,,,,40.4,,,,0.923,,,,,,,,,,,,126.0,
2026-09-27T09:10:00+00:00,dc-pdu-rest,4.217,,True,,,11.76,,,,0.3514,423.793,,,,,,,36.8,,,,0.937,,,,,,,,,,,,127.6,
2026-09-27T09:15:00+00:00,dc-pdu-rest,4.66,,True,,,12.75,,,,0.3883,424.181,,,,,,,39.8,,,,0.96,,,,,,,,,,,,126.9,
2026-09-27T09:20:00+00:00,dc-pdu-rest,4.834,,True,,,13.06,,,,0.4028,424.584,,,,,,,40.8,,,,0.959,,,,,,,,,,,,128.7,
2026-09-27T09:25:00+00:00,dc-pdu-rest,4.172,,True,,,11.75,,,,0.3477,424.931,,,,,,,36.7,,,,0.944,,,,,,,,,,,,125.3,
2026-09-27T09:30:00+00:00,dc-pdu-rest,4.599,,True,,,12.21,,,,0.3832,425.315,,,,,,,38.1,,,,0.977,,,,,,,,,,,,128.6,
2026-09-27T09:35:00+00:00,dc-pdu-rest,4.36,,True,,,11.95,,,,0.3633,425.678,,,,,,,37.3,,,,0.941,,,,,,,,,,,,129.2,
2026-09-27T09:40:00+00:00,dc-pdu-rest,4.163,,True,,,11.73,,,,0.3469,426.025,,,,,,,36.7,,,,0.931,,,,,,,,,,,,127.0,
2026-09-27T09:45:00+00:00,dc-pdu-rest,4.665,,True,,,12.66,,,,0.3887,426.414,,,,,,,39.6,,,,0.956,,,,,,,,,,,,128.4,
2026-09-27T09:50:00+00:00,dc-pdu-rest,4.269,,True,,,11.85,,,,0.3558,426.769,,,,,,,37.0,,,,0.958,,,,,,,,,,,,125.3,
2026-09-27T09:55:00+00:00,dc-pdu-rest,4.529,,True,,,12.65,,,,0.3774,427.147,,,,,,,39.5,,,,0.948,,,,,,,,,,,,126.0,
2026-09-27T10:00:00+00:00,dc-pdu-rest,5.007,,True,,,13.18,,,,0.4173,427.564,,,,,,,41.2,,,,0.982,,,,,,,,,,,,129.0,
2026-09-27T10:05:00+00:00,dc-pdu-rest,4.281,,True,,,12.3,,,,0.3567,427.921,,,,,,,38.4,,,,0.92,,,,,,,,,,,,126.1,
2026-09-27T10:10:00+00:00,dc-pdu-rest,4.771,,True,,,13.2,,,,0.3976,428.318,,,,,,,41.3,,,,0.941,,,,,,,,,,,,128.0,
2026-09-27T10:15:00+00:00,dc-pdu-rest,4.743,,True,,,12.95,,,,0.3953,428.714,,,,,,,40.5,,,,0.955,,,,,,,,,,,,127.8,
2026-09-27T10:20:00+00:00,dc-pdu-rest,4.869,,True,,,13.38,,,,0.4057,429.119,,,,,,,41.8,,,,0.957,,,,,,,,,,,,126.7,
2026-09-27T10:25:00+00:00,dc-pdu-rest,4.924,,True,,,13.74,,,,0.4103,429.53,,,,,,,42.9,,,,0.942,,,,,,,,,,,,126.8,
2026-09-27T10:30:00+00:00,dc-pdu-rest,4.515,,True,,,12.47,,,,0.3762,429.906,,,,,,,39.0,,,,0.948,,,,,,,,,,,,127.3,
2026-09-27T10:35:00+00:00,dc-pdu-rest,4.636,,True,,,12.93,,,,0.3864,430.292,,,,,,,40.4,,,,0.951,,,,,,,,,,,,125.7,
2026-09-27T10:40:00+00:00,dc-pdu-rest,4.773,,True,,,12.93,,,,0.3978,430.69,,,,,,,40.4,,,,0.965,,,,,,,,,,,,127.5,
2026-09-27T10:45:00+00:00,dc-pdu-rest,4.507,,True,,,12.59,,,,0.3756,431.066,,,,,,,39.4,,,,0.938,,,,,,,,,,,,127.2,
2026-09-27T10:50:00+00:00,dc-pdu-rest,4.254,,True,,,11.75,,,,0.3545,431.42,,,,,,,36.7,,,,0.928,,,,,,,,,,,,130.1,
2026-09-27T10:55:00+00:00,dc-pdu-rest,4.777,,True,,,13.15,,,,0.3981,431.818,,,,,,,41.1,,,,0.944,,,,,,,,,,,,128.2,
2026-09-27T11:00:00+00:00,dc-pdu-rest,4.697,,True,,,12.92,,,,0.3914,432.21,,,,,,,40.4,,,,0.947,,,,,,,,,,,,128.0,
2026-09-27T11:05:00+00:00,dc-pdu-rest,4.594,,True,,,12.53,,,,0.3828,432.592,,,,,,,39.2,,,,0.963,,,,,,,,,,,,126.9,
2026-09-27T11:10:00+00:00,dc-pdu-rest,4.538,,True,,,12.6,,,,0.3781,432.971,,,,,,,39.4,,,,0.954,,,,,,,,,,,,125.8,
2026-09-27T11:15:00+00:00,dc-pdu-rest,5.116,,True,,,14.16,,,,0.4263,433.397,,,,,,,44.3,,,,0.941,,,,,,,,,,,,128.0,
2026-09-27T11:20:00+00:00,dc-pdu-rest,5.436,,True,,,14.86,,,,0.453,433.85,,,,,,,46.4,,,,0.949,,,,,,,,,,,,128.5,
2026-09-27T11:25:00+00:00,dc-pdu-rest,4.992,,True,,,13.81,,,,0.416,434.266,,,,,,,43.2,,,,0.96,,,,,,,,,,,,125.5,
2026-09-27T11:30:00+00:00,dc-pdu-rest,4.941,,True,,,13.77,,,,0.4118,434.678,,,,,,,43.0,,,,0.942,,,,,,,,,,,,127.0,
2026-09-27T11:35:00+00:00,dc-pdu-rest,4.594,,True,,,12.81,,,,0.3828,435.06,,,,,,,40.0,,,,0.933,,,,,,,,,,,,128.1,
2026-09-27T11:40:00+00:00,dc-pdu-rest,4.75,,True,,,13.17,,,,0.3958,435.456,,,,,,,41.1,,,,0.938,,,,,,,,,,,,128.2,
2026-09-27T11:45:00+00:00,dc-pdu-rest,5.504,,True,,,14.61,,,,0.4586,435.915,,,,,,,45.7,,,,0.971,,,,,,,,,,,,129.4,
2026-09-27T11:50:00+00:00,dc-pdu-rest,5.251,,True,,,14.19,,,,0.4376,436.353,,,,,,,44.3,,,,0.967,,,,,,,,,,,,127.6,
2026-09-27T11:55:00+00:00,dc-pdu-rest,5.235,,True,,,14.46,,,,0.4362,436.789,,,,,,,45.2,,,,0.953,,,,,,,,,,,,126.6,
2026-09-27T12:00:00+00:00,dc-pdu-rest,4.98,,True,,,13.71,,,,0.415,437.204,,,,,,,42.8,,,,0.97,,,,,,,,,,,,124.9,
2026-09-27T12:05:00+00:00,dc-pdu-rest,4.977,,True,,,13.75,,,,0.4148,437.619,,,,,,,43.0,,,,0.962,,,,,,,,,,,,125.5,
2026-09-27T12:10:00+00:00,dc-pdu-rest,4.958,,True,,,13.81,,,,0.4132,438.032,,,,,,,43.2,,,,0.963,,,,,,,,,,,,124.2,
2026-09-27T12:15:00+00:00,dc-pdu-rest,5.072,,True,,,13.85,,,,0.4227,438.454,,,,,,,43.3,,,,0.958,,,,,,,,,,,,127.4,
2026-09-27T12:20:00+00:00,dc-pdu-rest,4.944,,True,,,14.16,,,,0.412,438.866,,,,,,,44.2,,,,0.934,,,,,,,,,,,,124.6,
2026-09-27T12:25:00+00:00,dc-pdu-rest,5.074,,True,,,13.99,,,,0.4228,439.289,,,,,,,43.7,,,,0.936,,,,,,,,,,,,129.2,
2026-09-27T12:30:00+00:00,dc-pdu-rest,5.016,,True,,,14.38,,,,0.418,439.707,,,,,,,44.9,,,,0.934,,,,,,,,,,,,124.4,
2026-09-27T12:35:00+00:00,dc-pdu-rest,5.126,,True,,,14.07,,,,0.4271,440.134,,,,,,,44.0,,,,0.968,,,,,,,,,,,,125.5,
2026-09-27T12:40:00+00:00,dc-pdu-rest,5.239,,True,,,14.63,,,,0.4365,440.571,,,,,,,45.7,,,,0.952,,,,,,,,,,,,125.4,
2026-09-27T12:45:00+00:00,dc-pdu-rest,5.161,,True,,,14.67,,,,0.4301,441.001,,,,,,,45.8,,,,0.931,,,,,,,,,,,,126.0,
2026-09-27T12:50:00+00:00,dc-pdu-rest,5.225,,True,,,14.8,,,,0.4354,441.436,,,,,,,46.3,,,,0.935,,,,,,,,,,,,125.9,
2026-09-27T12:55:00+00:00,dc-pdu-rest,5.544,,True,,,15.25,,,,0.462,441.898,,,,,,,47.7,,,,0.946,,,,,,,,,,,,128.0,
2026-09-27T13:00:00+00:00,dc-pdu-rest,5.622,,True,,,15.4,,,,0.4685,442.367,,,,,,,48.1,,,,0.953,,,,,,,,,,,,127.7,
2026-09-27T13:05:00+00:00,dc-pdu-rest,5.551,,True,,,14.92,,,,0.4626,442.83,,,,,,,46.6,,,,0.974,,,,,,,,,,,,127.4,
2026-09-27T13:10:00+00:00,dc-pdu-rest,5.178,,True,,,14.22,,,,0.4315,443.261,,,,,,,44.5,,,,0.961,,,,,,,,,,,,126.2,
2026-09-27T13:15:00+00:00,dc-pdu-rest,5.393,,True,,,15.05,,,,0.4494,443.71,,,,,,,47.0,,,,0.937,,,,,,,,,,,,127.5,
2026-09-27T13:20:00+00:00,dc-pdu-rest,5.168,,True,,,14.44,,,,0.4307,444.141,,,,,,,45.1,,,,0.949,,,,,,,,,,,,125.8,
2026-09-27T13:25:00+00:00,dc-pdu-rest,5.302,,True,,,14.68,,,,0.4418,444.583,,,,,,,45.9,,,,0.94,,,,,,,,,,,,128.1,
2026-09-27T13:30:00+00:00,dc-pdu-rest,5.799,,True,,,15.47,,,,0.4833,445.066,,,,,,,48.3,,,,0.96,,,,,,,,,,,,130.1,
2026-09-27T13:35:00+00:00,dc-pdu-rest,5.511,,True,,,15.24,,,,0.4593,445.525,,,,,,,47.6,,,,0.949,,,,,,,,,,,,127.0,
2026-09-27T13:40:00+00:00,dc-pdu-rest,6.055,,True,,,16.06,,,,0.5046,446.03,,,,,,,50.2,,,,0.975,,,,,,,,,,,,128.9,
2026-09-27T13:45:00+00:00,dc-pdu-rest,5.668,,True,,,16.04,,,,0.4724,446.502,,,,,,,50.1,,,,0.947,,,,,,,,,,,,124.4,
2026-09-27T13:50:00+00:00,dc-pdu-rest,6.333,,True,,,17.32,,,,0.5278,447.03,,,,,,,54.1,,,,0.957,,,,,,,,,,,,127.3,
2026-09-27T13:55:00+00:00,dc-pdu-rest,5.647,,True,,,15.91,,,,0.4706,447.501,,,,,,,49.7,,,,0.939,,,,,,,,,,,,126.0,
2026-09-27T14:00:00+00:00,dc-pdu-rest,5.607,,True,,,15.4,,,,0.4673,447.968,,,,,,,48.1,,,,0.949,,,,,,,,,,,,127.9,
2026-09-27T14:05:00+00:00,dc-pdu-rest,5.746,,True,,,15.74,,,,0.4788,448.447,,,,,,,49.2,,,,0.946,,,,,,,,,,,,128.6,
2026-09-27T14:10:00+00:00,dc-pdu-rest,5.729,,True,,,16.22,,,,0.4774,448.924,,,,,,,50.7,,,,0.936,,,,,,,,,,,,125.8,
2026-09-27T14:15:00+00:00,dc-pdu-rest,6.179,,True,,,16.88,,,,0.515,449.439,,,,,,,52.7,,,,0.941,,,,,,,,,,,,129.7,
2026-09-27T14:20:00+00:00,dc-pdu-rest,5.698,,True,,,16.1,,,,0.4748,449.914,,,,,,,50.3,,,,0.943,,,,,,,,,,,,125.1,
2026-09-27T14:25:00+00:00,dc-pdu-rest,6.206,,True,,,16.98,,,,0.5172,450.431,,,,,,,53.1,,,,0.973,,,,,,,,,,,,125.2,
2026-09-27T14:30:00+00:00,dc-pdu-rest,5.808,,True,,,16.34,,,,0.484,450.915,,,,,,,51.1,,,,0.942,,,,,,,,,,,,125.8,
2026-09-27T14:35:00+00:00,dc-pdu-rest,5.802,,True,,,15.97,,,,0.4835,451.399,,,,,,,49.9,,,,0.965,,,,,,,,,,,,125.5,
2026-09-27T14:40:00+00:00,dc-pdu-rest,6.035,,True,,,16.7,,,,0.5029,451.902,,,,,,,52.2,,,,0.951,,,,,,,,,,,,126.7,
2026-09-27T14:45:00+00:00,dc-pdu-rest,5.956,,True,,,16.68,,,,0.4963,452.398,,,,,,,52.1,,,,0.934,,,,,,,,,,,,127.5,
2026-09-27T14:50:00+00:00,dc-pdu-rest,6.29,,True,,,17.21,,,,0.5242,452.922,,,,,,,53.8,,,,0.955,,,,,,,,,,,,127.6,
2026-09-27T14:55:00+00:00,dc-pdu-rest,6.266,,True,,,17.36,,,,0.5222,453.444,,,,,,,54.3,,,,0.958,,,,,,,,,,,,125.6,
2026-09-27T15:00:00+00:00,dc-pdu-rest,6.119,,True,,,16.75,,,,0.5099,453.954,,,,,,,52.3,,,,0.977,,,,,,,,,,,,124.6,
2026-09-27T15:05:00+00:00,dc-pdu-rest,5.577,,True,,,15.43,,,,0.4647,454.419,,,,,,,48.2,,,,0.946,,,,,,,,,,,,127.3,
2026-09-27T15:10:00+00:00,dc-pdu-rest,6.045,,True,,,17.04,,,,0.5037,454.923,,,,,,,53.3,,,,0.937,,,,,,,,,,,,126.1,
2026-09-27T15:15:00+00:00,dc-pdu-rest,6.399,,True,,,17.34,,,,0.5332,455.456,,,,,,,54.2,,,,0.976,,,,,,,,,,,,126.1,
2026-09-27T15:20:00+00:00,dc-pdu-rest,6.234,,True,,,16.84,,,,0.5195,455.975,,,,,,,52.6,,,,0.964,,,,,,,,,,,,128.0,
2026-09-27T15:25:00+00:00,dc-pdu-rest,6.269,,True,,,17.33,,,,0.5224,456.498,,,,,,,54.1,,,,0.955,,,,,,,,,,,,126.3,
2026-09-27T15:30:00+00:00,dc-pdu-rest,6.147,,True,,,17.3,,,,0.5122,457.01,,,,,,,54.1,,,,0.939,,,,,,,,,,,,126.0,
2026-09-27T15:35:00+00:00,dc-pdu-rest,6.036,,True,,,17.23,,,,0.503,457.513,,,,,,,53.9,,,,0.921,,,,,,,,,,,,126.8,
2026-09-27T15:40:00+00:00,dc-pdu-rest,6.626,,True,,,17.93,,,,0.5521,458.065,,,,,,,56.0,,,,0.951,,,,,,,,,,,,129.5,
2026-09-27T15:45:00+00:00,dc-pdu-rest,6.649,,True,,,18.3,,,,0.5541,458.619,,,,,,,57.2,,,,0.943,,,,,,,,,,,,128.4,
2026-09-27T15:50:00+00:00,dc-pdu-rest,6.969,,True,,,18.84,,,,0.5807,459.2,,,,,,,58.9,,,,0.952,,,,,,,,,,,,129.5,
2026-09-27T15:55:00+00:00,dc-pdu-rest,6.309,,True,,,17.75,,,,0.5257,459.726,,,,,,,55.5,,,,0.95,,,,,,,,,,,,124.7,
2026-09-27T16:00:00+00:00,dc-pdu-rest,6.656,,True,,,18.29,,,,0.5547,460.28,,,,,,,57.2,,,,0.946,,,,,,,,,,,,128.2,
2026-09-27T16:05:00+00:00,dc-pdu-rest,6.649,,True,,,18.4,,,,0.5541,460.834,,,,,,,57.5,,,,0.949,,,,,,,,,,,,126.9,
2026-09-27T16:10:00+00:00,dc-pdu-rest,6.318,,True,,,17.16,,,,0.5265,461.361,,,,,,,53.6,,,,0.963,,,,,,,,,,,,127.4,
2026-09-27T16:15:00+00:00,dc-pdu-rest,6.25,,True,,,17.38,,,,0.5208,461.882,,,,,,,54.3,,,,0.944,,,,,,,,,,,,126.9,
2026-09-27T16:20:00+00:00,dc-pdu-rest,6.762,,True,,,18.89,,,,0.5635,462.445,,,,,,,59.0,,,,0.943,,,,,,,,,,,,126.6,
2026-09-27T16:25:00+00:00,dc-pdu-rest,7.073,,True,,,19.29,,,,0.5894,463.035,,,,,,,60.3,,,,0.959,,,,,,,,,,,,127.5,
2026-09-27T16:30:00+00:00,dc-pdu-rest,7.04,,True,,,18.58,,,,0.5866,463.621,,,,,,,58.1,,,,0.985,,,,,,,,,,,,128.2,
2026-09-27T16:35:00+00:00,dc-pdu-rest,6.541,,True,,,18.4,,,,0.5451,464.166,,,,,,,57.5,,,,0.939,,,,,,,,,,,,126.2,
2026-09-27T16:40:00+00:00,dc-pdu-rest,6.85,,True,,,18.82,,,,0.5708,464.737,,,,,,,58.8,,,,0.962,,,,,,,,,,,,126.2,
2026-09-27T16:45:00+00:00,dc-pdu-rest,6.555,,True,,,18.04,,,,0.5463,465.283,,,,,,,56.4,,,,0.941,,,,,,,,,,,,128.6,
2026-09-27T16:50:00+00:00,dc-pdu-rest,6.406,,True,,,18.06,,,,0.5338,465.817,,,,,,,56.4,,,,0.928,,,,,,,,,,,,127.4,
2026-09-27T16:55:00+00:00,dc-pdu-rest,6.184,,True,,,17.74,,,,0.5153,466.333,,,,,,,55.4,,,,0.935,,,,,,,,,,,,124.2,
2026-09-27T17:00:00+00:00,dc-pdu-rest,6.82,,True,,,18.91,,,,0.5683,466.901,,,,,,,59.1,,,,0.936,,,,,,,,,,,,128.5,
2026-09-27T17:05:00+00:00,dc-pdu-rest,6.708,,True,,,19.07,,,,0.559,467.46,,,,,,,59.6,,,,0.919,,,,,,,,,,,,127.5,
2026-09-27T17:10:00+00:00,dc-pdu-rest,6.875,,True,,,19.26,,,,0.5729,468.033,,,,,,,60.2,,,,0.951,,,,,,,,,,,,125.1,
2026-09-27T17:15:00+00:00,dc-pdu-rest,6.553,,True,,,18.24,,,,0.5461,468.579,,,,,,,57.0,,,,0.947,,,,,,,,,,,,126.5,
2026-09-27T17:20:00+00:00,dc-pdu-rest,6.8,,True,,,18.24,,,,0.5667,469.146,,,,,,,57.0,,,,0.954,,,,,,,,,,,,130.3,
2026-09-27T17:25:00+00:00,dc-pdu-rest,6.854,,True,,,19.0,,,,0.5712,469.717,,,,,,,59.4,,,,0.947,,,,,,,,,,,,127.0,
2026-09-27T17:30:00+00:00,dc-pdu-rest,7.003,,True,,,19.88,,,,0.5836,470.3,,,,,,,62.1,,,,0.938,,,,,,,,,,,,125.2,
2026-09-27T17:35:00+00:00,dc-pdu-rest,6.932,,True,,,19.4,,,,0.5776,470.878,,,,,,,60.6,,,,0.937,,,,,,,,,,,,127.2,
2026-09-27T17:40:00+00:00,dc-pdu-rest,6.521,,True,,,18.21,,,,0.5434,471.421,,,,,,,56.9,,,,0.959,,,,,,,,,,,,124.5,
2026-09-27T17:45:00+00:00,dc-pdu-rest,6.879,,True,,,19.03,,,,0.5732,471.995,,,,,,,59.5,,,,0.959,,,,,,,,,,,,125.6,
2026-09-27T17:50:00+00:00,dc-pdu-rest,6.846,,True,,,19.32,,,,0.5705,472.565,,,,,,,60.4,,,,0.938,,,,,,,,,,,,126.0,
2026-09-27T17:55:00+00:00,dc-pdu-rest,7.228,,True,,,19.8,,,,0.6023,473.168,,,,,,,61.9,,,,0.948,,,,,,,,,,,,128.3,
2026-09-27T18:00:00+00:00,dc-pdu-rest,6.954,,True,,,19.07,,,,0.5795,473.747,,,,,,,59.6,,,,0.965,,,,,,,,,,,,125.9,
2026-09-27T18:05:00+00:00,dc-pdu-rest,7.413,,True,,,19.92,,,,0.6177,474.365,,,,,,,62.2,,,,0.972,,,,,,,,,,,,127.6,
2026-09-27T18:10:00+00:00,dc-pdu-rest,6.805,,True,,,18.86,,,,0.5671,474.932,,,,,,,58.9,,,,0.932,,,,,,,,,,,,129.0,
2026-09-27T18:15:00+00:00,dc-pdu-rest,7.419,,True,,,20.15,,,,0.6183,475.55,,,,,,,63.0,,,,0.963,,,,,,,,,,,,127.4,
2026-09-27T18:20:00+00:00,dc-pdu-rest,7.508,,True,,,19.65,,,,0.6257,476.176,,,,,,,61.4,,,,0.988,,,,,,,,,,,,128.9,
2026-09-27T18:25:00+00:00,dc-pdu-rest,7.219,,True,,,19.28,,,,0.6016,476.777,,,,,,,60.3,,,,0.984,,,,,,,,,,,,126.8,
2026-09-27T18:30:00+00:00,dc-pdu-rest,6.942,,True,,,19.62,,,,0.5785,477.356,,,,,,,61.3,,,,0.934,,,,,,,,,,,,126.3,
2026-09-27T18:35:00+00:00,dc-pdu-rest,7.128,,True,,,19.82,,,,0.594,477.95,,,,,,,61.9,,,,0.931,,,,,,,,,,,,128.7,
2026-09-27T18:40:00+00:00,dc-pdu-rest,7.092,,True,,,19.48,,,,0.591,478.541,,,,,,,60.9,,,,0.944,,,,,,,,,,,,128.5,
2026-09-27T18:45:00+00:00,dc-pdu-rest,7.546,,True,,,20.21,,,,0.6288,479.17,,,,,,,63.2,,,,0.963,,,,,,,,,,,,129.2,
2026-09-27T18:50:00+00:00,dc-pdu-rest,7.279,,True,,,20.69,,,,0.6066,479.776,,,,,,,64.6,,,,0.929,,,,,,,,,,,,126.2,
2026-09-27T18:55:00+00:00,dc-pdu-rest,7.383,,True,,,20.14,,,,0.6153,480.391,,,,,,,62.9,,,,0.967,,,,,,,,,,,,126.4,
2026-09-27T19:00:00+00:00,dc-pdu-rest,7.132,,True,,,20.05,,,,0.5944,480.986,,,,,,,62.7,,,,0.937,,,,,,,,,,,,126.5,
2026-09-27T19:05:00+00:00,dc-pdu-rest,7.739,,True,,,20.96,,,,0.6449,481.631,,,,,,,65.5,,,,0.952,,,,,,,,,,,,129.3,
2026-09-27T19:10:00+00:00,dc-pdu-rest,7.051,,True,,,19.7,,,,0.5876,482.218,,,,,,,61.6,,,,0.943,,,,,,,,,,,,126.5,
2026-09-27T19:15:00+00:00,dc-pdu-rest,7.187,,True,,,19.95,,,,0.5989,482.817,,,,,,,62.4,,,,0.942,,,,,,,,,,,,127.4,
2026-09-27T19:20:00+00:00,dc-pdu-rest,7.172,,True,,,19.97,,,,0.5977,483.415,,,,,,,62.4,,,,0.949,,,,,,,,,,,,126.2,
2026-09-27T19:25:00+00:00,dc-pdu-rest,7.387,,True,,,20.35,,,,0.6156,484.03,,,,,,,63.6,,,,0.934,,,,,,,,,,,,129.5,
2026-09-27T19:30:00+00:00,dc-pdu-rest,6.983,,True,,,20.29,,,,0.5819,484.612,,,,,,,63.4,,,,0.938,,,,,,,,,,,,122.3,
2026-09-27T19:35:00+00:00,dc-pdu-rest,6.902,,True,,,19.17,,,,0.5752,485.188,,,,,,,59.9,,,,0.95,,,,,,,,,,,,126.4,
2026-09-27T19:40:00+00:00,dc-pdu-rest,7.37,,True,,,20.6,,,,0.6142,485.802,,,,,,,64.4,,,,0.943,,,,,,,,,,,,126.6,
2026-09-27T19:45:00+00:00,dc-pdu-rest,7.536,,True,,,20.55,,,,0.628,486.43,,,,,,,64.2,,,,0.96,,,,,,,,,,,,127.3,
2026-09-27T19:50:00+00:00,dc-pdu-rest,6.97,,True,,,19.53,,,,0.5808,487.011,,,,,,,61.0,,,,0.945,,,,,,,,,,,,125.9,
2026-09-27T19:55:00+00:00,dc-pdu-rest,7.411,,True,,,20.54,,,,0.6176,487.628,,,,,,,64.2,,,,0.944,,,,,,,,,,,,127.4,
2026-09-27T20:00:00+00:00,dc-pdu-rest,7.261,,True,,,20.21,,,,0.6051,488.233,,,,,,,63.1,,,,0.941,,,,,,,,,,,,127.3,
2026-09-27T20:05:00+00:00,dc-pdu-rest,7.264,,True,,,20.62,,,,0.6053,488.839,,,,,,,64.4,,,,0.936,,,,,,,,,,,,125.4,
2026-09-27T20:10:00+00:00,dc-pdu-rest,6.914,,True,,,19.84,,,,0.5762,489.415,,,,,,,62.0,,,,0.929,,,,,,,,,,,,125.0,
2026-09-27T20:15:00+00:00,dc-pdu-rest,7.243,,True,,,20.02,,,,0.6036,490.018,,,,,,,62.6,,,,0.95,,,,,,,,,,,,127.0,
2026-09-27T20:20:00+00:00,dc-pdu-rest,7.031,,True,,,19.88,,,,0.5859,490.604,,,,,,,62.1,,,,0.931,,,,,,,,,,,,126.7,
2026-09-27T20:25:00+00:00,dc-pdu-rest,7.155,,True,,,19.8,,,,0.5963,491.2,,,,,,,61.9,,,,0.942,,,,,,,,,,,,127.9,
2026-09-27T20:30:00+00:00,dc-pdu-rest,6.83,,True,,,19.32,,,,0.5691,491.77,,,,,,,60.4,,,,0.934,,,,,,,,,,,,126.2,
2026-09-27T20:35:00+00:00,dc-pdu-rest,7.276,,True,,,20.07,,,,0.6063,492.376,,,,,,,62.7,,,,0.948,,,,,,,,,,,,127.4,
2026-09-27T20:40:00+00:00,dc-pdu-rest,7.079,,True,,,19.39,,,,0.5899,492.966,,,,,,,60.6,,,,0.952,,,,,,,,,,,,127.8,
2026-09-27T20:45:00+00:00,dc-pdu-rest,7.459,,True,,,20.82,,,,0.6216,493.587,,,,,,,65.1,,,,0.936,,,,,,,,,,,,127.6,
2026-09-27T20:50:00+00:00,dc-pdu-rest,7.627,,True,,,21.13,,,,0.6356,494.223,,,,,,,66.0,,,,0.959,,,,,,,,,,,,125.4,
2026-09-27T20:55:00+00:00,dc-pdu-rest,7.167,,True,,,19.9,,,,0.5973,494.82,,,,,,,62.2,,,,0.943,,,,,,,,,,,,127.3,
2026-09-27T21:00:00+00:00,dc-pdu-rest,7.748,,True,,,21.36,,,,0.6456,495.466,,,,,,,66.7,,,,0.946,,,,,,,,,,,,127.9,
2026-09-27T21:05:00+00:00,dc-pdu-rest,6.748,,True,,,19.25,,,,0.5624,496.028,,,,,,,60.2,,,,0.928,,,,,,,,,,,,126.0,
2026-09-27T21:10:00+00:00,dc-pdu-rest,7.632,,True,,,20.71,,,,0.636,496.664,,,,,,,64.7,,,,0.966,,,,,,,,,,,,127.2,
2026-09-27T21:15:00+00:00,dc-pdu-rest,7.356,,True,,,19.46,,,,0.613,497.277,,,,,,,60.8,,,,0.993,,,,,,,,,,,,126.9,
2026-09-27T21:20:00+00:00,dc-pdu-rest,7.342,,True,,,20.44,,,,0.6118,497.889,,,,,,,63.9,,,,0.932,,,,,,,,,,,,128.5,
2026-09-27T21:25:00+00:00,dc-pdu-rest,7.399,,True,,,20.87,,,,0.6166,498.506,,,,,,,65.2,,,,0.931,,,,,,,,,,,,126.9,
2026-09-27T21:30:00+00:00,dc-pdu-rest,6.95,,True,,,18.95,,,,0.5792,499.085,,,,,,,59.2,,,,0.938,,,,,,,,,,,,130.4,
2026-09-27T21:35:00+00:00,dc-pdu-rest,7.038,,True,,,19.54,,,,0.5865,499.671,,,,,,,61.1,,,,0.956,,,,,,,,,,,,125.6,
2026-09-27T21:40:00+00:00,dc-pdu-rest,6.868,,True,,,18.87,,,,0.5723,500.244,,,,,,,59.0,,,,0.96,,,,,,,,,,,,126.3,
2026-09-27T21:45:00+00:00,dc-pdu-rest,7.721,,True,,,20.58,,,,0.6434,500.887,,,,,,,64.3,,,,0.976,,,,,,,,,,,,128.1,
2026-09-27T21:50:00+00:00,dc-pdu-rest,6.675,,True,,,18.13,,,,0.5562,501.443,,,,,,,56.7,,,,0.959,,,,,,,,,,,,127.9,
2026-09-27T21:55:00+00:00,dc-pdu-rest,7.055,,True,,,19.1,,,,0.588,502.031,,,,,,,59.7,,,,0.944,,,,,,,,,,,,130.4,
2026-09-27T22:00:00+00:00,dc-pdu-rest,6.928,,True,,,19.29,,,,0.5774,502.609,,,,,,,60.3,,,,0.936,,,,,,,,,,,,127.9,
2026-09-27T22:05:00+00:00,dc-pdu-rest,6.888,,True,,,18.55,,,,0.574,503.183,,,,,,,58.0,,,,0.972,,,,,,,,,,,,127.3,
2026-09-27T22:10:00+00:00,dc-pdu-rest,6.814,,True,,,18.71,,,,0.5679,503.75,,,,,,,58.5,,,,0.974,,,,,,,,,,,,124.6,
2026-09-27T22:15:00+00:00,dc-pdu-rest,6.96,,True,,,18.89,,,,0.58,504.33,,,,,,,59.0,,,,0.949,,,,,,,,,,,,129.4,
2026-09-27T22:20:00+00:00,dc-pdu-rest,6.862,,True,,,19.51,,,,0.5718,504.902,,,,,,,61.0,,,,0.938,,,,,,,,,,,,125.0,
2026-09-27T22:25:00+00:00,dc-pdu-rest,6.534,,True,,,18.14,,,,0.5445,505.447,,,,,,,56.7,,,,0.946,,,,,,,,,,,,126.9,
2026-09-27T22:30:00+00:00,dc-pdu-rest,7.143,,True,,,19.78,,,,0.5953,506.042,,,,,,,61.8,,,,0.941,,,,,,,,,,,,127.9,
2026-09-27T22:35:00+00:00,dc-pdu-rest,6.93,,True,,,19.38,,,,0.5775,506.62,,,,,,,60.6,,,,0.956,,,,,,,,,,,,124.8,
2026-09-27T22:40:00+00:00,dc-pdu-rest,6.724,,True,,,19.31,,,,0.5603,507.18,,,,,,,60.3,,,,0.933,,,,,,,,,,,,124.4,
2026-09-27T22:45:00+00:00,dc-pdu-rest,7.22,,True,,,19.83,,,,0.6017,507.782,,,,,,,62.0,,,,0.963,,,,,,,,,,,,126.0,
2026-09-27T22:50:00+00:00,dc-pdu-rest,6.997,,True,,,19.11,,,,0.5831,508.365,,,,,,,59.7,,,,0.959,,,,,,,,,,,,127.3,
2026-09-27T22:55:00+00:00,dc-pdu-rest,6.584,,True,,,18.54,,,,0.5487,508.913,,,,,,,57.9,,,,0.949,,,,,,,,,,,,124.8,
2026-09-27T23:00:00+00:00,dc-pdu-rest,6.739,,True,,,18.76,,,,0.5616,509.475,,,,,,,58.6,,,,0.939,,,,,,,,,,,,127.5,
2026-09-27T23:05:00+00:00,dc-pdu-rest,6.555,,True,,,18.02,,,,0.5462,510.021,,,,,,,56.3,,,,0.949,,,,,,,,,,,,127.8,
2026-09-27T23:10:00+00:00,dc-pdu-rest,6.317,,True,,,17.65,,,,0.5264,510.548,,,,,,,55.2,,,,0.954,,,,,,,,,,,,125.1,
2026-09-27T23:15:00+00:00,dc-pdu-rest,6.588,,True,,,18.49,,,,0.549,511.097,,,,,,,57.8,,,,0.937,,,,,,,,,,,,126.7,
2026-09-27T23:20:00+00:00,dc-pdu-rest,7.058,,True,,,19.09,,,,0.5881,511.685,,,,,,,59.7,,,,0.96,,,,,,,,,,,,128.3,
2026-09-27T23:25:00+00:00,dc-pdu-rest,6.706,,True,,,18.33,,,,0.5588,512.244,,,,,,,57.3,,,,0.963,,,,,,,,,,,,126.7,
2026-09-27T23:30:00+00:00,dc-pdu-rest,6.798,,True,,,18.69,,,,0.5665,512.81,,,,,,,58.4,,,,0.955,,,,,,,,,,,,126.9,
2026-09-27T23:35:00+00:00,dc-pdu-rest,6.317,,True,,,18.42,,,,0.5265,513.337,,,,,,,57.6,,,,0.928,,,,,,,,,,,,123.2,
2026-09-27T23:40:00+00:00,dc-pdu-rest,6.94,,True,,,19.19,,,,0.5784,513.915,,,,,,,60.0,,,,0.95,,,,,,,,,,,,126.9,
2026-09-27T23:45:00+00:00,dc-pdu-rest,6.364,,True,,,18.07,,,,0.5303,514.445,,,,,,,56.5,,,,0.935,,,,,,,,,,,,125.6,
2026-09-27T23:50:00+00:00,dc-pdu-rest,6.699,,True,,,18.63,,,,0.5582,515.003,,,,,,,58.2,,,,0.939,,,,,,,,,,,,127.7,
2026-09-27T23:55:00+00:00,dc-pdu-rest,7.235,,True,,,19.41,,,,0.6029,515.606,,,,,,,60.7,,,,0.956,,,,,,,,,,,,130.0,
2026-09-28T00:40:00+00:00,dc-pdu-rest,6.076,,True,,,17.01,,,,0.5063,516.113,,,,,,,53.2,,,,0.95,,,,,,,,,,,,125.3,
2026-09-28T00:45:00+00:00,dc-pdu-rest,6.929,,True,,,19.1,,,,0.5774,516.69,,,,,,,59.7,,,,0.941,,,,,,,,,,,,128.5,
2026-09-28T00:50:00+00:00,dc-pdu-rest,6.128,,True,,,16.89,,,,0.5107,517.201,,,,,,,52.8,,,,0.947,,,,,,,,,,,,127.6,
2026-09-28T00:55:00+00:00,dc-pdu-rest,5.691,,True,,,16.34,,,,0.4742,517.675,,,,,,,51.1,,,,0.932,,,,,,,,,,,,124.5,
2026-09-28T01:00:00+00:00,dc-pdu-rest,5.94,,True,,,17.06,,,,0.495,518.17,,,,,,,53.3,,,,0.925,,,,,,,,,,,,125.4,
2026-09-28T01:05:00+00:00,dc-pdu-rest,5.991,,True,,,16.52,,,,0.4992,518.669,,,,,,,51.6,,,,0.957,,,,,,,,,,,,126.4,
2026-09-28T01:10:00+00:00,dc-pdu-rest,6.619,,True,,,18.17,,,,0.5516,519.221,,,,,,,56.8,,,,0.954,,,,,,,,,,,,127.3,
2026-09-28T01:15:00+00:00,dc-pdu-rest,5.682,,True,,,15.69,,,,0.4735,519.694,,,,,,,49.0,,,,0.952,,,,,,,,,,,,126.8,
2026-09-28T01:20:00+00:00,dc-pdu-rest,6.419,,True,,,17.29,,,,0.535,520.229,,,,,,,54.0,,,,0.964,,,,,,,,,,,,128.5,
2026-09-28T01:25:00+00:00,dc-pdu-rest,5.734,,True,,,15.43,,,,0.4778,520.707,,,,,,,48.2,,,,0.968,,,,,,,,,,,,128.0,
2026-09-28T01:30:00+00:00,dc-pdu-rest,6.132,,True,,,16.61,,,,0.511,521.218,,,,,,,51.9,,,,0.961,,,,,,,,,,,,128.0,
2026-09-28T01:35:00+00:00,dc-pdu-rest,6.064,,True,,,16.94,,,,0.5053,521.723,,,,,,,52.9,,,,0.947,,,,,,,,,,,,126.1,
2026-09-28T01:40:00+00:00,dc-pdu-rest,5.477,,True,,,15.32,,,,0.4564,522.18,,,,,,,47.9,,,,0.941,,,,,,,,,,,,126.7,
2026-09-28T01:45:00+00:00,dc-pdu-rest,5.962,,True,,,16.36,,,,0.4968,522.677,,,,,,,51.1,,,,0.945,,,,,,,,,,,,128.5,
2026-09-28T01:50:00+00:00,dc-pdu-rest,6.031,,True,,,16.6,,,,0.5026,523.179,,,,,,,51.9,,,,0.945,,,,,,,,,,,,128.2,
2026-09-28T01:55:00+00:00,dc-pdu-rest,5.537,,True,,,15.1,,,,0.4614,523.641,,,,,,,47.2,,,,0.961,,,,,,,,,,,,127.1,
2026-09-28T02:00:00+00:00,dc-pdu-rest,5.847,,True,,,16.21,,,,0.4872,524.128,,,,,,,50.7,,,,0.957,,,,,,,,,,,,125.6,
2026-09-28T02:05:00+00:00,dc-pdu-rest,5.653,,True,,,15.67,,,,0.4711,524.599,,,,,,,49.0,,,,0.943,,,,,,,,,,,,127.5,
2026-09-28T02:10:00+00:00,dc-pdu-rest,5.445,,True,,,14.87,,,,0.4538,525.053,,,,,,,46.5,,,,0.955,,,,,,,,,,,,127.8,
2026-09-28T02:15:00+00:00,dc-pdu-rest,5.205,,True,,,14.9,,,,0.4338,525.487,,,,,,,46.6,,,,0.935,,,,,,,,,,,,124.5,
2026-09-28T02:20:00+00:00,dc-pdu-rest,5.311,,True,,,15.28,,,,0.4425,525.929,,,,,,,47.7,,,,0.922,,,,,,,,,,,,125.7,
2026-09-28T02:25:00+00:00,dc-pdu-rest,6.273,,True,,,17.18,,,,0.5228,526.452,,,,,,,53.7,,,,0.946,,,,,,,,,,,,128.7,
2026-09-28T02:30:00+00:00,dc-pdu-rest,5.472,,True,,,14.77,,,,0.456,526.908,,,,,,,46.2,,,,0.944,,,,,,,,,,,,130.8,
2026-09-28T02:35:00+00:00,dc-pdu-rest,5.858,,True,,,15.67,,,,0.4882,527.396,,,,,,,49.0,,,,0.976,,,,,,,,,,,,127.7,
2026-09-28T02:40:00+00:00,dc-pdu-rest,5.626,,True,,,15.42,,,,0.4688,527.865,,,,,,,48.2,,,,0.956,,,,,,,,,,,,127.3,
2026-09-28T02:45:00+00:00,dc-pdu-rest,5.26,,True,,,14.63,,,,0.4384,528.303,,,,,,,45.7,,,,0.947,,,,,,,,,,,,126.6,
2026-09-28T02:50:00+00:00,dc-pdu-rest,5.71,,True,,,15.26,,,,0.4758,528.779,,,,,,,47.7,,,,0.964,,,,,,,,,,,,129.5,
2026-09-28T02:55:00+00:00,dc-pdu-rest,5.383,,True,,,15.0,,,,0.4485,529.228,,,,,,,46.9,,,,0.945,,,,,,,,,,,,126.6,
2026-09-28T03:00:00+00:00,dc-pdu-rest,4.841,,True,,,13.59,,,,0.4034,529.631,,,,,,,42.5,,,,0.941,,,,,,,,,,,,126.2,
2026-09-28T03:05:00+00:00,dc-pdu-rest,5.478,,True,,,14.73,,,,0.4565,530.088,,,,,,,46.0,,,,0.969,,,,,,,,,,,,127.9,
2026-09-28T03:10:00+00:00,dc-pdu-rest,5.336,,True,,,14.79,,,,0.4446,530.532,,,,,,,46.2,,,,0.942,,,,,,,,,,,,127.6,
2026-09-28T03:15:00+00:00,dc-pdu-rest,5.733,,True,,,15.71,,,,0.4778,531.01,,,,,,,49.1,,,,0.954,,,,,,,,,,,,127.5,
2026-09-28T03:20:00+00:00,dc-pdu-rest,4.907,,True,,,13.92,,,,0.4089,531.419,,,,,,,43.5,,,,0.94,,,,,,,,,,,,125.0,
2026-09-28T03:25:00+00:00,dc-pdu-rest,5.433,,True,,,14.81,,,,0.4528,531.872,,,,,,,46.3,,,,0.948,,,,,,,,,,,,129.0,
2026-09-28T03:30:00+00:00,dc-pdu-rest,5.424,,True,,,15.14,,,,0.452,532.324,,,,,,,47.3,,,,0.938,,,,,,,,,,,,127.4,
2026-09-28T03:35:00+00:00,dc-pdu-rest,4.971,,True,,,13.85,,,,0.4143,532.738,,,,,,,43.3,,,,0.935,,,,,,,,,,,,128.0,
2026-09-28T03:40:00+00:00,dc-pdu-rest,5.221,,True,,,14.33,,,,0.435,533.173,,,,,,,44.8,,,,0.959,,,,,,,,,,,,126.6,
2026-09-28T03:45:00+00:00,dc-pdu-rest,5.21,,True,,,14.15,,,,0.4342,533.607,,,,,,,44.2,,,,0.954,,,,,,,,,,,,128.7,
2026-09-28T03:50:00+00:00,dc-pdu-rest,5.39,,True,,,14.94,,,,0.4492,534.056,,,,,,,46.7,,,,0.955,,,,,,,,,,,,125.9,
2026-09-28T03:55:00+00:00,dc-pdu-rest,5.058,,True,,,14.04,,,,0.4215,534.478,,,,,,,43.9,,,,0.941,,,,,,,,,,,,127.6,
2026-09-28T04:00:00+00:00,dc-pdu-rest,5.447,,True,,,14.87,,,,0.4539,534.932,,,,,,,46.5,,,,0.97,,,,,,,,,,,,125.9,
2026-09-28T04:05:00+00:00,dc-pdu-rest,5.027,,True,,,14.25,,,,0.4189,535.351,,,,,,,44.5,,,,0.94,,,,,,,,,,,,125.1,
2026-09-28T04:10:00+00:00,dc-pdu-rest,4.852,,True,,,13.36,,,,0.4043,535.755,,,,,,,41.7,,,,0.956,,,,,,,,,,,,126.6,
2026-09-28T04:15:00+00:00,dc-pdu-rest,4.882,,True,,,13.47,,,,0.4068,536.162,,,,,,,42.1,,,,0.965,,,,,,,,,,,,125.2,
2026-09-28T04:20:00+00:00,dc-pdu-rest,5.059,,True,,,13.85,,,,0.4216,536.583,,,,,,,43.3,,,,0.953,,,,,,,,,,,,127.7,
2026-09-28T04:25:00+00:00,dc-pdu-rest,4.946,,True,,,13.47,,,,0.4121,536.995,,,,,,,42.1,,,,0.967,,,,,,,,,,,,126.5,
2026-09-28T04:30:00+00:00,dc-pdu-rest,5.254,,True,,,14.63,,,,0.4379,537.433,,,,,,,45.7,,,,0.936,,,,,,,,,,,,128.0,
2026-09-28T04:35:00+00:00,dc-pdu-rest,4.826,,True,,,13.02,,,,0.4022,537.835,,,,,,,40.7,,,,0.968,,,,,,,,,,,,127.6,
2026-09-28T04:40:00+00:00,dc-pdu-rest,5.369,,True,,,14.16,,,,0.4474,538.283,,,,,,,44.3,,,,0.978,,,,,,,,,,,,129.2,
2026-09-28T04:45:00+00:00,dc-pdu-rest,5.055,,True,,,13.74,,,,0.4212,538.704,,,,,,,43.0,,,,0.954,,,,,,,,,,,,128.5,
2026-09-28T04:50:00+00:00,dc-pdu-rest,4.694,,True,,,13.03,,,,0.3912,539.095,,,,,,,40.7,,,,0.952,,,,,,,,,,,,126.2,
2026-09-28T04:55:00+00:00,dc-pdu-rest,4.628,,True,,,13.05,,,,0.3856,539.481,,,,,,,40.8,,,,0.936,,,,,,,,,,,,126.3,
2026-09-21T05:00:00+00:00,dc-leak-paho,,,,,,,,,,,,heartbeat,46.5,,,False,0,,,,,,,,,,,,,,,,,,
2026-09-21T05:05:00+00:00,dc-leak-paho,,,,,,,,,,,,heartbeat,48.6,,,False,0,,,,,,,,,,,,,,,,,,
2026-09-21T05:10:00+00:00,dc-leak-paho,,,,,,,,,,,,heartbeat,49.0,,,False,0,,,,,,,,,,,,,,,,,,
2026-09-21T05:15:00+00:00,dc-leak-paho,,,,,,,,,,,,heartbeat,48.6,,,False,0,,,,,,,,,,,,,,,,,,
2026-09-21T05:20:00+00:00,dc-leak-paho,,,,,,,,,,,,heartbeat,48.6,,,False,0,,,,,,,,,,,,,,,,,,
2026-09-21T05:25:00+00:00,dc-leak-paho,,,,,,,,,,,,heartbeat,47.9,,,False,0,,,,,,,,,,,,,,,,,,
2026-09-21T05:30:00+00:00,dc-leak-paho,,,,,,,,,,,,heartbeat,48.7,,,False,0,,,,,,,,,,,,,,,,,,
2026-09-21T05:35:00+00:00,dc-leak-paho,,,,,,,,,,,,heartbeat,47.8,,,False,0,,,,,,,,,,,,,,,,,,
2026-09-21T05:40:00+00:00,dc-leak-paho,,,,,,,,,,,,heartbeat,49.7,,,False,0,,,,,,,,,,,,,,,,,,
2026-09-21T05:45:00+00:00,dc-leak-paho,,,,,,,,,,,,heartbeat,46.9,,,False,0,,,,,,,,,,,,,,,,,,
2026-09-21T05:50:00+00:00,dc-leak-paho,,,,,,,,,,,,heartbeat,49.0,,,False,0,,,,,,,,,,,,,,,,,,
2026-09-21T05:55:00+00:00,dc-leak-paho,,,,,,,,,,,,heartbeat,49.4,,,False,0,,,,,,,,,,,,,,,,,,
2026-09-21T06:00:00+00:00,dc-leak-paho,,,,,,,,,,,,heartbeat,48.2,,,False,0,,,,,,,,,,,,,,,,,,
2026-09-21T06:05:00+00:00,dc-leak-paho,,,,,,,,,,,,heartbeat,48.1,,,False,0,,,,,,,,,,,,,,,,,,
2026-09-21T06:10:00+00:00,dc-leak-paho,,,,,,,,,,,,heartbeat,48.9,,,False,0,,,,,,,,,,,,,,,,,,
2026-09-21T06:15:00+00:00,dc-leak-paho,,,,,,,,,,,,heartbeat,48.2,,,False,0,,,,,,,,,,,,,,,,,,
2026-09-21T06:20:00+00:00,dc-leak-paho,,,,,,,,,,,,heartbeat,47.3,,,False,0,,,,,,,,,,,,,,,,,,
2026-09-21T06:25:00+00:00,dc-leak-paho,,,,,,,,,,,,heartbeat,47.1,,,False,0,,,,,,,,,,,,,,,,,,
2026-09-21T06:30:00+00:00,dc-leak-paho,,,,,,,,,,,,heartbeat,48.5,,,False,0,,,,,,,,,,,,,,,,,,
2026-09-21T06:35:00+00:00,dc-leak-paho,,,,,,,,,,,,heartbeat,46.2,,,False,0,,,,,,,,,,,,,,,,,,
2026-09-21T06:40:00+00:00,dc-leak-paho,,,,,,,,,,,,heartbeat,46.6,,,False,0,,,,,,,,,,,,,,,,,,
2026-09-21T06:45:00+00:00,dc-leak-paho,,,,,,,,,,,,heartbeat,47.8,,,False,0,,,,,,,,,,,,,,,,,,
2026-09-21T06:50:00+00:00,dc-leak-paho,,,,,,,,,,,,heartbeat,48.4,,,False,0,,,,,,,,,,,,,,,,,,
2026-09-21T06:55:00+00:00,dc-leak-paho,,,,,,,,,,,,heartbeat,46.5,,,False,0,,,,,,,,,,,,,,,,,,
2026-09-21T07:00:00+00:00,dc-leak-paho,,,,,,,,,,,,heartbeat,47.3,,,False,0,,,,,,,,,,,,,,,,,,
2026-09-21T07:05:00+00:00,dc-leak-paho,,,,,,,,,,,,heartbeat,47.8,,,False,0,,,,,,,,,,,,,,,,,,
2026-09-21T07:10:00+00:00,dc-leak-paho,,,,,,,,,,,,heartbeat,46.2,,,False,0,,,,,,,,,,,,,,,,,,
2026-09-21T07:15:00+00:00,dc-leak-paho,,,,,,,,,,,,heartbeat,48.1,,,False,0,,,,,,,,,,,,,,,,,,
2026-09-21T07:20:00+00:00,dc-leak-paho,,,,,,,,,,,,heartbeat,47.8,,,False,0,,,,,,,,,,,,,,,,,,
2026-09-21T07:25:00+00:00,dc-leak-paho,,,,,,,,,,,,heartbeat,47.2,,,False,0,,,,,,,,,,,,,,,,,,
2026-09-21T07:30:00+00:00,dc-leak-paho,,,,,,,,,,,,heartbeat,48.1,,,False,0,,,,,,,,,,,,,,,,,,
2026-09-21T07:35:00+00:00,dc-leak-paho,,,,,,,,,,,,heartbeat,47.2,,,False,0,,,,,,,,,,,,,,,,,,
2026-09-21T07:40:00+00:00,dc-leak-paho,,,,,,,,,,,,heartbeat,48.7,,,False,0,,,,,,,,,,,,,,,,,,
2026-09-21T07:45:00+00:00,dc-leak-paho,,,,,,,,,,,,heartbeat,47.0,,,False,0,,,,,,,,,,,,,,,,,,
2026-09-21T07:50:00+00:00,dc-leak-paho,,,,,,,,,,,,heartbeat,48.5,,,False,0,,,,,,,,,,,,,,,,,,
2026-09-21T07:55:00+00:00,dc-leak-paho,,,,,,,,,,,,heartbeat,48.2,,,False,0,,,,,,,,,,,,,,,,,,
2026-09-21T08:40:00+00:00,dc-leak-paho,,,,,,,,,,,,heartbeat,48.0,,,False,0,,,,,,,,,,,,,,,,,,
2026-09-21T08:45:00+00:00,dc-leak-paho,,,,,,,,,,,,heartbeat,49.5,,,False,0,,,,,,,,,,,,,,,,,,
2026-09-21T08:50:00+00:00,dc-leak-paho,,,,,,,,,,,,heartbeat,48.9,,,False,0,,,,,,,,,,,,,,,,,,
2026-09-21T08:55:00+00:00,dc-leak-paho,,,,,,,,,,,,heartbeat,49.5,,,False,0,,,,,,,,,,,,,,,,,,
2026-09-21T09:00:00+00:00,dc-leak-paho,,,,,,,,,,,,heartbeat,47.5,,,False,0,,,,,,,,,,,,,,,,,,
2026-09-21T09:05:00+00:00,dc-leak-paho,,,,,,,,,,,,heartbeat,47.6,,,False,0,,,,,,,,,,,,,,,,,,
2026-09-21T09:10:00+00:00,dc-leak-paho,,,,,,,,,,,,heartbeat,49.2,,,False,0,,,,,,,,,,,,,,,,,,
2026-09-21T09:15:00+00:00,dc-leak-paho,,,,,,,,,,,,heartbeat,47.5,,,False,0,,,,,,,,,,,,,,,,,,
2026-09-21T09:20:00+00:00,dc-leak-paho,,,,,,,,,,,,heartbeat,49.1,,,False,0,,,,,,,,,,,,,,,,,,
2026-09-21T09:25:00+00:00,dc-leak-paho,,,,,,,,,,,,heartbeat,48.8,,,False,0,,,,,,,,,,,,,,,,,,
2026-09-21T09:30:00+00:00,dc-leak-paho,,,,,,,,,,,,heartbeat,47.4,,,False,0,,,,,,,,,,,,,,,,,,
2026-09-21T09:35:00+00:00,dc-leak-paho,,,,,,,,,,,,heartbeat,47.3,,,False,0,,,,,,,,,,,,,,,,,,
2026-09-21T09:40:00+00:00,dc-leak-paho,,,,,,,,,,,,heartbeat,48.6,,,False,0,,,,,,,,,,,,,,,,,,
2026-09-21T09:45:00+00:00,dc-leak-paho,,,,,,,,,,,,heartbeat,47.7,,,False,0,,,,,,,,,,,,,,,,,,
2026-09-21T09:50:00+00:00,dc-leak-paho,,,,,,,,,,,,heartbeat,47.6,,,False,0,,,,,,,,,,,,,,,,,,
2026-09-21T09:55:00+00:00,dc-leak-paho,,,,,,,,,,,,heartbeat,47.4,,,False,0,,,,,,,,,,,,,,,,,,
2026-09-21T10:00:00+00:00,dc-leak-paho,,,,,,,,,,,,heartbeat,48.3,,,False,0,,,,,,,,,,,,,,,,,,
2026-09-21T10:05:00+00:00,dc-leak-paho,,,,,,,,,,,,heartbeat,48.8,,,False,0,,,,,,,,,,,,,,,,,,
2026-09-21T10:10:00+00:00,dc-leak-paho,,,,,,,,,,,,heartbeat,48.7,,,False,0,,,,,,,,,,,,,,,,,,
2026-09-21T10:15:00+00:00,dc-leak-paho,,,,,,,,,,,,heartbeat,46.8,,,False,0,,,,,,,,,,,,,,,,,,
2026-09-21T10:20:00+00:00,dc-leak-paho,,,,,,,,,,,,heartbeat,47.6,,,False,0,,,,,,,,,,,,,,,,,,
2026-09-21T10:25:00+00:00,dc-leak-paho,,,,,,,,,,,,heartbeat,48.9,,,False,0,,,,,,,,,,,,,,,,,,
2026-09-21T10:30:00+00:00,dc-leak-paho,,,,,,,,,,,,heartbeat,48.3,,,False,0,,,,,,,,,,,,,,,,,,
2026-09-21T10:35:00+00:00,dc-leak-paho,,,,,,,,,,,,heartbeat,47.6,,,False,0,,,,,,,,,,,,,,,,,,
2026-09-21T10:40:00+00:00,dc-leak-paho,,,,,,,,,,,,heartbeat,48.1,,,False,0,,,,,,,,,,,,,,,,,,
2026-09-21T10:45:00+00:00,dc-leak-paho,,,,,,,,,,,,heartbeat,46.5,,,False,0,,,,,,,,,,,,,,,,,,
2026-09-21T10:50:00+00:00,dc-leak-paho,,,,,,,,,,,,heartbeat,48.2,,,False,0,,,,,,,,,,,,,,,,,,
2026-09-21T10:55:00+00:00,dc-leak-paho,,,,,,,,,,,,heartbeat,49.3,,,False,0,,,,,,,,,,,,,,,,,,
2026-09-21T11:00:00+00:00,dc-leak-paho,,,,,,,,,,,,heartbeat,48.4,,,False,0,,,,,,,,,,,,,,,,,,
2026-09-21T11:05:00+00:00,dc-leak-paho,,,,,,,,,,,,heartbeat,48.2,,,False,0,,,,,,,,,,,,,,,,,,
2026-09-21T11:10:00+00:00,dc-leak-paho,,,,,,,,,,,,heartbeat,49.1,,,False,0,,,,,,,,,,,,,,,,,,
2026-09-21T11:15:00+00:00,dc-leak-paho,,,,,,,,,,,,heartbeat,47.7,,,False,0,,,,,,,,,,,,,,,,,,
2026-09-21T11:20:00+00:00,dc-leak-paho,,,,,,,,,,,,heartbeat,48.5,,,False,0,,,,,,,,,,,,,,,,,,
2026-09-21T11:25:00+00:00,dc-leak-paho,,,,,,,,,,,,heartbeat,48.8,,,False,0,,,,,,,,,,,,,,,,,,
2026-09-21T11:30:00+00:00,dc-leak-paho,,,,,,,,,,,,heartbeat,48.1,,,False,0,,,,,,,,,,,,,,,,,,
2026-09-21T11:35:00+00:00,dc-leak-paho,,,,,,,,,,,,heartbeat,47.6,,,False,0,,,,,,,,,,,,,,,,,,
2026-09-21T11:40:00+00:00,dc-leak-paho,,,,,,,,,,,,heartbeat,48.6,,,False,0,,,,,,,,,,,,,,,,,,
2026-09-21T11:45:00+00:00,dc-leak-paho,,,,,,,,,,,,heartbeat,48.1,,,False,0,,,,,,,,,,,,,,,,,,
2026-09-21T11:50:00+00:00,dc-leak-paho,,,,,,,,,,,,heartbeat,46.9,,,False,0,,,,,,,,,,,,,,,,,,
2026-09-21T11:55:00+00:00,dc-leak-paho,,,,,,,,,,,,heartbeat,47.2,,,False,0,,,,,,,,,,,,,,,,,,
2026-09-21T12:00:00+00:00,dc-leak-paho,,,,,,,,,,,,heartbeat,47.5,,,False,0,,,,,,,,,,,,,,,,,,
2026-09-21T12:05:00+00:00,dc-leak-paho,,,,,,,,,,,,heartbeat,48.3,,,False,0,,,,,,,,,,,,,,,,,,
2026-09-21T12:10:00+00:00,dc-leak-paho,,,,,,,,,,,,heartbeat,48.2,,,False,0,,,,,,,,,,,,,,,,,,
2026-09-21T12:15:00+00:00,dc-leak-paho,,,,,,,,,,,,heartbeat,48.4,,,False,0,,,,,,,,,,,,,,,,,,
2026-09-21T12:20:00+00:00,dc-leak-paho,,,,,,,,,,,,heartbeat,46.2,,,False,0,,,,,,,,,,,,,,,,,,
2026-09-21T12:25:00+00:00,dc-leak-paho,,,,,,,,,,,,heartbeat,47.3,,,False,0,,,,,,,,,,,,,,,,,,
2026-09-21T12:30:00+00:00,dc-leak-paho,,,,,,,,,,,,heartbeat,48.5,,,False,0,,,,,,,,,,,,,,,,,,
2026-09-21T12:35:00+00:00,dc-leak-paho,,,,,,,,,,,,heartbeat,48.1,,,False,0,,,,,,,,,,,,,,,,,,
2026-09-21T12:40:00+00:00,dc-leak-paho,,,,,,,,,,,,heartbeat,49.2,,,False,0,,,,,,,,,,,,,,,,,,
2026-09-21T12:45:00+00:00,dc-leak-paho,,,,,,,,,,,,heartbeat,48.2,,,False,0,,,,,,,,,,,,,,,,,,
2026-09-21T12:50:00+00:00,dc-leak-paho,,,,,,,,,,,,heartbeat,47.7,,,False,0,,,,,,,,,,,,,,,,,,
2026-09-21T12:55:00+00:00,dc-leak-paho,,,,,,,,,,,,heartbeat,46.4,,,False,0,,,,,,,,,,,,,,,,,,
2026-09-21T13:00:00+00:00,dc-leak-paho,,,,,,,,,,,,heartbeat,47.9,,,False,0,,,,,,,,,,,,,,,,,,
2026-09-21T13:05:00+00:00,dc-leak-paho,,,,,,,,,,,,heartbeat,49.2,,,False,0,,,,,,,,,,,,,,,,,,
2026-09-21T13:10:00+00:00,dc-leak-paho,,,,,,,,,,,,heartbeat,48.2,,,False,0,,,,,,,,,,,,,,,,,,
2026-09-21T13:15:00+00:00,dc-leak-paho,,,,,,,,,,,,heartbeat,47.6,,,False,0,,,,,,,,,,,,,,,,,,
2026-09-21T13:20:00+00:00,dc-leak-paho,,,,,,,,,,,,heartbeat,48.5,,,False,0,,,,,,,,,,,,,,,,,,
2026-09-21T13:25:00+00:00,dc-leak-paho,,,,,,,,,,,,heartbeat,48.5,,,False,0,,,,,,,,,,,,,,,,,,
2026-09-21T13:30:00+00:00,dc-leak-paho,,,,,,,,,,,,heartbeat,47.2,,,False,0,,,,,,,,,,,,,,,,,,
2026-09-21T13:35:00+00:00,dc-leak-paho,,,,,,,,,,,,heartbeat,46.9,,,False,0,,,,,,,,,,,,,,,,,,
2026-09-21T13:40:00+00:00,dc-leak-paho,,,,,,,,,,,,heartbeat,48.3,,,False,0,,,,,,,,,,,,,,,,,,
2026-09-21T13:45:00+00:00,dc-leak-paho,,,,,,,,,,,,heartbeat,48.2,,,False,0,,,,,,,,,,,,,,,,,,
2026-09-21T13:50:00+00:00,dc-leak-paho,,,,,,,,,,,,heartbeat,47.6,,,False,0,,,,,,,,,,,,,,,,,,
2026-09-21T13:55:00+00:00,dc-leak-paho,,,,,,,,,,,,heartbeat,48.0,,,False,0,,,,,,,,,,,,,,,,,,
2026-09-21T14:00:00+00:00,dc-leak-paho,,,,,,,,,,,,heartbeat,47.3,,,False,0,,,,,,,,,,,,,,,,,,
2026-09-21T14:05:00+00:00,dc-leak-paho,,,,,,,,,,,,heartbeat,48.1,,,False,0,,,,,,,,,,,,,,,,,,
2026-09-21T14:10:00+00:00,dc-leak-paho,,,,,,,,,,,,heartbeat,47.7,,,False,0,,,,,,,,,,,,,,,,,,
2026-09-21T14:15:00+00:00,dc-leak-paho,,,,,,,,,,,,heartbeat,48.2,,,False,0,,,,,,,,,,,,,,,,,,
2026-09-21T14:20:00+00:00,dc-leak-paho,,,,,,,,,,,,heartbeat,47.4,,,False,0,,,,,,,,,,,,,,,,,,
2026-09-21T14:25:00+00:00,dc-leak-paho,,,,,,,,,,,,heartbeat,49.0,,,False,0,,,,,,,,,,,,,,,,,,
2026-09-21T14:30:00+00:00,dc-leak-paho,,,,,,,,,,,,heartbeat,48.1,,,False,0,,,,,,,,,,,,,,,,,,
2026-09-21T14:35:00+00:00,dc-leak-paho,,,,,,,,,,,,heartbeat,47.4,,,False,0,,,,,,,,,,,,,,,,,,
2026-09-21T14:40:00+00:00,dc-leak-paho,,,,,,,,,,,,heartbeat,48.4,,,False,0,,,,,,,,,,,,,,,,,,
2026-09-21T14:45:00+00:00,dc-leak-paho,,,,,,,,,,,,heartbeat,46.3,,,False,0,,,,,,,,,,,,,,,,,,
2026-09-21T14:50:00+00:00,dc-leak-paho,,,,,,,,,,,,heartbeat,47.5,,,False,0,,,,,,,,,,,,,,,,,,
2026-09-21T14:55:00+00:00,dc-leak-paho,,,,,,,,,,,,heartbeat,48.8,,,False,0,,,,,,,,,,,,,,,,,,
2026-09-21T15:00:00+00:00,dc-leak-paho,,,,,,,,,,,,heartbeat,48.7,,,False,0,,,,,,,,,,,,,,,,,,
2026-09-21T15:05:00+00:00,dc-leak-paho,,,,,,,,,,,,heartbeat,48.8,,,False,0,,,,,,,,,,,,,,,,,,
2026-09-21T15:10:00+00:00,dc-leak-paho,,,,,,,,,,,,heartbeat,48.1,,,False,0,,,,,,,,,,,,,,,,,,
2026-09-21T15:15:00+00:00,dc-leak-paho,,,,,,,,,,,,heartbeat,48.8,,,False,0,,,,,,,,,,,,,,,,,,
2026-09-21T15:20:00+00:00,dc-leak-paho,,,,,,,,,,,,heartbeat,47.7,,,False,0,,,,,,,,,,,,,,,,,,
2026-09-21T15:25:00+00:00,dc-leak-paho,,,,,,,,,,,,heartbeat,48.2,,,False,0,,,,,,,,,,,,,,,,,,
2026-09-21T15:30:00+00:00,dc-leak-paho,,,,,,,,,,,,heartbeat,45.9,,,False,0,,,,,,,,,,,,,,,,,,
2026-09-21T15:35:00+00:00,dc-leak-paho,,,,,,,,,,,,heartbeat,48.8,,,False,0,,,,,,,,,,,,,,,,,,
2026-09-21T15:40:00+00:00,dc-leak-paho,,,,,,,,,,,,heartbeat,47.3,,,False,0,,,,,,,,,,,,,,,,,,
2026-09-21T15:45:00+00:00,dc-leak-paho,,,,,,,,,,,,heartbeat,48.8,,,False,0,,,,,,,,,,,,,,,,,,
2026-09-21T15:50:00+00:00,dc-leak-paho,,,,,,,,,,,,heartbeat,47.1,,,False,0,,,,,,,,,,,,,,,,,,
2026-09-21T15:55:00+00:00,dc-leak-paho,,,,,,,,,,,,heartbeat,48.6,,,False,0,,,,,,,,,,,,,,,,,,
2026-09-21T16:00:00+00:00,dc-leak-paho,,,,,,,,,,,,heartbeat,49.9,,,False,0,,,,,,,,,,,,,,,,,,
2026-09-21T16:05:00+00:00,dc-leak-paho,,,,,,,,,,,,heartbeat,46.5,,,False,0,,,,,,,,,,,,,,,,,,
2026-09-21T16:10:00+00:00,dc-leak-paho,,,,,,,,,,,,heartbeat,48.0,,,False,0,,,,,,,,,,,,,,,,,,
2026-09-21T16:15:00+00:00,dc-leak-paho,,,,,,,,,,,,heartbeat,49.6,,,False,0,,,,,,,,,,,,,,,,,,
2026-09-21T16:20:00+00:00,dc-leak-paho,,,,,,,,,,,,heartbeat,48.1,,,False,0,,,,,,,,,,,,,,,,,,
2026-09-21T16:25:00+00:00,dc-leak-paho,,,,,,,,,,,,heartbeat,47.3,,,False,0,,,,,,,,,,,,,,,,,,
2026-09-21T16:30:00+00:00,dc-leak-paho,,,,,,,,,,,,heartbeat,49.6,,,False,0,,,,,,,,,,,,,,,,,,
2026-09-21T16:35:00+00:00,dc-leak-paho,,,,,,,,,,,,heartbeat,48.2,,,False,0,,,,,,,,,,,,,,,,,,
2026-09-21T16:40:00+00:00,dc-leak-paho,,,,,,,,,,,,heartbeat,47.3,,,False,0,,,,,,,,,,,,,,,,,,
2026-09-21T16:45:00+00:00,dc-leak-paho,,,,,,,,,,,,heartbeat,48.8,,,False,0,,,,,,,,,,,,,,,,,,
2026-09-21T16:50:00+00:00,dc-leak-paho,,,,,,,,,,,,heartbeat,48.2,,,False,0,,,,,,,,,,,,,,,,,,
2026-09-21T16:55:00+00:00,dc-leak-paho,,,,,,,,,,,,heartbeat,47.8,,,False,0,,,,,,,,,,,,,,,,,,
2026-09-21T17:00:00+00:00,dc-leak-paho,,,,,,,,,,,,heartbeat,49.2,,,False,0,,,,,,,,,,,,,,,,,,
2026-09-21T17:05:00+00:00,dc-leak-paho,,,,,,,,,,,,heartbeat,49.3,,,False,0,,,,,,,,,,,,,,,,,,
2026-09-21T17:10:00+00:00,dc-leak-paho,,,,,,,,,,,,heartbeat,48.2,,,False,0,,,,,,,,,,,,,,,,,,
2026-09-21T17:15:00+00:00,dc-leak-paho,,,,,,,,,,,,heartbeat,48.8,,,False,0,,,,,,,,,,,,,,,,,,
2026-09-21T17:20:00+00:00,dc-leak-paho,,,,,,,,,,,,heartbeat,47.2,,,False,0,,,,,,,,,,,,,,,,,,
2026-09-21T17:25:00+00:00,dc-leak-paho,,,,,,,,,,,,heartbeat,47.9,,,False,0,,,,,,,,,,,,,,,,,,
2026-09-21T17:30:00+00:00,dc-leak-paho,,,,,,,,,,,,heartbeat,46.2,,,False,0,,,,,,,,,,,,,,,,,,
2026-09-21T17:35:00+00:00,dc-leak-paho,,,,,,,,,,,,heartbeat,47.6,,,False,0,,,,,,,,,,,,,,,,,,
2026-09-21T17:40:00+00:00,dc-leak-paho,,,,,,,,,,,,heartbeat,49.4,,,False,0,,,,,,,,,,,,,,,,,,
2026-09-21T17:45:00+00:00,dc-leak-paho,,,,,,,,,,,,heartbeat,49.2,,,False,0,,,,,,,,,,,,,,,,,,
2026-09-21T17:50:00+00:00,dc-leak-paho,,,,,,,,,,,,heartbeat,47.6,,,False,0,,,,,,,,,,,,,,,,,,
2026-09-21T17:55:00+00:00,dc-leak-paho,,,,,,,,,,,,heartbeat,48.8,,,False,0,,,,,,,,,,,,,,,,,,
2026-09-21T18:00:00+00:00,dc-leak-paho,,,,,,,,,,,,heartbeat,47.7,,,False,0,,,,,,,,,,,,,,,,,,
2026-09-21T18:05:00+00:00,dc-leak-paho,,,,,,,,,,,,heartbeat,48.7,,,False,0,,,,,,,,,,,,,,,,,,
2026-09-21T18:10:00+00:00,dc-leak-paho,,,,,,,,,,,,heartbeat,48.2,,,False,0,,,,,,,,,,,,,,,,,,
2026-09-21T18:15:00+00:00,dc-leak-paho,,,,,,,,,,,,heartbeat,47.9,,,False,0,,,,,,,,,,,,,,,,,,
2026-09-21T18:20:00+00:00,dc-leak-paho,,,,,,,,,,,,heartbeat,47.3,,,False,0,,,,,,,,,,,,,,,,,,
2026-09-21T18:25:00+00:00,dc-leak-paho,,,,,,,,,,,,heartbeat,48.2,,,False,0,,,,,,,,,,,,,,,,,,
2026-09-21T18:30:00+00:00,dc-leak-paho,,,,,,,,,,,,heartbeat,47.7,,,False,0,,,,,,,,,,,,,,,,,,
2026-09-21T18:35:00+00:00,dc-leak-paho,,,,,,,,,,,,heartbeat,49.0,,,False,0,,,,,,,,,,,,,,,,,,
2026-09-21T18:40:00+00:00,dc-leak-paho,,,,,,,,,,,,heartbeat,47.5,,,False,0,,,,,,,,,,,,,,,,,,
2026-09-21T18:45:00+00:00,dc-leak-paho,,,,,,,,,,,,heartbeat,48.4,,,False,0,,,,,,,,,,,,,,,,,,
2026-09-21T18:50:00+00:00,dc-leak-paho,,,,,,,,,,,,heartbeat,49.0,,,False,0,,,,,,,,,,,,,,,,,,
2026-09-21T18:55:00+00:00,dc-leak-paho,,,,,,,,,,,,heartbeat,49.1,,,False,0,,,,,,,,,,,,,,,,,,
2026-09-21T19:00:00+00:00,dc-leak-paho,,,,,,,,,,,,heartbeat,48.4,,,False,0,,,,,,,,,,,,,,,,,,
2026-09-21T19:05:00+00:00,dc-leak-paho,,,,,,,,,,,,heartbeat,48.4,,,False,0,,,,,,,,,,,,,,,,,,
2026-09-21T19:10:00+00:00,dc-leak-paho,,,,,,,,,,,,heartbeat,48.4,,,False,0,,,,,,,,,,,,,,,,,,
2026-09-21T19:15:00+00:00,dc-leak-paho,,,,,,,,,,,,heartbeat,47.6,,,False,0,,,,,,,,,,,,,,,,,,
2026-09-21T19:20:00+00:00,dc-leak-paho,,,,,,,,,,,,heartbeat,47.9,,,False,0,,,,,,,,,,,,,,,,,,
2026-09-21T19:25:00+00:00,dc-leak-paho,,,,,,,,,,,,heartbeat,47.6,,,False,0,,,,,,,,,,,,,,,,,,
2026-09-21T19:30:00+00:00,dc-leak-paho,,,,,,,,,,,,heartbeat,48.5,,,False,0,,,,,,,,,,,,,,,,,,
2026-09-21T19:35:00+00:00,dc-leak-paho,,,,,,,,,,,,heartbeat,48.9,,,False,0,,,,,,,,,,,,,,,,,,
2026-09-21T19:40:00+00:00,dc-leak-paho,,,,,,,,,,,,heartbeat,49.8,,,False,0,,,,,,,,,,,,,,,,,,
2026-09-21T19:45:00+00:00,dc-leak-paho,,,,,,,,,,,,heartbeat,48.9,,,False,0,,,,,,,,,,,,,,,,,,
2026-09-21T19:50:00+00:00,dc-leak-paho,,,,,,,,,,,,heartbeat,48.3,,,False,0,,,,,,,,,,,,,,,,,,
2026-09-21T19:55:00+00:00,dc-leak-paho,,,,,,,,,,,,heartbeat,49.7,,,False,0,,,,,,,,,,,,,,,,,,
2026-09-21T20:00:00+00:00,dc-leak-paho,,,,,,,,,,,,heartbeat,47.9,,,False,0,,,,,,,,,,,,,,,,,,
2026-09-21T20:05:00+00:00,dc-leak-paho,,,,,,,,,,,,heartbeat,48.3,,,False,0,,,,,,,,,,,,,,,,,,
2026-09-21T20:10:00+00:00,dc-leak-paho,,,,,,,,,,,,heartbeat,48.7,,,False,0,,,,,,,,,,,,,,,,,,
2026-09-21T20:15:00+00:00,dc-leak-paho,,,,,,,,,,,,heartbeat,47.6,,,False,0,,,,,,,,,,,,,,,,,,
2026-09-21T20:20:00+00:00,dc-leak-paho,,,,,,,,,,,,heartbeat,46.7,,,False,0,,,,,,,,,,,,,,,,,,
2026-09-21T20:25:00+00:00,dc-leak-paho,,,,,,,,,,,,heartbeat,47.0,,,False,0,,,,,,,,,,,,,,,,,,
2026-09-21T20:30:00+00:00,dc-leak-paho,,,,,,,,,,,,heartbeat,49.2,,,False,0,,,,,,,,,,,,,,,,,,
2026-09-21T20:35:00+00:00,dc-leak-paho,,,,,,,,,,,,heartbeat,47.6,,,False,0,,,,,,,,,,,,,,,,,,
2026-09-21T20:40:00+00:00,dc-leak-paho,,,,,,,,,,,,heartbeat,47.5,,,False,0,,,,,,,,,,,,,,,,,,
2026-09-21T20:45:00+00:00,dc-leak-paho,,,,,,,,,,,,heartbeat,47.2,,,False,0,,,,,,,,,,,,,,,,,,
2026-09-21T20:50:00+00:00,dc-leak-paho,,,,,,,,,,,,heartbeat,48.3,,,False,0,,,,,,,,,,,,,,,,,,
2026-09-21T20:55:00+00:00,dc-leak-paho,,,,,,,,,,,,heartbeat,47.1,,,False,0,,,,,,,,,,,,,,,,,,
2026-09-21T21:00:00+00:00,dc-leak-paho,,,,,,,,,,,,heartbeat,49.3,,,False,0,,,,,,,,,,,,,,,,,,
2026-09-21T21:05:00+00:00,dc-leak-paho,,,,,,,,,,,,heartbeat,49.5,,,False,0,,,,,,,,,,,,,,,,,,
2026-09-21T21:10:00+00:00,dc-leak-paho,,,,,,,,,,,,heartbeat,48.6,,,False,0,,,,,,,,,,,,,,,,,,
2026-09-21T21:15:00+00:00,dc-leak-paho,,,,,,,,,,,,heartbeat,48.6,,,False,0,,,,,,,,,,,,,,,,,,
2026-09-21T21:20:00+00:00,dc-leak-paho,,,,,,,,,,,,heartbeat,47.4,,,False,0,,,,,,,,,,,,,,,,,,
2026-09-21T21:25:00+00:00,dc-leak-paho,,,,,,,,,,,,heartbeat,47.5,,,False,0,,,,,,,,,,,,,,,,,,
2026-09-21T21:30:00+00:00,dc-leak-paho,,,,,,,,,,,,heartbeat,48.6,,,False,0,,,,,,,,,,,,,,,,,,
2026-09-21T21:35:00+00:00,dc-leak-paho,,,,,,,,,,,,heartbeat,47.1,,,False,0,,,,,,,,,,,,,,,,,,
2026-09-21T21:40:00+00:00,dc-leak-paho,,,,,,,,,,,,heartbeat,48.7,,,False,0,,,,,,,,,,,,,,,,,,
2026-09-21T21:45:00+00:00,dc-leak-paho,,,,,,,,,,,,heartbeat,49.2,,,False,0,,,,,,,,,,,,,,,,,,
2026-09-21T21:50:00+00:00,dc-leak-paho,,,,,,,,,,,,heartbeat,48.5,,,False,0,,,,,,,,,,,,,,,,,,
2026-09-21T21:55:00+00:00,dc-leak-paho,,,,,,,,,,,,heartbeat,47.3,,,False,0,,,,,,,,,,,,,,,,,,
2026-09-21T22:00:00+00:00,dc-leak-paho,,,,,,,,,,,,heartbeat,47.1,,,False,0,,,,,,,,,,,,,,,,,,
2026-09-21T22:05:00+00:00,dc-leak-paho,,,,,,,,,,,,heartbeat,48.2,,,False,0,,,,,,,,,,,,,,,,,,
2026-09-21T22:10:00+00:00,dc-leak-paho,,,,,,,,,,,,heartbeat,47.0,,,False,0,,,,,,,,,,,,,,,,,,
2026-09-21T22:15:00+00:00,dc-leak-paho,,,,,,,,,,,,heartbeat,47.5,,,False,0,,,,,,,,,,,,,,,,,,
2026-09-21T22:20:00+00:00,dc-leak-paho,,,,,,,,,,,,heartbeat,46.7,,,False,0,,,,,,,,,,,,,,,,,,
2026-09-21T22:25:00+00:00,dc-leak-paho,,,,,,,,,,,,heartbeat,48.8,,,False,0,,,,,,,,,,,,,,,,,,
2026-09-21T22:30:00+00:00,dc-leak-paho,,,,,,,,,,,,heartbeat,48.7,,,False,0,,,,,,,,,,,,,,,,,,
2026-09-21T22:35:00+00:00,dc-leak-paho,,,,,,,,,,,,heartbeat,46.9,,,False,0,,,,,,,,,,,,,,,,,,
2026-09-21T22:40:00+00:00,dc-leak-paho,,,,,,,,,,,,heartbeat,48.1,,,False,0,,,,,,,,,,,,,,,,,,
2026-09-21T22:45:00+00:00,dc-leak-paho,,,,,,,,,,,,heartbeat,48.9,,,False,0,,,,,,,,,,,,,,,,,,
2026-09-21T22:50:00+00:00,dc-leak-paho,,,,,,,,,,,,heartbeat,48.3,,,False,0,,,,,,,,,,,,,,,,,,
2026-09-21T22:55:00+00:00,dc-leak-paho,,,,,,,,,,,,heartbeat,48.4,,,False,0,,,,,,,,,,,,,,,,,,
2026-09-21T23:00:00+00:00,dc-leak-paho,,,,,,,,,,,,heartbeat,46.9,,,False,0,,,,,,,,,,,,,,,,,,
2026-09-21T23:05:00+00:00,dc-leak-paho,,,,,,,,,,,,heartbeat,48.0,,,False,0,,,,,,,,,,,,,,,,,,
2026-09-21T23:10:00+00:00,dc-leak-paho,,,,,,,,,,,,heartbeat,47.4,,,False,0,,,,,,,,,,,,,,,,,,
2026-09-21T23:15:00+00:00,dc-leak-paho,,,,,,,,,,,,heartbeat,48.1,,,False,0,,,,,,,,,,,,,,,,,,
2026-09-21T23:20:00+00:00,dc-leak-paho,,,,,,,,,,,,heartbeat,47.9,,,False,0,,,,,,,,,,,,,,,,,,
2026-09-21T23:25:00+00:00,dc-leak-paho,,,,,,,,,,,,heartbeat,48.1,,,False,0,,,,,,,,,,,,,,,,,,
2026-09-21T23:30:00+00:00,dc-leak-paho,,,,,,,,,,,,heartbeat,48.7,,,False,0,,,,,,,,,,,,,,,,,,
2026-09-21T23:35:00+00:00,dc-leak-paho,,,,,,,,,,,,heartbeat,48.2,,,False,0,,,,,,,,,,,,,,,,,,
2026-09-21T23:40:00+00:00,dc-leak-paho,,,,,,,,,,,,heartbeat,48.1,,,False,0,,,,,,,,,,,,,,,,,,
2026-09-21T23:45:00+00:00,dc-leak-paho,,,,,,,,,,,,heartbeat,49.0,,,False,0,,,,,,,,,,,,,,,,,,
2026-09-21T23:50:00+00:00,dc-leak-paho,,,,,,,,,,,,heartbeat,46.7,,,False,0,,,,,,,,,,,,,,,,,,
2026-09-21T23:55:00+00:00,dc-leak-paho,,,,,,,,,,,,heartbeat,47.7,,,False,0,,,,,,,,,,,,,,,,,,
2026-09-22T00:00:00+00:00,dc-leak-paho,,,,,,,,,,,,heartbeat,48.1,,,False,0,,,,,,,,,,,,,,,,,,
2026-09-22T00:05:00+00:00,dc-leak-paho,,,,,,,,,,,,heartbeat,48.7,,,False,0,,,,,,,,,,,,,,,,,,
2026-09-22T00:10:00+00:00,dc-leak-paho,,,,,,,,,,,,heartbeat,49.4,,,False,0,,,,,,,,,,,,,,,,,,
2026-09-22T00:15:00+00:00,dc-leak-paho,,,,,,,,,,,,heartbeat,48.4,,,False,0,,,,,,,,,,,,,,,,,,
2026-09-22T00:20:00+00:00,dc-leak-paho,,,,,,,,,,,,heartbeat,46.8,,,False,0,,,,,,,,,,,,,,,,,,
2026-09-22T00:25:00+00:00,dc-leak-paho,,,,,,,,,,,,heartbeat,47.0,,,False,0,,,,,,,,,,,,,,,,,,
2026-09-22T00:30:00+00:00,dc-leak-paho,,,,,,,,,,,,heartbeat,46.1,,,False,0,,,,,,,,,,,,,,,,,,
2026-09-22T00:35:00+00:00,dc-leak-paho,,,,,,,,,,,,heartbeat,48.8,,,False,0,,,,,,,,,,,,,,,,,,
2026-09-22T00:40:00+00:00,dc-leak-paho,,,,,,,,,,,,heartbeat,46.3,,,False,0,,,,,,,,,,,,,,,,,,
2026-09-22T00:45:00+00:00,dc-leak-paho,,,,,,,,,,,,heartbeat,49.0,,,False,0,,,,,,,,,,,,,,,,,,
2026-09-22T00:50:00+00:00,dc-leak-paho,,,,,,,,,,,,heartbeat,47.7,,,False,0,,,,,,,,,,,,,,,,,,
2026-09-22T00:55:00+00:00,dc-leak-paho,,,,,,,,,,,,heartbeat,49.3,,,False,0,,,,,,,,,,,,,,,,,,
2026-09-22T01:00:00+00:00,dc-leak-paho,,,,,,,,,,,,heartbeat,47.0,,,False,0,,,,,,,,,,,,,,,,,,
2026-09-22T01:05:00+00:00,dc-leak-paho,,,,,,,,,,,,heartbeat,47.7,,,False,0,,,,,,,,,,,,,,,,,,
2026-09-22T01:10:00+00:00,dc-leak-paho,,,,,,,,,,,,heartbeat,48.4,,,False,0,,,,,,,,,,,,,,,,,,
2026-09-22T01:15:00+00:00,dc-leak-paho,,,,,,,,,,,,heartbeat,46.9,,,False,0,,,,,,,,,,,,,,,,,,
2026-09-22T01:20:00+00:00,dc-leak-paho,,,,,,,,,,,,heartbeat,48.2,,,False,0,,,,,,,,,,,,,,,,,,
2026-09-22T01:25:00+00:00,dc-leak-paho,,,,,,,,,,,,heartbeat,49.2,,,False,0,,,,,,,,,,,,,,,,,,
2026-09-22T01:30:00+00:00,dc-leak-paho,,,,,,,,,,,,heartbeat,49.3,,,False,0,,,,,,,,,,,,,,,,,,
2026-09-22T01:35:00+00:00,dc-leak-paho,,,,,,,,,,,,heartbeat,48.2,,,False,0,,,,,,,,,,,,,,,,,,
2026-09-22T01:40:00+00:00,dc-leak-paho,,,,,,,,,,,,heartbeat,47.5,,,False,0,,,,,,,,,,,,,,,,,,
2026-09-22T01:45:00+00:00,dc-leak-paho,,,,,,,,,,,,heartbeat,47.6,,,False,0,,,,,,,,,,,,,,,,,,
2026-09-22T01:50:00+00:00,dc-leak-paho,,,,,,,,,,,,heartbeat,48.5,,,False,0,,,,,,,,,,,,,,,,,,
2026-09-22T01:55:00+00:00,dc-leak-paho,,,,,,,,,,,,heartbeat,46.7,,,False,0,,,,,,,,,,,,,,,,,,
2026-09-22T02:00:00+00:00,dc-leak-paho,,,,,,,,,,,,heartbeat,47.3,,,False,0,,,,,,,,,,,,,,,,,,
2026-09-22T02:05:00+00:00,dc-leak-paho,,,,,,,,,,,,heartbeat,47.2,,,False,0,,,,,,,,,,,,,,,,,,
2026-09-22T02:10:00+00:00,dc-leak-paho,,,,,,,,,,,,heartbeat,48.2,,,False,0,,,,,,,,,,,,,,,,,,
2026-09-22T02:15:00+00:00,dc-leak-paho,,,,,,,,,,,,heartbeat,47.9,,,False,0,,,,,,,,,,,,,,,,,,
2026-09-22T02:20:00+00:00,dc-leak-paho,,,,,,,,,,,,heartbeat,48.9,,,False,0,,,,,,,,,,,,,,,,,,
2026-09-22T02:25:00+00:00,dc-leak-paho,,,,,,,,,,,,heartbeat,47.5,,,False,0,,,,,,,,,,,,,,,,,,
2026-09-22T02:30:00+00:00,dc-leak-paho,,,,,,,,,,,,heartbeat,50.3,,,False,0,,,,,,,,,,,,,,,,,,
2026-09-22T02:35:00+00:00,dc-leak-paho,,,,,,,,,,,,heartbeat,47.8,,,False,0,,,,,,,,,,,,,,,,,,
2026-09-22T02:40:00+00:00,dc-leak-paho,,,,,,,,,,,,heartbeat,48.0,,,False,0,,,,,,,,,,,,,,,,,,
2026-09-22T02:45:00+00:00,dc-leak-paho,,,,,,,,,,,,heartbeat,48.3,,,False,0,,,,,,,,,,,,,,,,,,
2026-09-22T02:50:00+00:00,dc-leak-paho,,,,,,,,,,,,heartbeat,46.6,,,False,0,,,,,,,,,,,,,,,,,,
2026-09-22T02:55:00+00:00,dc-leak-paho,,,,,,,,,,,,heartbeat,48.2,,,False,0,,,,,,,,,,,,,,,,,,
2026-09-22T03:00:00+00:00,dc-leak-paho,,,,,,,,,,,,heartbeat,49.1,,,False,0,,,,,,,,,,,,,,,,,,
2026-09-22T03:05:00+00:00,dc-leak-paho,,,,,,,,,,,,heartbeat,48.6,,,False,0,,,,,,,,,,,,,,,,,,
2026-09-22T03:10:00+00:00,dc-leak-paho,,,,,,,,,,,,heartbeat,47.2,,,False,0,,,,,,,,,,,,,,,,,,
2026-09-22T03:15:00+00:00,dc-leak-paho,,,,,,,,,,,,heartbeat,48.4,,,False,0,,,,,,,,,,,,,,,,,,
2026-09-22T03:20:00+00:00,dc-leak-paho,,,,,,,,,,,,heartbeat,48.3,,,False,0,,,,,,,,,,,,,,,,,,
2026-09-22T03:25:00+00:00,dc-leak-paho,,,,,,,,,,,,heartbeat,47.7,,,False,0,,,,,,,,,,,,,,,,,,
2026-09-22T03:30:00+00:00,dc-leak-paho,,,,,,,,,,,,heartbeat,48.3,,,False,0,,,,,,,,,,,,,,,,,,
2026-09-22T03:35:00+00:00,dc-leak-paho,,,,,,,,,,,,heartbeat,50.4,,,False,0,,,,,,,,,,,,,,,,,,
2026-09-22T03:40:00+00:00,dc-leak-paho,,,,,,,,,,,,heartbeat,49.2,,,False,0,,,,,,,,,,,,,,,,,,
2026-09-22T03:45:00+00:00,dc-leak-paho,,,,,,,,,,,,heartbeat,47.4,,,False,0,,,,,,,,,,,,,,,,,,
2026-09-22T03:50:00+00:00,dc-leak-paho,,,,,,,,,,,,heartbeat,49.1,,,False,0,,,,,,,,,,,,,,,,,,
2026-09-22T03:55:00+00:00,dc-leak-paho,,,,,,,,,,,,heartbeat,48.0,,,False,0,,,,,,,,,,,,,,,,,,
2026-09-22T04:00:00+00:00,dc-leak-paho,,,,,,,,,,,,heartbeat,46.3,,,False,0,,,,,,,,,,,,,,,,,,
2026-09-22T04:05:00+00:00,dc-leak-paho,,,,,,,,,,,,heartbeat,46.4,,,False,0,,,,,,,,,,,,,,,,,,
2026-09-22T04:10:00+00:00,dc-leak-paho,,,,,,,,,,,,heartbeat,47.8,,,False,0,,,,,,,,,,,,,,,,,,
2026-09-22T04:15:00+00:00,dc-leak-paho,,,,,,,,,,,,heartbeat,47.1,,,False,0,,,,,,,,,,,,,,,,,,
2026-09-22T04:20:00+00:00,dc-leak-paho,,,,,,,,,,,,heartbeat,47.2,,,False,0,,,,,,,,,,,,,,,,,,
2026-09-22T04:25:00+00:00,dc-leak-paho,,,,,,,,,,,,heartbeat,47.8,,,False,0,,,,,,,,,,,,,,,,,,
2026-09-22T04:30:00+00:00,dc-leak-paho,,,,,,,,,,,,heartbeat,47.8,,,False,0,,,,,,,,,,,,,,,,,,
2026-09-22T04:35:00+00:00,dc-leak-paho,,,,,,,,,,,,heartbeat,48.8,,,False,0,,,,,,,,,,,,,,,,,,
2026-09-22T04:40:00+00:00,dc-leak-paho,,,,,,,,,,,,heartbeat,48.9,,,False,0,,,,,,,,,,,,,,,,,,
2026-09-22T04:45:00+00:00,dc-leak-paho,,,,,,,,,,,,heartbeat,48.3,,,False,0,,,,,,,,,,,,,,,,,,
2026-09-22T04:50:00+00:00,dc-leak-paho,,,,,,,,,,,,heartbeat,47.5,,,False,0,,,,,,,,,,,,,,,,,,
2026-09-22T04:55:00+00:00,dc-leak-paho,,,,,,,,,,,,heartbeat,49.5,,,False,0,,,,,,,,,,,,,,,,,,
2026-09-23T05:00:00+00:00,dc-leak-paho,,,,,,,,,,,,heartbeat,47.7,,,False,0,,,,,,,,,,,,,,,,,,
2026-09-23T05:05:00+00:00,dc-leak-paho,,,,,,,,,,,,heartbeat,48.7,,,False,0,,,,,,,,,,,,,,,,,,
2026-09-23T05:10:00+00:00,dc-leak-paho,,,,,,,,,,,,heartbeat,48.7,,,False,0,,,,,,,,,,,,,,,,,,
2026-09-23T05:15:00+00:00,dc-leak-paho,,,,,,,,,,,,heartbeat,47.6,,,False,0,,,,,,,,,,,,,,,,,,
2026-09-23T05:20:00+00:00,dc-leak-paho,,,,,,,,,,,,heartbeat,48.7,,,False,0,,,,,,,,,,,,,,,,,,
2026-09-23T05:25:00+00:00,dc-leak-paho,,,,,,,,,,,,heartbeat,47.9,,,False,0,,,,,,,,,,,,,,,,,,
2026-09-23T05:30:00+00:00,dc-leak-paho,,,,,,,,,,,,heartbeat,47.8,,,False,0,,,,,,,,,,,,,,,,,,
2026-09-23T05:35:00+00:00,dc-leak-paho,,,,,,,,,,,,heartbeat,48.4,,,False,0,,,,,,,,,,,,,,,,,,
2026-09-23T05:40:00+00:00,dc-leak-paho,,,,,,,,,,,,heartbeat,47.5,,,False,0,,,,,,,,,,,,,,,,,,
2026-09-23T05:45:00+00:00,dc-leak-paho,,,,,,,,,,,,heartbeat,47.3,,,False,0,,,,,,,,,,,,,,,,,,
2026-09-23T05:50:00+00:00,dc-leak-paho,,,,,,,,,,,,heartbeat,49.2,,,False,0,,,,,,,,,,,,,,,,,,
2026-09-23T05:55:00+00:00,dc-leak-paho,,,,,,,,,,,,heartbeat,46.9,,,False,0,,,,,,,,,,,,,,,,,,
2026-09-23T06:00:00+00:00,dc-leak-paho,,,,,,,,,,,,heartbeat,49.2,,,False,0,,,,,,,,,,,,,,,,,,
2026-09-23T06:05:00+00:00,dc-leak-paho,,,,,,,,,,,,heartbeat,47.4,,,False,0,,,,,,,,,,,,,,,,,,
2026-09-23T06:10:00+00:00,dc-leak-paho,,,,,,,,,,,,heartbeat,49.1,,,False,0,,,,,,,,,,,,,,,,,,
2026-09-23T06:15:00+00:00,dc-leak-paho,,,,,,,,,,,,heartbeat,48.1,,,False,0,,,,,,,,,,,,,,,,,,
2026-09-23T06:20:00+00:00,dc-leak-paho,,,,,,,,,,,,heartbeat,47.9,,,False,0,,,,,,,,,,,,,,,,,,
2026-09-23T06:25:00+00:00,dc-leak-paho,,,,,,,,,,,,heartbeat,48.6,,,False,0,,,,,,,,,,,,,,,,,,
2026-09-23T06:30:00+00:00,dc-leak-paho,,,,,,,,,,,,heartbeat,48.4,,,False,0,,,,,,,,,,,,,,,,,,
2026-09-23T06:35:00+00:00,dc-leak-paho,,,,,,,,,,,,heartbeat,47.6,,,False,0,,,,,,,,,,,,,,,,,,
2026-09-23T06:40:00+00:00,dc-leak-paho,,,,,,,,,,,,heartbeat,47.9,,,False,0,,,,,,,,,,,,,,,,,,
2026-09-23T06:45:00+00:00,dc-leak-paho,,,,,,,,,,,,heartbeat,48.6,,,False,0,,,,,,,,,,,,,,,,,,
2026-09-23T06:50:00+00:00,dc-leak-paho,,,,,,,,,,,,heartbeat,47.5,,,False,0,,,,,,,,,,,,,,,,,,
2026-09-23T06:55:00+00:00,dc-leak-paho,,,,,,,,,,,,heartbeat,49.2,,,False,0,,,,,,,,,,,,,,,,,,
2026-09-23T07:00:00+00:00,dc-leak-paho,,,,,,,,,,,,heartbeat,45.9,,,False,0,,,,,,,,,,,,,,,,,,
2026-09-23T07:05:00+00:00,dc-leak-paho,,,,,,,,,,,,heartbeat,47.5,,,False,0,,,,,,,,,,,,,,,,,,
2026-09-23T07:10:00+00:00,dc-leak-paho,,,,,,,,,,,,heartbeat,48.5,,,False,0,,,,,,,,,,,,,,,,,,
2026-09-23T07:15:00+00:00,dc-leak-paho,,,,,,,,,,,,heartbeat,47.9,,,False,0,,,,,,,,,,,,,,,,,,
2026-09-23T07:20:00+00:00,dc-leak-paho,,,,,,,,,,,,heartbeat,47.8,,,False,0,,,,,,,,,,,,,,,,,,
2026-09-23T07:25:00+00:00,dc-leak-paho,,,,,,,,,,,,heartbeat,48.7,,,False,0,,,,,,,,,,,,,,,,,,
2026-09-23T07:30:00+00:00,dc-leak-paho,,,,,,,,,,,,heartbeat,47.6,,,False,0,,,,,,,,,,,,,,,,,,
2026-09-23T07:35:00+00:00,dc-leak-paho,,,,,,,,,,,,heartbeat,48.1,,,False,0,,,,,,,,,,,,,,,,,,
2026-09-23T07:40:00+00:00,dc-leak-paho,,,,,,,,,,,,heartbeat,47.1,,,False,0,,,,,,,,,,,,,,,,,,
2026-09-23T07:45:00+00:00,dc-leak-paho,,,,,,,,,,,,heartbeat,48.7,,,False,0,,,,,,,,,,,,,,,,,,
2026-09-23T07:50:00+00:00,dc-leak-paho,,,,,,,,,,,,heartbeat,47.8,,,False,0,,,,,,,,,,,,,,,,,,
2026-09-23T07:55:00+00:00,dc-leak-paho,,,,,,,,,,,,heartbeat,47.5,,,False,0,,,,,,,,,,,,,,,,,,
2026-09-23T08:00:00+00:00,dc-leak-paho,,,,,,,,,,,,heartbeat,48.8,,,False,0,,,,,,,,,,,,,,,,,,
2026-09-23T08:05:00+00:00,dc-leak-paho,,,,,,,,,,,,heartbeat,47.3,,,False,0,,,,,,,,,,,,,,,,,,
2026-09-23T08:10:00+00:00,dc-leak-paho,,,,,,,,,,,,heartbeat,48.1,,,False,0,,,,,,,,,,,,,,,,,,
2026-09-23T08:15:00+00:00,dc-leak-paho,,,,,,,,,,,,heartbeat,48.6,,,False,0,,,,,,,,,,,,,,,,,,
2026-09-23T08:20:00+00:00,dc-leak-paho,,,,,,,,,,,,heartbeat,47.7,,,False,0,,,,,,,,,,,,,,,,,,
2026-09-23T08:25:00+00:00,dc-leak-paho,,,,,,,,,,,,heartbeat,47.4,,,False,0,,,,,,,,,,,,,,,,,,
2026-09-23T08:30:00+00:00,dc-leak-paho,,,,,,,,,,,,heartbeat,48.9,,,False,0,,,,,,,,,,,,,,,,,,
2026-09-23T08:35:00+00:00,dc-leak-paho,,,,,,,,,,,,heartbeat,47.7,,,False,0,,,,,,,,,,,,,,,,,,
2026-09-23T08:40:00+00:00,dc-leak-paho,,,,,,,,,,,,heartbeat,48.6,,,False,0,,,,,,,,,,,,,,,,,,
2026-09-23T08:45:00+00:00,dc-leak-paho,,,,,,,,,,,,heartbeat,46.9,,,False,0,,,,,,,,,,,,,,,,,,
2026-09-23T08:50:00+00:00,dc-leak-paho,,,,,,,,,,,,heartbeat,49.0,,,False,0,,,,,,,,,,,,,,,,,,
2026-09-23T08:55:00+00:00,dc-leak-paho,,,,,,,,,,,,heartbeat,47.6,,,False,0,,,,,,,,,,,,,,,,,,
2026-09-23T09:00:00+00:00,dc-leak-paho,,,,,,,,,,,,heartbeat,46.6,,,False,0,,,,,,,,,,,,,,,,,,
2026-09-23T09:05:00+00:00,dc-leak-paho,,,,,,,,,,,,heartbeat,48.9,,,False,0,,,,,,,,,,,,,,,,,,
2026-09-23T09:10:00+00:00,dc-leak-paho,,,,,,,,,,,,heartbeat,50.1,,,False,0,,,,,,,,,,,,,,,,,,
2026-09-23T09:15:00+00:00,dc-leak-paho,,,,,,,,,,,,heartbeat,48.4,,,False,0,,,,,,,,,,,,,,,,,,
2026-09-23T09:20:00+00:00,dc-leak-paho,,,,,,,,,,,,heartbeat,49.5,,,False,0,,,,,,,,,,,,,,,,,,
2026-09-23T09:25:00+00:00,dc-leak-paho,,,,,,,,,,,,heartbeat,46.9,,,False,0,,,,,,,,,,,,,,,,,,
2026-09-23T09:30:00+00:00,dc-leak-paho,,,,,,,,,,,,heartbeat,48.2,,,False,0,,,,,,,,,,,,,,,,,,
2026-09-23T09:35:00+00:00,dc-leak-paho,,,,,,,,,,,,heartbeat,48.2,,,False,0,,,,,,,,,,,,,,,,,,
2026-09-23T09:40:00+00:00,dc-leak-paho,,,,,,,,,,,,heartbeat,48.8,,,False,0,,,,,,,,,,,,,,,,,,
2026-09-23T09:45:00+00:00,dc-leak-paho,,,,,,,,,,,,heartbeat,48.0,,,False,0,,,,,,,,,,,,,,,,,,
2026-09-23T09:50:00+00:00,dc-leak-paho,,,,,,,,,,,,heartbeat,47.4,,,False,0,,,,,,,,,,,,,,,,,,
2026-09-23T09:55:00+00:00,dc-leak-paho,,,,,,,,,,,,heartbeat,46.7,,,False,0,,,,,,,,,,,,,,,,,,
2026-09-23T10:00:00+00:00,dc-leak-paho,,,,,,,,,,,,heartbeat,47.7,,,False,0,,,,,,,,,,,,,,,,,,
2026-09-23T10:05:00+00:00,dc-leak-paho,,,,,,,,,,,,heartbeat,48.4,,,False,0,,,,,,,,,,,,,,,,,,
2026-09-23T10:10:00+00:00,dc-leak-paho,,,,,,,,,,,,heartbeat,49.1,,,False,0,,,,,,,,,,,,,,,,,,
2026-09-23T10:15:00+00:00,dc-leak-paho,,,,,,,,,,,,heartbeat,47.7,,,False,0,,,,,,,,,,,,,,,,,,
2026-09-23T10:20:00+00:00,dc-leak-paho,,,,,,,,,,,,heartbeat,47.1,,,False,0,,,,,,,,,,,,,,,,,,
2026-09-23T10:25:00+00:00,dc-leak-paho,,,,,,,,,,,,heartbeat,46.4,,,False,0,,,,,,,,,,,,,,,,,,
2026-09-23T10:30:00+00:00,dc-leak-paho,,,,,,,,,,,,heartbeat,48.0,,,False,0,,,,,,,,,,,,,,,,,,
2026-09-23T10:35:00+00:00,dc-leak-paho,,,,,,,,,,,,heartbeat,48.9,,,False,0,,,,,,,,,,,,,,,,,,
2026-09-23T10:40:00+00:00,dc-leak-paho,,,,,,,,,,,,heartbeat,48.2,,,False,0,,,,,,,,,,,,,,,,,,
2026-09-23T10:45:00+00:00,dc-leak-paho,,,,,,,,,,,,heartbeat,48.3,,,False,0,,,,,,,,,,,,,,,,,,
2026-09-23T10:50:00+00:00,dc-leak-paho,,,,,,,,,,,,heartbeat,48.1,,,False,0,,,,,,,,,,,,,,,,,,
2026-09-23T10:55:00+00:00,dc-leak-paho,,,,,,,,,,,,heartbeat,47.5,,,False,0,,,,,,,,,,,,,,,,,,
2026-09-23T11:00:00+00:00,dc-leak-paho,,,,,,,,,,,,heartbeat,47.9,,,False,0,,,,,,,,,,,,,,,,,,
2026-09-23T11:05:00+00:00,dc-leak-paho,,,,,,,,,,,,heartbeat,48.7,,,False,0,,,,,,,,,,,,,,,,,,
2026-09-23T11:10:00+00:00,dc-leak-paho,,,,,,,,,,,,heartbeat,47.9,,,False,0,,,,,,,,,,,,,,,,,,
2026-09-23T11:15:00+00:00,dc-leak-paho,,,,,,,,,,,,heartbeat,48.3,,,False,0,,,,,,,,,,,,,,,,,,
2026-09-23T11:20:00+00:00,dc-leak-paho,,,,,,,,,,,,heartbeat,47.0,,,False,0,,,,,,,,,,,,,,,,,,
2026-09-23T11:25:00+00:00,dc-leak-paho,,,,,,,,,,,,heartbeat,48.2,,,False,0,,,,,,,,,,,,,,,,,,
2026-09-23T11:30:00+00:00,dc-leak-paho,,,,,,,,,,,,heartbeat,48.9,,,False,0,,,,,,,,,,,,,,,,,,
2026-09-23T11:35:00+00:00,dc-leak-paho,,,,,,,,,,,,heartbeat,50.5,,,False,0,,,,,,,,,,,,,,,,,,
2026-09-23T11:40:00+00:00,dc-leak-paho,,,,,,,,,,,,heartbeat,48.1,,,False,0,,,,,,,,,,,,,,,,,,
2026-09-23T11:45:00+00:00,dc-leak-paho,,,,,,,,,,,,heartbeat,47.4,,,False,0,,,,,,,,,,,,,,,,,,
2026-09-23T11:50:00+00:00,dc-leak-paho,,,,,,,,,,,,heartbeat,47.2,,,False,0,,,,,,,,,,,,,,,,,,
2026-09-23T11:55:00+00:00,dc-leak-paho,,,,,,,,,,,,heartbeat,49.2,,,False,0,,,,,,,,,,,,,,,,,,
2026-09-23T12:00:00+00:00,dc-leak-paho,,,,,,,,,,,,heartbeat,47.4,,,False,0,,,,,,,,,,,,,,,,,,
2026-09-23T12:05:00+00:00,dc-leak-paho,,,,,,,,,,,,heartbeat,47.6,,,False,0,,,,,,,,,,,,,,,,,,
2026-09-23T12:10:00+00:00,dc-leak-paho,,,,,,,,,,,,heartbeat,46.0,,,False,0,,,,,,,,,,,,,,,,,,
2026-09-23T12:15:00+00:00,dc-leak-paho,,,,,,,,,,,,heartbeat,47.9,,,False,0,,,,,,,,,,,,,,,,,,
2026-09-23T12:20:00+00:00,dc-leak-paho,,,,,,,,,,,,heartbeat,48.4,,,False,0,,,,,,,,,,,,,,,,,,
2026-09-23T12:25:00+00:00,dc-leak-paho,,,,,,,,,,,,heartbeat,47.8,,,False,0,,,,,,,,,,,,,,,,,,
2026-09-23T12:30:00+00:00,dc-leak-paho,,,,,,,,,,,,heartbeat,48.5,,,False,0,,,,,,,,,,,,,,,,,,
2026-09-23T12:35:00+00:00,dc-leak-paho,,,,,,,,,,,,heartbeat,47.8,,,False,0,,,,,,,,,,,,,,,,,,
2026-09-23T12:40:00+00:00,dc-leak-paho,,,,,,,,,,,,heartbeat,47.1,,,False,0,,,,,,,,,,,,,,,,,,
2026-09-23T12:45:00+00:00,dc-leak-paho,,,,,,,,,,,,heartbeat,46.6,,,False,0,,,,,,,,,,,,,,,,,,
2026-09-23T12:50:00+00:00,dc-leak-paho,,,,,,,,,,,,heartbeat,48.8,,,False,0,,,,,,,,,,,,,,,,,,
2026-09-23T12:55:00+00:00,dc-leak-paho,,,,,,,,,,,,heartbeat,46.5,,,False,0,,,,,,,,,,,,,,,,,,
2026-09-23T13:00:00+00:00,dc-leak-paho,,,,,,,,,,,,heartbeat,48.2,,,False,0,,,,,,,,,,,,,,,,,,
2026-09-23T13:05:00+00:00,dc-leak-paho,,,,,,,,,,,,heartbeat,48.9,,,False,0,,,,,,,,,,,,,,,,,,
2026-09-23T13:10:00+00:00,dc-leak-paho,,,,,,,,,,,,heartbeat,47.4,,,False,0,,,,,,,,,,,,,,,,,,
2026-09-23T13:15:00+00:00,dc-leak-paho,,,,,,,,,,,,heartbeat,47.5,,,False,0,,,,,,,,,,,,,,,,,,
2026-09-23T13:20:00+00:00,dc-leak-paho,,,,,,,,,,,,heartbeat,47.7,,,False,0,,,,,,,,,,,,,,,,,,
2026-09-23T13:25:00+00:00,dc-leak-paho,,,,,,,,,,,,heartbeat,50.0,,,False,0,,,,,,,,,,,,,,,,,,
2026-09-23T13:30:00+00:00,dc-leak-paho,,,,,,,,,,,,heartbeat,47.7,,,False,0,,,,,,,,,,,,,,,,,,
2026-09-23T13:35:00+00:00,dc-leak-paho,,,,,,,,,,,,heartbeat,48.2,,,False,0,,,,,,,,,,,,,,,,,,
2026-09-23T13:40:00+00:00,dc-leak-paho,,,,,,,,,,,,heartbeat,48.4,,,False,0,,,,,,,,,,,,,,,,,,
2026-09-23T13:45:00+00:00,dc-leak-paho,,,,,,,,,,,,heartbeat,47.4,,,False,0,,,,,,,,,,,,,,,,,,
2026-09-23T13:50:00+00:00,dc-leak-paho,,,,,,,,,,,,heartbeat,48.1,,,False,0,,,,,,,,,,,,,,,,,,
2026-09-23T13:55:00+00:00,dc-leak-paho,,,,,,,,,,,,heartbeat,47.8,,,False,0,,,,,,,,,,,,,,,,,,
2026-09-23T14:00:00+00:00,dc-leak-paho,,,,,,,,,,,,heartbeat,46.7,,,False,0,,,,,,,,,,,,,,,,,,
2026-09-23T14:05:00+00:00,dc-leak-paho,,,,,,,,,,,,heartbeat,47.9,,,False,0,,,,,,,,,,,,,,,,,,
2026-09-23T14:10:00+00:00,dc-leak-paho,,,,,,,,,,,,heartbeat,47.9,,,False,0,,,,,,,,,,,,,,,,,,
2026-09-23T14:15:00+00:00,dc-leak-paho,,,,,,,,,,,,heartbeat,47.1,,,False,0,,,,,,,,,,,,,,,,,,
2026-09-23T14:20:00+00:00,dc-leak-paho,,,,,,,,,,,,heartbeat,49.5,,,False,0,,,,,,,,,,,,,,,,,,
2026-09-23T14:25:00+00:00,dc-leak-paho,,,,,,,,,,,,heartbeat,47.3,,,False,0,,,,,,,,,,,,,,,,,,
2026-09-23T14:30:00+00:00,dc-leak-paho,,,,,,,,,,,,heartbeat,48.2,,,False,0,,,,,,,,,,,,,,,,,,
2026-09-23T14:35:00+00:00,dc-leak-paho,,,,,,,,,,,,heartbeat,47.9,,,False,0,,,,,,,,,,,,,,,,,,
2026-09-23T14:40:00+00:00,dc-leak-paho,,,,,,,,,,,,heartbeat,48.7,,,False,0,,,,,,,,,,,,,,,,,,
2026-09-23T14:45:00+00:00,dc-leak-paho,,,,,,,,,,,,heartbeat,48.0,,,False,0,,,,,,,,,,,,,,,,,,
2026-09-23T14:50:00+00:00,dc-leak-paho,,,,,,,,,,,,heartbeat,48.3,,,False,0,,,,,,,,,,,,,,,,,,
2026-09-23T14:55:00+00:00,dc-leak-paho,,,,,,,,,,,,heartbeat,48.1,,,False,0,,,,,,,,,,,,,,,,,,
2026-09-23T15:00:00+00:00,dc-leak-paho,,,,,,,,,,,,heartbeat,48.1,,,False,0,,,,,,,,,,,,,,,,,,
2026-09-23T15:05:00+00:00,dc-leak-paho,,,,,,,,,,,,heartbeat,48.2,,,False,0,,,,,,,,,,,,,,,,,,
2026-09-23T15:10:00+00:00,dc-leak-paho,,,,,,,,,,,,heartbeat,47.7,,,False,0,,,,,,,,,,,,,,,,,,
2026-09-23T15:15:00+00:00,dc-leak-paho,,,,,,,,,,,,heartbeat,46.7,,,False,0,,,,,,,,,,,,,,,,,,
2026-09-23T15:20:00+00:00,dc-leak-paho,,,,,,,,,,,,heartbeat,47.0,,,False,0,,,,,,,,,,,,,,,,,,
2026-09-23T15:25:00+00:00,dc-leak-paho,,,,,,,,,,,,heartbeat,47.8,,,False,0,,,,,,,,,,,,,,,,,,
2026-09-23T15:30:00+00:00,dc-leak-paho,,,,,,,,,,,,heartbeat,46.8,,,False,0,,,,,,,,,,,,,,,,,,
2026-09-23T15:35:00+00:00,dc-leak-paho,,,,,,,,,,,,heartbeat,47.6,,,False,0,,,,,,,,,,,,,,,,,,
2026-09-23T15:40:00+00:00,dc-leak-paho,,,,,,,,,,,,heartbeat,47.6,,,False,0,,,,,,,,,,,,,,,,,,
2026-09-23T15:45:00+00:00,dc-leak-paho,,,,,,,,,,,,heartbeat,48.3,,,False,0,,,,,,,,,,,,,,,,,,
2026-09-23T15:50:00+00:00,dc-leak-paho,,,,,,,,,,,,heartbeat,47.6,,,False,0,,,,,,,,,,,,,,,,,,
2026-09-23T15:55:00+00:00,dc-leak-paho,,,,,,,,,,,,heartbeat,48.5,,,False,0,,,,,,,,,,,,,,,,,,
2026-09-23T16:00:00+00:00,dc-leak-paho,,,,,,,,,,,,heartbeat,46.8,,,False,0,,,,,,,,,,,,,,,,,,
2026-09-23T16:05:00+00:00,dc-leak-paho,,,,,,,,,,,,heartbeat,46.3,,,False,0,,,,,,,,,,,,,,,,,,
2026-09-23T16:10:00+00:00,dc-leak-paho,,,,,,,,,,,,heartbeat,48.3,,,False,0,,,,,,,,,,,,,,,,,,
2026-09-23T16:15:00+00:00,dc-leak-paho,,,,,,,,,,,,heartbeat,47.5,,,False,0,,,,,,,,,,,,,,,,,,
2026-09-23T16:20:00+00:00,dc-leak-paho,,,,,,,,,,,,heartbeat,47.7,,,False,0,,,,,,,,,,,,,,,,,,
2026-09-23T16:25:00+00:00,dc-leak-paho,,,,,,,,,,,,heartbeat,47.5,,,False,0,,,,,,,,,,,,,,,,,,
2026-09-23T16:30:00+00:00,dc-leak-paho,,,,,,,,,,,,heartbeat,49.1,,,False,0,,,,,,,,,,,,,,,,,,
2026-09-23T16:35:00+00:00,dc-leak-paho,,,,,,,,,,,,heartbeat,47.6,,,False,0,,,,,,,,,,,,,,,,,,
2026-09-23T16:40:00+00:00,dc-leak-paho,,,,,,,,,,,,heartbeat,48.6,,,False,0,,,,,,,,,,,,,,,,,,
2026-09-23T16:45:00+00:00,dc-leak-paho,,,,,,,,,,,,heartbeat,49.3,,,False,0,,,,,,,,,,,,,,,,,,
2026-09-23T16:50:00+00:00,dc-leak-paho,,,,,,,,,,,,heartbeat,50.0,,,False,0,,,,,,,,,,,,,,,,,,
2026-09-23T16:55:00+00:00,dc-leak-paho,,,,,,,,,,,,heartbeat,47.8,,,False,0,,,,,,,,,,,,,,,,,,
2026-09-23T17:00:00+00:00,dc-leak-paho,,,,,,,,,,,,heartbeat,48.9,,,False,0,,,,,,,,,,,,,,,,,,
2026-09-23T17:05:00+00:00,dc-leak-paho,,,,,,,,,,,,heartbeat,47.8,,,False,0,,,,,,,,,,,,,,,,,,
2026-09-23T17:10:00+00:00,dc-leak-paho,,,,,,,,,,,,heartbeat,47.6,,,False,0,,,,,,,,,,,,,,,,,,
2026-09-23T17:15:00+00:00,dc-leak-paho,,,,,,,,,,,,heartbeat,48.0,,,False,0,,,,,,,,,,,,,,,,,,
2026-09-23T17:20:00+00:00,dc-leak-paho,,,,,,,,,,,,heartbeat,48.0,,,False,0,,,,,,,,,,,,,,,,,,
2026-09-23T17:25:00+00:00,dc-leak-paho,,,,,,,,,,,,heartbeat,50.2,,,False,0,,,,,,,,,,,,,,,,,,
2026-09-23T17:30:00+00:00,dc-leak-paho,,,,,,,,,,,,heartbeat,47.3,,,False,0,,,,,,,,,,,,,,,,,,
2026-09-23T17:35:00+00:00,dc-leak-paho,,,,,,,,,,,,heartbeat,48.7,,,False,0,,,,,,,,,,,,,,,,,,
2026-09-23T17:40:00+00:00,dc-leak-paho,,,,,,,,,,,,heartbeat,46.4,,,False,0,,,,,,,,,,,,,,,,,,
2026-09-23T17:45:00+00:00,dc-leak-paho,,,,,,,,,,,,heartbeat,46.6,,,False,0,,,,,,,,,,,,,,,,,,
2026-09-23T17:50:00+00:00,dc-leak-paho,,,,,,,,,,,,heartbeat,48.3,,,False,0,,,,,,,,,,,,,,,,,,
2026-09-23T17:55:00+00:00,dc-leak-paho,,,,,,,,,,,,heartbeat,48.5,,,False,0,,,,,,,,,,,,,,,,,,
2026-09-23T18:00:00+00:00,dc-leak-paho,,,,,,,,,,,,heartbeat,47.9,,,False,0,,,,,,,,,,,,,,,,,,
2026-09-23T18:05:00+00:00,dc-leak-paho,,,,,,,,,,,,heartbeat,49.1,,,False,0,,,,,,,,,,,,,,,,,,
2026-09-23T18:10:00+00:00,dc-leak-paho,,,,,,,,,,,,heartbeat,48.0,,,False,0,,,,,,,,,,,,,,,,,,
2026-09-23T18:15:00+00:00,dc-leak-paho,,,,,,,,,,,,heartbeat,47.5,,,False,0,,,,,,,,,,,,,,,,,,
2026-09-23T18:20:00+00:00,dc-leak-paho,,,,,,,,,,,,heartbeat,49.7,,,False,0,,,,,,,,,,,,,,,,,,
2026-09-23T18:25:00+00:00,dc-leak-paho,,,,,,,,,,,,heartbeat,47.7,,,False,0,,,,,,,,,,,,,,,,,,
2026-09-23T18:30:00+00:00,dc-leak-paho,,,,,,,,,,,,heartbeat,47.8,,,False,0,,,,,,,,,,,,,,,,,,
2026-09-23T18:35:00+00:00,dc-leak-paho,,,,,,,,,,,,heartbeat,46.8,,,False,0,,,,,,,,,,,,,,,,,,
2026-09-23T18:40:00+00:00,dc-leak-paho,,,,,,,,,,,,heartbeat,49.5,,,False,0,,,,,,,,,,,,,,,,,,
2026-09-23T18:45:00+00:00,dc-leak-paho,,,,,,,,,,,,heartbeat,48.2,,,False,0,,,,,,,,,,,,,,,,,,
2026-09-23T18:50:00+00:00,dc-leak-paho,,,,,,,,,,,,heartbeat,47.8,,,False,0,,,,,,,,,,,,,,,,,,
2026-09-23T18:55:00+00:00,dc-leak-paho,,,,,,,,,,,,heartbeat,48.3,,,False,0,,,,,,,,,,,,,,,,,,
2026-09-23T19:00:00+00:00,dc-leak-paho,,,,,,,,,,,,heartbeat,48.2,,,False,0,,,,,,,,,,,,,,,,,,
2026-09-23T19:05:00+00:00,dc-leak-paho,,,,,,,,,,,,heartbeat,47.2,,,False,0,,,,,,,,,,,,,,,,,,
2026-09-23T19:10:00+00:00,dc-leak-paho,,,,,,,,,,,,heartbeat,48.0,,,False,0,,,,,,,,,,,,,,,,,,
2026-09-23T19:15:00+00:00,dc-leak-paho,,,,,,,,,,,,heartbeat,47.3,,,False,0,,,,,,,,,,,,,,,,,,
2026-09-23T19:20:00+00:00,dc-leak-paho,,,,,,,,,,,,heartbeat,47.9,,,False,0,,,,,,,,,,,,,,,,,,
2026-09-23T19:25:00+00:00,dc-leak-paho,,,,,,,,,,,,heartbeat,47.1,,,False,0,,,,,,,,,,,,,,,,,,
2026-09-23T19:30:00+00:00,dc-leak-paho,,,,,,,,,,,,heartbeat,48.1,,,False,0,,,,,,,,,,,,,,,,,,
2026-09-23T19:35:00+00:00,dc-leak-paho,,,,,,,,,,,,heartbeat,46.0,,,False,0,,,,,,,,,,,,,,,,,,
2026-09-23T19:40:00+00:00,dc-leak-paho,,,,,,,,,,,,heartbeat,48.6,,,False,0,,,,,,,,,,,,,,,,,,
2026-09-23T19:45:00+00:00,dc-leak-paho,,,,,,,,,,,,heartbeat,46.7,,,False,0,,,,,,,,,,,,,,,,,,
2026-09-23T19:50:00+00:00,dc-leak-paho,,,,,,,,,,,,heartbeat,47.3,,,False,0,,,,,,,,,,,,,,,,,,
2026-09-23T19:55:00+00:00,dc-leak-paho,,,,,,,,,,,,heartbeat,48.9,,,False,0,,,,,,,,,,,,,,,,,,
2026-09-23T20:00:00+00:00,dc-leak-paho,,,,,,,,,,,,heartbeat,47.3,,,False,0,,,,,,,,,,,,,,,,,,
2026-09-23T20:05:00+00:00,dc-leak-paho,,,,,,,,,,,,heartbeat,47.8,,,False,0,,,,,,,,,,,,,,,,,,
2026-09-23T20:10:00+00:00,dc-leak-paho,,,,,,,,,,,,heartbeat,48.7,,,False,0,,,,,,,,,,,,,,,,,,
2026-09-23T20:15:00+00:00,dc-leak-paho,,,,,,,,,,,,heartbeat,47.9,,,False,0,,,,,,,,,,,,,,,,,,
2026-09-23T20:20:00+00:00,dc-leak-paho,,,,,,,,,,,,heartbeat,48.5,,,False,0,,,,,,,,,,,,,,,,,,
2026-09-23T20:25:00+00:00,dc-leak-paho,,,,,,,,,,,,heartbeat,47.5,,,False,0,,,,,,,,,,,,,,,,,,
2026-09-23T20:30:00+00:00,dc-leak-paho,,,,,,,,,,,,heartbeat,48.3,,,False,0,,,,,,,,,,,,,,,,,,
2026-09-23T20:35:00+00:00,dc-leak-paho,,,,,,,,,,,,heartbeat,50.9,,,False,0,,,,,,,,,,,,,,,,,,
2026-09-23T20:40:00+00:00,dc-leak-paho,,,,,,,,,,,,heartbeat,49.1,,,False,0,,,,,,,,,,,,,,,,,,
2026-09-23T20:45:00+00:00,dc-leak-paho,,,,,,,,,,,,heartbeat,47.9,,,False,0,,,,,,,,,,,,,,,,,,
2026-09-23T20:50:00+00:00,dc-leak-paho,,,,,,,,,,,,heartbeat,48.7,,,False,0,,,,,,,,,,,,,,,,,,
2026-09-23T20:55:00+00:00,dc-leak-paho,,,,,,,,,,,,heartbeat,48.3,,,False,0,,,,,,,,,,,,,,,,,,
2026-09-23T21:00:00+00:00,dc-leak-paho,,,,,,,,,,,,heartbeat,48.0,,,False,0,,,,,,,,,,,,,,,,,,
2026-09-23T21:05:00+00:00,dc-leak-paho,,,,,,,,,,,,heartbeat,48.2,,,False,0,,,,,,,,,,,,,,,,,,
2026-09-23T21:10:00+00:00,dc-leak-paho,,,,,,,,,,,,heartbeat,47.7,,,False,0,,,,,,,,,,,,,,,,,,
2026-09-23T21:15:00+00:00,dc-leak-paho,,,,,,,,,,,,heartbeat,48.6,,,False,0,,,,,,,,,,,,,,,,,,
2026-09-23T21:20:00+00:00,dc-leak-paho,,,,,,,,,,,,heartbeat,50.0,,,False,0,,,,,,,,,,,,,,,,,,
2026-09-23T21:25:00+00:00,dc-leak-paho,,,,,,,,,,,,heartbeat,47.9,,,False,0,,,,,,,,,,,,,,,,,,
2026-09-23T21:30:00+00:00,dc-leak-paho,,,,,,,,,,,,heartbeat,49.3,,,False,0,,,,,,,,,,,,,,,,,,
2026-09-23T21:35:00+00:00,dc-leak-paho,,,,,,,,,,,,heartbeat,47.3,,,False,0,,,,,,,,,,,,,,,,,,
2026-09-23T21:40:00+00:00,dc-leak-paho,,,,,,,,,,,,heartbeat,48.9,,,False,0,,,,,,,,,,,,,,,,,,
2026-09-23T21:45:00+00:00,dc-leak-paho,,,,,,,,,,,,heartbeat,47.2,,,False,0,,,,,,,,,,,,,,,,,,
2026-09-23T21:50:00+00:00,dc-leak-paho,,,,,,,,,,,,heartbeat,48.6,,,False,0,,,,,,,,,,,,,,,,,,
2026-09-23T21:55:00+00:00,dc-leak-paho,,,,,,,,,,,,heartbeat,47.5,,,False,0,,,,,,,,,,,,,,,,,,
2026-09-23T22:00:00+00:00,dc-leak-paho,,,,,,,,,,,,heartbeat,48.9,,,False,0,,,,,,,,,,,,,,,,,,
2026-09-23T22:05:00+00:00,dc-leak-paho,,,,,,,,,,,,heartbeat,47.5,,,False,0,,,,,,,,,,,,,,,,,,
2026-09-23T22:10:00+00:00,dc-leak-paho,,,,,,,,,,,,heartbeat,47.0,,,False,0,,,,,,,,,,,,,,,,,,
2026-09-23T22:15:00+00:00,dc-leak-paho,,,,,,,,,,,,heartbeat,48.4,,,False,0,,,,,,,,,,,,,,,,,,
2026-09-23T22:20:00+00:00,dc-leak-paho,,,,,,,,,,,,heartbeat,48.2,,,False,0,,,,,,,,,,,,,,,,,,
2026-09-23T22:25:00+00:00,dc-leak-paho,,,,,,,,,,,,heartbeat,48.7,,,False,0,,,,,,,,,,,,,,,,,,
2026-09-23T22:30:00+00:00,dc-leak-paho,,,,,,,,,,,,heartbeat,46.1,,,False,0,,,,,,,,,,,,,,,,,,
2026-09-23T22:35:00+00:00,dc-leak-paho,,,,,,,,,,,,heartbeat,47.4,,,False,0,,,,,,,,,,,,,,,,,,
2026-09-23T22:40:00+00:00,dc-leak-paho,,,,,,,,,,,,heartbeat,47.8,,,False,0,,,,,,,,,,,,,,,,,,
2026-09-23T22:45:00+00:00,dc-leak-paho,,,,,,,,,,,,heartbeat,48.3,,,False,0,,,,,,,,,,,,,,,,,,
2026-09-23T22:50:00+00:00,dc-leak-paho,,,,,,,,,,,,heartbeat,50.5,,,False,0,,,,,,,,,,,,,,,,,,
2026-09-23T22:55:00+00:00,dc-leak-paho,,,,,,,,,,,,heartbeat,48.0,,,False,0,,,,,,,,,,,,,,,,,,
2026-09-23T23:00:00+00:00,dc-leak-paho,,,,,,,,,,,,heartbeat,48.1,,,False,0,,,,,,,,,,,,,,,,,,
2026-09-23T23:05:00+00:00,dc-leak-paho,,,,,,,,,,,,heartbeat,47.6,,,False,0,,,,,,,,,,,,,,,,,,
2026-09-23T23:10:00+00:00,dc-leak-paho,,,,,,,,,,,,heartbeat,48.6,,,False,0,,,,,,,,,,,,,,,,,,
2026-09-23T23:15:00+00:00,dc-leak-paho,,,,,,,,,,,,heartbeat,46.6,,,False,0,,,,,,,,,,,,,,,,,,
2026-09-23T23:20:00+00:00,dc-leak-paho,,,,,,,,,,,,heartbeat,48.8,,,False,0,,,,,,,,,,,,,,,,,,
2026-09-23T23:25:00+00:00,dc-leak-paho,,,,,,,,,,,,heartbeat,46.9,,,False,0,,,,,,,,,,,,,,,,,,
2026-09-23T23:30:00+00:00,dc-leak-paho,,,,,,,,,,,,heartbeat,48.6,,,False,0,,,,,,,,,,,,,,,,,,
2026-09-23T23:35:00+00:00,dc-leak-paho,,,,,,,,,,,,heartbeat,48.3,,,False,0,,,,,,,,,,,,,,,,,,
2026-09-23T23:40:00+00:00,dc-leak-paho,,,,,,,,,,,,heartbeat,47.6,,,False,0,,,,,,,,,,,,,,,,,,
2026-09-23T23:45:00+00:00,dc-leak-paho,,,,,,,,,,,,heartbeat,48.1,,,False,0,,,,,,,,,,,,,,,,,,
2026-09-23T23:50:00+00:00,dc-leak-paho,,,,,,,,,,,,heartbeat,48.6,,,False,0,,,,,,,,,,,,,,,,,,
2026-09-23T23:55:00+00:00,dc-leak-paho,,,,,,,,,,,,heartbeat,47.7,,,False,0,,,,,,,,,,,,,,,,,,
2026-09-24T00:40:00+00:00,dc-leak-paho,,,,,,,,,,,,heartbeat,48.6,,,False,0,,,,,,,,,,,,,,,,,,
2026-09-24T00:45:00+00:00,dc-leak-paho,,,,,,,,,,,,heartbeat,48.1,,,False,0,,,,,,,,,,,,,,,,,,
2026-09-24T00:50:00+00:00,dc-leak-paho,,,,,,,,,,,,heartbeat,47.8,,,False,0,,,,,,,,,,,,,,,,,,
2026-09-24T00:55:00+00:00,dc-leak-paho,,,,,,,,,,,,heartbeat,48.9,,,False,0,,,,,,,,,,,,,,,,,,
2026-09-24T01:00:00+00:00,dc-leak-paho,,,,,,,,,,,,heartbeat,47.3,,,False,0,,,,,,,,,,,,,,,,,,
2026-09-24T01:05:00+00:00,dc-leak-paho,,,,,,,,,,,,heartbeat,47.8,,,False,0,,,,,,,,,,,,,,,,,,
2026-09-24T01:10:00+00:00,dc-leak-paho,,,,,,,,,,,,heartbeat,48.7,,,False,0,,,,,,,,,,,,,,,,,,
2026-09-24T01:15:00+00:00,dc-leak-paho,,,,,,,,,,,,heartbeat,47.0,,,False,0,,,,,,,,,,,,,,,,,,
2026-09-24T01:20:00+00:00,dc-leak-paho,,,,,,,,,,,,heartbeat,47.7,,,False,0,,,,,,,,,,,,,,,,,,
2026-09-24T01:25:00+00:00,dc-leak-paho,,,,,,,,,,,,heartbeat,49.7,,,False,0,,,,,,,,,,,,,,,,,,
2026-09-24T01:30:00+00:00,dc-leak-paho,,,,,,,,,,,,heartbeat,48.9,,,False,0,,,,,,,,,,,,,,,,,,
2026-09-24T01:35:00+00:00,dc-leak-paho,,,,,,,,,,,,heartbeat,47.8,,,False,0,,,,,,,,,,,,,,,,,,
2026-09-24T01:40:00+00:00,dc-leak-paho,,,,,,,,,,,,heartbeat,48.1,,,False,0,,,,,,,,,,,,,,,,,,
2026-09-24T01:45:00+00:00,dc-leak-paho,,,,,,,,,,,,heartbeat,47.4,,,False,0,,,,,,,,,,,,,,,,,,
2026-09-24T01:50:00+00:00,dc-leak-paho,,,,,,,,,,,,heartbeat,48.6,,,False,0,,,,,,,,,,,,,,,,,,
2026-09-24T01:55:00+00:00,dc-leak-paho,,,,,,,,,,,,heartbeat,48.9,,,False,0,,,,,,,,,,,,,,,,,,
2026-09-24T02:00:00+00:00,dc-leak-paho,,,,,,,,,,,,heartbeat,46.7,,,False,0,,,,,,,,,,,,,,,,,,
2026-09-24T02:05:00+00:00,dc-leak-paho,,,,,,,,,,,,heartbeat,49.1,,,False,0,,,,,,,,,,,,,,,,,,
2026-09-24T02:10:00+00:00,dc-leak-paho,,,,,,,,,,,,heartbeat,48.4,,,False,0,,,,,,,,,,,,,,,,,,
2026-09-24T02:15:00+00:00,dc-leak-paho,,,,,,,,,,,,heartbeat,48.4,,,False,0,,,,,,,,,,,,,,,,,,
2026-09-24T02:20:00+00:00,dc-leak-paho,,,,,,,,,,,,heartbeat,48.0,,,False,0,,,,,,,,,,,,,,,,,,
2026-09-24T02:25:00+00:00,dc-leak-paho,,,,,,,,,,,,heartbeat,48.4,,,False,0,,,,,,,,,,,,,,,,,,
2026-09-24T02:30:00+00:00,dc-leak-paho,,,,,,,,,,,,heartbeat,48.1,,,False,0,,,,,,,,,,,,,,,,,,
2026-09-24T02:35:00+00:00,dc-leak-paho,,,,,,,,,,,,heartbeat,46.1,,,False,0,,,,,,,,,,,,,,,,,,
2026-09-24T02:40:00+00:00,dc-leak-paho,,,,,,,,,,,,heartbeat,47.9,,,False,0,,,,,,,,,,,,,,,,,,
2026-09-24T02:45:00+00:00,dc-leak-paho,,,,,,,,,,,,heartbeat,48.7,,,False,0,,,,,,,,,,,,,,,,,,
2026-09-24T02:50:00+00:00,dc-leak-paho,,,,,,,,,,,,heartbeat,48.0,,,False,0,,,,,,,,,,,,,,,,,,
2026-09-24T02:55:00+00:00,dc-leak-paho,,,,,,,,,,,,heartbeat,47.3,,,False,0,,,,,,,,,,,,,,,,,,
2026-09-24T03:00:00+00:00,dc-leak-paho,,,,,,,,,,,,heartbeat,48.7,,,False,0,,,,,,,,,,,,,,,,,,
2026-09-24T03:05:00+00:00,dc-leak-paho,,,,,,,,,,,,heartbeat,47.6,,,False,0,,,,,,,,,,,,,,,,,,
2026-09-24T03:10:00+00:00,dc-leak-paho,,,,,,,,,,,,heartbeat,47.6,,,False,0,,,,,,,,,,,,,,,,,,
2026-09-24T03:15:00+00:00,dc-leak-paho,,,,,,,,,,,,heartbeat,47.8,,,False,0,,,,,,,,,,,,,,,,,,
2026-09-24T03:20:00+00:00,dc-leak-paho,,,,,,,,,,,,heartbeat,46.4,,,False,0,,,,,,,,,,,,,,,,,,
2026-09-24T03:25:00+00:00,dc-leak-paho,,,,,,,,,,,,heartbeat,49.4,,,False,0,,,,,,,,,,,,,,,,,,
2026-09-24T03:30:00+00:00,dc-leak-paho,,,,,,,,,,,,heartbeat,47.8,,,False,0,,,,,,,,,,,,,,,,,,
2026-09-24T03:35:00+00:00,dc-leak-paho,,,,,,,,,,,,heartbeat,48.1,,,False,0,,,,,,,,,,,,,,,,,,
2026-09-24T03:40:00+00:00,dc-leak-paho,,,,,,,,,,,,heartbeat,48.7,,,False,0,,,,,,,,,,,,,,,,,,
2026-09-24T03:45:00+00:00,dc-leak-paho,,,,,,,,,,,,heartbeat,48.7,,,False,0,,,,,,,,,,,,,,,,,,
2026-09-24T03:50:00+00:00,dc-leak-paho,,,,,,,,,,,,heartbeat,47.9,,,False,0,,,,,,,,,,,,,,,,,,
2026-09-24T03:55:00+00:00,dc-leak-paho,,,,,,,,,,,,heartbeat,48.5,,,False,0,,,,,,,,,,,,,,,,,,
2026-09-24T04:00:00+00:00,dc-leak-paho,,,,,,,,,,,,heartbeat,47.9,,,False,0,,,,,,,,,,,,,,,,,,
2026-09-24T04:05:00+00:00,dc-leak-paho,,,,,,,,,,,,heartbeat,48.3,,,False,0,,,,,,,,,,,,,,,,,,
2026-09-24T04:10:00+00:00,dc-leak-paho,,,,,,,,,,,,heartbeat,47.3,,,False,0,,,,,,,,,,,,,,,,,,
2026-09-24T04:15:00+00:00,dc-leak-paho,,,,,,,,,,,,heartbeat,48.5,,,False,0,,,,,,,,,,,,,,,,,,
2026-09-24T04:20:00+00:00,dc-leak-paho,,,,,,,,,,,,heartbeat,48.9,,,False,0,,,,,,,,,,,,,,,,,,
2026-09-24T04:25:00+00:00,dc-leak-paho,,,,,,,,,,,,heartbeat,47.6,,,False,0,,,,,,,,,,,,,,,,,,
2026-09-24T04:30:00+00:00,dc-leak-paho,,,,,,,,,,,,heartbeat,48.9,,,False,0,,,,,,,,,,,,,,,,,,
2026-09-24T04:35:00+00:00,dc-leak-paho,,,,,,,,,,,,heartbeat,48.0,,,False,0,,,,,,,,,,,,,,,,,,
2026-09-24T04:40:00+00:00,dc-leak-paho,,,,,,,,,,,,heartbeat,46.9,,,False,0,,,,,,,,,,,,,,,,,,
2026-09-24T04:45:00+00:00,dc-leak-paho,,,,,,,,,,,,heartbeat,48.4,,,False,0,,,,,,,,,,,,,,,,,,
2026-09-24T04:50:00+00:00,dc-leak-paho,,,,,,,,,,,,heartbeat,47.7,,,False,0,,,,,,,,,,,,,,,,,,
2026-09-24T04:55:00+00:00,dc-leak-paho,,,,,,,,,,,,heartbeat,49.0,,,False,0,,,,,,,,,,,,,,,,,,
2026-09-25T05:00:00+00:00,dc-leak-paho,,,,,,,,,,,,heartbeat,48.1,,,False,0,,,,,,,,,,,,,,,,,,
2026-09-25T05:05:00+00:00,dc-leak-paho,,,,,,,,,,,,heartbeat,49.8,,,False,0,,,,,,,,,,,,,,,,,,
2026-09-25T05:10:00+00:00,dc-leak-paho,,,,,,,,,,,,heartbeat,46.7,,,False,0,,,,,,,,,,,,,,,,,,
2026-09-25T05:15:00+00:00,dc-leak-paho,,,,,,,,,,,,heartbeat,47.0,,,False,0,,,,,,,,,,,,,,,,,,
2026-09-25T05:20:00+00:00,dc-leak-paho,,,,,,,,,,,,heartbeat,47.8,,,False,0,,,,,,,,,,,,,,,,,,
2026-09-25T05:25:00+00:00,dc-leak-paho,,,,,,,,,,,,heartbeat,47.7,,,False,0,,,,,,,,,,,,,,,,,,
2026-09-25T05:30:00+00:00,dc-leak-paho,,,,,,,,,,,,heartbeat,47.4,,,False,0,,,,,,,,,,,,,,,,,,
2026-09-25T05:35:00+00:00,dc-leak-paho,,,,,,,,,,,,heartbeat,47.8,,,False,0,,,,,,,,,,,,,,,,,,
2026-09-25T05:40:00+00:00,dc-leak-paho,,,,,,,,,,,,heartbeat,46.9,,,False,0,,,,,,,,,,,,,,,,,,
2026-09-25T05:45:00+00:00,dc-leak-paho,,,,,,,,,,,,heartbeat,49.8,,,False,0,,,,,,,,,,,,,,,,,,
2026-09-25T05:50:00+00:00,dc-leak-paho,,,,,,,,,,,,heartbeat,47.7,,,False,0,,,,,,,,,,,,,,,,,,
2026-09-25T05:55:00+00:00,dc-leak-paho,,,,,,,,,,,,heartbeat,48.0,,,False,0,,,,,,,,,,,,,,,,,,
2026-09-25T06:00:00+00:00,dc-leak-paho,,,,,,,,,,,,heartbeat,48.2,,,False,0,,,,,,,,,,,,,,,,,,
2026-09-25T06:05:00+00:00,dc-leak-paho,,,,,,,,,,,,heartbeat,47.3,,,False,0,,,,,,,,,,,,,,,,,,
2026-09-25T06:10:00+00:00,dc-leak-paho,,,,,,,,,,,,heartbeat,48.3,,,False,0,,,,,,,,,,,,,,,,,,
2026-09-25T06:15:00+00:00,dc-leak-paho,,,,,,,,,,,,heartbeat,48.0,,,False,0,,,,,,,,,,,,,,,,,,
2026-09-25T06:20:00+00:00,dc-leak-paho,,,,,,,,,,,,heartbeat,48.2,,,False,0,,,,,,,,,,,,,,,,,,
2026-09-25T06:25:00+00:00,dc-leak-paho,,,,,,,,,,,,heartbeat,46.8,,,False,0,,,,,,,,,,,,,,,,,,
2026-09-25T06:30:00+00:00,dc-leak-paho,,,,,,,,,,,,heartbeat,46.9,,,False,0,,,,,,,,,,,,,,,,,,
2026-09-25T06:35:00+00:00,dc-leak-paho,,,,,,,,,,,,heartbeat,47.4,,,False,0,,,,,,,,,,,,,,,,,,
2026-09-25T06:40:00+00:00,dc-leak-paho,,,,,,,,,,,,heartbeat,49.2,,,False,0,,,,,,,,,,,,,,,,,,
2026-09-25T06:45:00+00:00,dc-leak-paho,,,,,,,,,,,,heartbeat,47.3,,,False,0,,,,,,,,,,,,,,,,,,
2026-09-25T06:50:00+00:00,dc-leak-paho,,,,,,,,,,,,heartbeat,48.1,,,False,0,,,,,,,,,,,,,,,,,,
2026-09-25T06:55:00+00:00,dc-leak-paho,,,,,,,,,,,,heartbeat,48.8,,,False,0,,,,,,,,,,,,,,,,,,
2026-09-25T07:00:00+00:00,dc-leak-paho,,,,,,,,,,,,heartbeat,49.2,,,False,0,,,,,,,,,,,,,,,,,,
2026-09-25T07:05:00+00:00,dc-leak-paho,,,,,,,,,,,,heartbeat,48.5,,,False,0,,,,,,,,,,,,,,,,,,
2026-09-25T07:10:00+00:00,dc-leak-paho,,,,,,,,,,,,heartbeat,47.9,,,False,0,,,,,,,,,,,,,,,,,,
2026-09-25T07:15:00+00:00,dc-leak-paho,,,,,,,,,,,,heartbeat,47.9,,,False,0,,,,,,,,,,,,,,,,,,
2026-09-25T07:20:00+00:00,dc-leak-paho,,,,,,,,,,,,heartbeat,48.6,,,False,0,,,,,,,,,,,,,,,,,,
2026-09-25T07:25:00+00:00,dc-leak-paho,,,,,,,,,,,,heartbeat,48.4,,,False,0,,,,,,,,,,,,,,,,,,
2026-09-25T07:30:00+00:00,dc-leak-paho,,,,,,,,,,,,heartbeat,48.8,,,False,0,,,,,,,,,,,,,,,,,,
2026-09-25T07:35:00+00:00,dc-leak-paho,,,,,,,,,,,,heartbeat,47.5,,,False,0,,,,,,,,,,,,,,,,,,
2026-09-25T07:40:00+00:00,dc-leak-paho,,,,,,,,,,,,heartbeat,47.6,,,False,0,,,,,,,,,,,,,,,,,,
2026-09-25T07:45:00+00:00,dc-leak-paho,,,,,,,,,,,,heartbeat,48.2,,,False,0,,,,,,,,,,,,,,,,,,
2026-09-25T07:50:00+00:00,dc-leak-paho,,,,,,,,,,,,heartbeat,48.1,,,False,0,,,,,,,,,,,,,,,,,,
2026-09-25T07:55:00+00:00,dc-leak-paho,,,,,,,,,,,,heartbeat,48.2,,,False,0,,,,,,,,,,,,,,,,,,
2026-09-25T08:00:00+00:00,dc-leak-paho,,,,,,,,,,,,heartbeat,48.4,,,False,0,,,,,,,,,,,,,,,,,,
2026-09-25T08:05:00+00:00,dc-leak-paho,,,,,,,,,,,,heartbeat,49.9,,,False,0,,,,,,,,,,,,,,,,,,
2026-09-25T08:10:00+00:00,dc-leak-paho,,,,,,,,,,,,heartbeat,49.4,,,False,0,,,,,,,,,,,,,,,,,,
2026-09-25T08:15:00+00:00,dc-leak-paho,,,,,,,,,,,,heartbeat,46.7,,,False,0,,,,,,,,,,,,,,,,,,
2026-09-25T08:20:00+00:00,dc-leak-paho,,,,,,,,,,,,heartbeat,48.4,,,False,0,,,,,,,,,,,,,,,,,,
2026-09-25T08:25:00+00:00,dc-leak-paho,,,,,,,,,,,,heartbeat,48.0,,,False,0,,,,,,,,,,,,,,,,,,
2026-09-25T08:30:00+00:00,dc-leak-paho,,,,,,,,,,,,heartbeat,48.4,,,False,0,,,,,,,,,,,,,,,,,,
2026-09-25T08:35:00+00:00,dc-leak-paho,,,,,,,,,,,,heartbeat,47.3,,,False,0,,,,,,,,,,,,,,,,,,
2026-09-25T08:40:00+00:00,dc-leak-paho,,,,,,,,,,,,heartbeat,47.6,,,False,0,,,,,,,,,,,,,,,,,,
2026-09-25T08:45:00+00:00,dc-leak-paho,,,,,,,,,,,,heartbeat,49.5,,,False,0,,,,,,,,,,,,,,,,,,
2026-09-25T08:50:00+00:00,dc-leak-paho,,,,,,,,,,,,heartbeat,47.3,,,False,0,,,,,,,,,,,,,,,,,,
2026-09-25T08:55:00+00:00,dc-leak-paho,,,,,,,,,,,,heartbeat,47.7,,,False,0,,,,,,,,,,,,,,,,,,
2026-09-25T09:00:00+00:00,dc-leak-paho,,,,,,,,,,,,heartbeat,47.2,,,False,0,,,,,,,,,,,,,,,,,,
2026-09-25T09:05:00+00:00,dc-leak-paho,,,,,,,,,,,,heartbeat,48.2,,,False,0,,,,,,,,,,,,,,,,,,
2026-09-25T09:10:00+00:00,dc-leak-paho,,,,,,,,,,,,heartbeat,49.5,,,False,0,,,,,,,,,,,,,,,,,,
2026-09-25T09:15:00+00:00,dc-leak-paho,,,,,,,,,,,,heartbeat,46.6,,,False,0,,,,,,,,,,,,,,,,,,
2026-09-25T09:20:00+00:00,dc-leak-paho,,,,,,,,,,,,heartbeat,47.0,,,False,0,,,,,,,,,,,,,,,,,,
2026-09-25T09:25:00+00:00,dc-leak-paho,,,,,,,,,,,,heartbeat,47.3,,,False,0,,,,,,,,,,,,,,,,,,
2026-09-25T09:30:00+00:00,dc-leak-paho,,,,,,,,,,,,heartbeat,48.9,,,False,0,,,,,,,,,,,,,,,,,,
2026-09-25T09:35:00+00:00,dc-leak-paho,,,,,,,,,,,,heartbeat,48.9,,,False,0,,,,,,,,,,,,,,,,,,
2026-09-25T09:40:00+00:00,dc-leak-paho,,,,,,,,,,,,heartbeat,47.8,,,False,0,,,,,,,,,,,,,,,,,,
2026-09-25T09:45:00+00:00,dc-leak-paho,,,,,,,,,,,,heartbeat,48.7,,,False,0,,,,,,,,,,,,,,,,,,
2026-09-25T09:50:00+00:00,dc-leak-paho,,,,,,,,,,,,heartbeat,47.9,,,False,0,,,,,,,,,,,,,,,,,,
2026-09-25T09:55:00+00:00,dc-leak-paho,,,,,,,,,,,,heartbeat,46.9,,,False,0,,,,,,,,,,,,,,,,,,
2026-09-25T10:00:00+00:00,dc-leak-paho,,,,,,,,,,,,heartbeat,49.4,,,False,0,,,,,,,,,,,,,,,,,,
2026-09-25T10:05:00+00:00,dc-leak-paho,,,,,,,,,,,,heartbeat,47.6,,,False,0,,,,,,,,,,,,,,,,,,
2026-09-25T10:10:00+00:00,dc-leak-paho,,,,,,,,,,,,heartbeat,47.2,,,False,0,,,,,,,,,,,,,,,,,,
2026-09-25T10:15:00+00:00,dc-leak-paho,,,,,,,,,,,,heartbeat,48.4,,,False,0,,,,,,,,,,,,,,,,,,
2026-09-25T10:20:00+00:00,dc-leak-paho,,,,,,,,,,,,heartbeat,48.3,,,False,0,,,,,,,,,,,,,,,,,,
2026-09-25T10:25:00+00:00,dc-leak-paho,,,,,,,,,,,,heartbeat,47.2,,,False,0,,,,,,,,,,,,,,,,,,
2026-09-25T10:30:00+00:00,dc-leak-paho,,,,,,,,,,,,heartbeat,48.1,,,False,0,,,,,,,,,,,,,,,,,,
2026-09-25T10:35:00+00:00,dc-leak-paho,,,,,,,,,,,,heartbeat,47.9,,,False,0,,,,,,,,,,,,,,,,,,
2026-09-25T10:40:00+00:00,dc-leak-paho,,,,,,,,,,,,heartbeat,47.4,,,False,0,,,,,,,,,,,,,,,,,,
2026-09-25T10:45:00+00:00,dc-leak-paho,,,,,,,,,,,,heartbeat,46.2,,,False,0,,,,,,,,,,,,,,,,,,
2026-09-25T10:50:00+00:00,dc-leak-paho,,,,,,,,,,,,heartbeat,47.2,,,False,0,,,,,,,,,,,,,,,,,,
2026-09-25T10:55:00+00:00,dc-leak-paho,,,,,,,,,,,,heartbeat,47.6,,,False,0,,,,,,,,,,,,,,,,,,
2026-09-25T11:00:00+00:00,dc-leak-paho,,,,,,,,,,,,heartbeat,47.9,,,False,0,,,,,,,,,,,,,,,,,,
2026-09-25T11:05:00+00:00,dc-leak-paho,,,,,,,,,,,,heartbeat,48.1,,,False,0,,,,,,,,,,,,,,,,,,
2026-09-25T11:10:00+00:00,dc-leak-paho,,,,,,,,,,,,heartbeat,48.5,,,False,0,,,,,,,,,,,,,,,,,,
2026-09-25T11:15:00+00:00,dc-leak-paho,,,,,,,,,,,,heartbeat,49.2,,,False,0,,,,,,,,,,,,,,,,,,
2026-09-25T11:20:00+00:00,dc-leak-paho,,,,,,,,,,,,heartbeat,47.6,,,False,0,,,,,,,,,,,,,,,,,,
2026-09-25T11:25:00+00:00,dc-leak-paho,,,,,,,,,,,,heartbeat,47.4,,,False,0,,,,,,,,,,,,,,,,,,
2026-09-25T11:30:00+00:00,dc-leak-paho,,,,,,,,,,,,heartbeat,48.2,,,False,0,,,,,,,,,,,,,,,,,,
2026-09-25T11:35:00+00:00,dc-leak-paho,,,,,,,,,,,,heartbeat,48.3,,,False,0,,,,,,,,,,,,,,,,,,
2026-09-25T11:40:00+00:00,dc-leak-paho,,,,,,,,,,,,heartbeat,49.7,,,False,0,,,,,,,,,,,,,,,,,,
2026-09-25T11:45:00+00:00,dc-leak-paho,,,,,,,,,,,,heartbeat,47.9,,,False,0,,,,,,,,,,,,,,,,,,
2026-09-25T11:50:00+00:00,dc-leak-paho,,,,,,,,,,,,heartbeat,47.9,,,False,0,,,,,,,,,,,,,,,,,,
2026-09-25T11:55:00+00:00,dc-leak-paho,,,,,,,,,,,,heartbeat,49.7,,,False,0,,,,,,,,,,,,,,,,,,
2026-09-25T12:00:00+00:00,dc-leak-paho,,,,,,,,,,,,heartbeat,46.9,,,False,0,,,,,,,,,,,,,,,,,,
2026-09-25T12:05:00+00:00,dc-leak-paho,,,,,,,,,,,,heartbeat,47.8,,,False,0,,,,,,,,,,,,,,,,,,
2026-09-25T12:10:00+00:00,dc-leak-paho,,,,,,,,,,,,heartbeat,47.9,,,False,0,,,,,,,,,,,,,,,,,,
2026-09-25T12:15:00+00:00,dc-leak-paho,,,,,,,,,,,,heartbeat,48.1,,,False,0,,,,,,,,,,,,,,,,,,
2026-09-25T12:20:00+00:00,dc-leak-paho,,,,,,,,,,,,heartbeat,47.8,,,False,0,,,,,,,,,,,,,,,,,,
2026-09-25T12:25:00+00:00,dc-leak-paho,,,,,,,,,,,,heartbeat,47.1,,,False,0,,,,,,,,,,,,,,,,,,
2026-09-25T12:30:00+00:00,dc-leak-paho,,,,,,,,,,,,heartbeat,46.9,,,False,0,,,,,,,,,,,,,,,,,,
2026-09-25T12:35:00+00:00,dc-leak-paho,,,,,,,,,,,,heartbeat,48.1,,,False,0,,,,,,,,,,,,,,,,,,
2026-09-25T12:40:00+00:00,dc-leak-paho,,,,,,,,,,,,heartbeat,48.2,,,False,0,,,,,,,,,,,,,,,,,,
2026-09-25T12:45:00+00:00,dc-leak-paho,,,,,,,,,,,,heartbeat,48.0,,,False,0,,,,,,,,,,,,,,,,,,
2026-09-25T12:50:00+00:00,dc-leak-paho,,,,,,,,,,,,heartbeat,49.1,,,False,0,,,,,,,,,,,,,,,,,,
2026-09-25T12:55:00+00:00,dc-leak-paho,,,,,,,,,,,,heartbeat,48.5,,,False,0,,,,,,,,,,,,,,,,,,
2026-09-25T13:00:00+00:00,dc-leak-paho,,,,,,,,,,,,heartbeat,48.7,,,False,0,,,,,,,,,,,,,,,,,,
2026-09-25T13:05:00+00:00,dc-leak-paho,,,,,,,,,,,,heartbeat,46.6,,,False,0,,,,,,,,,,,,,,,,,,
2026-09-25T13:10:00+00:00,dc-leak-paho,,,,,,,,,,,,heartbeat,48.2,,,False,0,,,,,,,,,,,,,,,,,,
2026-09-25T13:15:00+00:00,dc-leak-paho,,,,,,,,,,,,heartbeat,48.5,,,False,0,,,,,,,,,,,,,,,,,,
2026-09-25T13:20:00+00:00,dc-leak-paho,,,,,,,,,,,,heartbeat,48.0,,,False,0,,,,,,,,,,,,,,,,,,
2026-09-25T13:25:00+00:00,dc-leak-paho,,,,,,,,,,,,heartbeat,47.0,,,False,0,,,,,,,,,,,,,,,,,,
2026-09-25T13:30:00+00:00,dc-leak-paho,,,,,,,,,,,,heartbeat,48.0,,,False,0,,,,,,,,,,,,,,,,,,
2026-09-25T13:35:00+00:00,dc-leak-paho,,,,,,,,,,,,heartbeat,47.8,,,False,0,,,,,,,,,,,,,,,,,,
2026-09-25T13:40:00+00:00,dc-leak-paho,,,,,,,,,,,,heartbeat,47.7,,,False,0,,,,,,,,,,,,,,,,,,
2026-09-25T13:45:00+00:00,dc-leak-paho,,,,,,,,,,,,heartbeat,49.4,,,False,0,,,,,,,,,,,,,,,,,,
2026-09-25T13:50:00+00:00,dc-leak-paho,,,,,,,,,,,,heartbeat,47.8,,,False,0,,,,,,,,,,,,,,,,,,
2026-09-25T13:55:00+00:00,dc-leak-paho,,,,,,,,,,,,heartbeat,47.3,,,False,0,,,,,,,,,,,,,,,,,,
2026-09-25T14:00:00+00:00,dc-leak-paho,,,,,,,,,,,,heartbeat,47.9,,,False,0,,,,,,,,,,,,,,,,,,
2026-09-25T14:05:00+00:00,dc-leak-paho,,,,,,,,,,,,heartbeat,48.1,,,False,0,,,,,,,,,,,,,,,,,,
2026-09-25T14:10:00+00:00,dc-leak-paho,,,,,,,,,,,,heartbeat,47.9,,,False,0,,,,,,,,,,,,,,,,,,
2026-09-25T14:15:00+00:00,dc-leak-paho,,,,,,,,,,,,heartbeat,48.1,,,False,0,,,,,,,,,,,,,,,,,,
2026-09-25T14:20:00+00:00,dc-leak-paho,,,,,,,,,,,,heartbeat,48.1,,,False,0,,,,,,,,,,,,,,,,,,
2026-09-25T14:25:00+00:00,dc-leak-paho,,,,,,,,,,,,heartbeat,49.0,,,False,0,,,,,,,,,,,,,,,,,,
2026-09-25T14:30:00+00:00,dc-leak-paho,,,,,,,,,,,,heartbeat,47.7,,,False,0,,,,,,,,,,,,,,,,,,
2026-09-25T14:35:00+00:00,dc-leak-paho,,,,,,,,,,,,heartbeat,48.2,,,False,0,,,,,,,,,,,,,,,,,,
2026-09-25T14:40:00+00:00,dc-leak-paho,,,,,,,,,,,,heartbeat,46.8,,,False,0,,,,,,,,,,,,,,,,,,
2026-09-25T14:45:00+00:00,dc-leak-paho,,,,,,,,,,,,heartbeat,48.9,,,False,0,,,,,,,,,,,,,,,,,,
2026-09-25T14:50:00+00:00,dc-leak-paho,,,,,,,,,,,,heartbeat,47.1,,,False,0,,,,,,,,,,,,,,,,,,
2026-09-25T14:55:00+00:00,dc-leak-paho,,,,,,,,,,,,heartbeat,47.2,,,False,0,,,,,,,,,,,,,,,,,,
2026-09-25T15:00:00+00:00,dc-leak-paho,,,,,,,,,,,,heartbeat,48.7,,,False,0,,,,,,,,,,,,,,,,,,
2026-09-25T15:05:00+00:00,dc-leak-paho,,,,,,,,,,,,heartbeat,47.9,,,False,0,,,,,,,,,,,,,,,,,,
2026-09-25T15:10:00+00:00,dc-leak-paho,,,,,,,,,,,,heartbeat,48.2,,,False,0,,,,,,,,,,,,,,,,,,
2026-09-25T15:15:00+00:00,dc-leak-paho,,,,,,,,,,,,heartbeat,48.1,,,False,0,,,,,,,,,,,,,,,,,,
2026-09-25T15:20:00+00:00,dc-leak-paho,,,,,,,,,,,,heartbeat,49.6,,,False,0,,,,,,,,,,,,,,,,,,
2026-09-25T15:25:00+00:00,dc-leak-paho,,,,,,,,,,,,heartbeat,47.2,,,False,0,,,,,,,,,,,,,,,,,,
2026-09-25T15:30:00+00:00,dc-leak-paho,,,,,,,,,,,,heartbeat,47.8,,,False,0,,,,,,,,,,,,,,,,,,
2026-09-25T15:35:00+00:00,dc-leak-paho,,,,,,,,,,,,heartbeat,48.6,,,False,0,,,,,,,,,,,,,,,,,,
2026-09-25T15:40:00+00:00,dc-leak-paho,,,,,,,,,,,,heartbeat,47.9,,,False,0,,,,,,,,,,,,,,,,,,
2026-09-25T15:45:00+00:00,dc-leak-paho,,,,,,,,,,,,heartbeat,47.2,,,False,0,,,,,,,,,,,,,,,,,,
2026-09-25T15:50:00+00:00,dc-leak-paho,,,,,,,,,,,,heartbeat,46.8,,,False,0,,,,,,,,,,,,,,,,,,
2026-09-25T15:55:00+00:00,dc-leak-paho,,,,,,,,,,,,heartbeat,48.4,,,False,0,,,,,,,,,,,,,,,,,,
2026-09-25T16:00:00+00:00,dc-leak-paho,,,,,,,,,,,,heartbeat,47.8,,,False,0,,,,,,,,,,,,,,,,,,
2026-09-25T16:05:00+00:00,dc-leak-paho,,,,,,,,,,,,heartbeat,47.0,,,False,0,,,,,,,,,,,,,,,,,,
2026-09-25T16:10:00+00:00,dc-leak-paho,,,,,,,,,,,,heartbeat,47.3,,,False,0,,,,,,,,,,,,,,,,,,
2026-09-25T16:15:00+00:00,dc-leak-paho,,,,,,,,,,,,heartbeat,47.5,,,False,0,,,,,,,,,,,,,,,,,,
2026-09-25T16:20:00+00:00,dc-leak-paho,,,,,,,,,,,,heartbeat,50.1,,,False,0,,,,,,,,,,,,,,,,,,
2026-09-25T16:25:00+00:00,dc-leak-paho,,,,,,,,,,,,heartbeat,49.1,,,False,0,,,,,,,,,,,,,,,,,,
2026-09-25T16:30:00+00:00,dc-leak-paho,,,,,,,,,,,,heartbeat,48.4,,,False,0,,,,,,,,,,,,,,,,,,
2026-09-25T16:35:00+00:00,dc-leak-paho,,,,,,,,,,,,heartbeat,48.4,,,False,0,,,,,,,,,,,,,,,,,,
2026-09-25T16:40:00+00:00,dc-leak-paho,,,,,,,,,,,,heartbeat,47.8,,,False,0,,,,,,,,,,,,,,,,,,
2026-09-25T16:45:00+00:00,dc-leak-paho,,,,,,,,,,,,heartbeat,47.2,,,False,0,,,,,,,,,,,,,,,,,,
2026-09-25T16:50:00+00:00,dc-leak-paho,,,,,,,,,,,,heartbeat,47.9,,,False,0,,,,,,,,,,,,,,,,,,
2026-09-25T16:55:00+00:00,dc-leak-paho,,,,,,,,,,,,heartbeat,49.3,,,False,0,,,,,,,,,,,,,,,,,,
2026-09-25T17:00:00+00:00,dc-leak-paho,,,,,,,,,,,,heartbeat,49.3,,,False,0,,,,,,,,,,,,,,,,,,
2026-09-25T17:05:00+00:00,dc-leak-paho,,,,,,,,,,,,heartbeat,46.4,,,False,0,,,,,,,,,,,,,,,,,,
2026-09-25T17:10:00+00:00,dc-leak-paho,,,,,,,,,,,,heartbeat,47.4,,,False,0,,,,,,,,,,,,,,,,,,
2026-09-25T17:15:00+00:00,dc-leak-paho,,,,,,,,,,,,heartbeat,47.8,,,False,0,,,,,,,,,,,,,,,,,,
2026-09-25T17:20:00+00:00,dc-leak-paho,,,,,,,,,,,,heartbeat,47.9,,,False,0,,,,,,,,,,,,,,,,,,
2026-09-25T17:25:00+00:00,dc-leak-paho,,,,,,,,,,,,heartbeat,47.4,,,False,0,,,,,,,,,,,,,,,,,,
2026-09-25T17:30:00+00:00,dc-leak-paho,,,,,,,,,,,,heartbeat,47.4,,,False,0,,,,,,,,,,,,,,,,,,
2026-09-25T17:35:00+00:00,dc-leak-paho,,,,,,,,,,,,heartbeat,48.4,,,False,0,,,,,,,,,,,,,,,,,,
2026-09-25T17:40:00+00:00,dc-leak-paho,,,,,,,,,,,,heartbeat,47.0,,,False,0,,,,,,,,,,,,,,,,,,
2026-09-25T17:45:00+00:00,dc-leak-paho,,,,,,,,,,,,heartbeat,47.2,,,False,0,,,,,,,,,,,,,,,,,,
2026-09-25T17:50:00+00:00,dc-leak-paho,,,,,,,,,,,,heartbeat,47.4,,,False,0,,,,,,,,,,,,,,,,,,
2026-09-25T17:55:00+00:00,dc-leak-paho,,,,,,,,,,,,heartbeat,48.3,,,False,0,,,,,,,,,,,,,,,,,,
2026-09-25T18:00:00+00:00,dc-leak-paho,,,,,,,,,,,,heartbeat,48.4,,,False,0,,,,,,,,,,,,,,,,,,
2026-09-25T18:05:00+00:00,dc-leak-paho,,,,,,,,,,,,heartbeat,48.7,,,False,0,,,,,,,,,,,,,,,,,,
2026-09-25T18:10:00+00:00,dc-leak-paho,,,,,,,,,,,,heartbeat,48.7,,,False,0,,,,,,,,,,,,,,,,,,
2026-09-25T18:15:00+00:00,dc-leak-paho,,,,,,,,,,,,heartbeat,48.1,,,False,0,,,,,,,,,,,,,,,,,,
2026-09-25T18:20:00+00:00,dc-leak-paho,,,,,,,,,,,,heartbeat,48.5,,,False,0,,,,,,,,,,,,,,,,,,
2026-09-25T18:25:00+00:00,dc-leak-paho,,,,,,,,,,,,heartbeat,47.1,,,False,0,,,,,,,,,,,,,,,,,,
2026-09-25T18:30:00+00:00,dc-leak-paho,,,,,,,,,,,,heartbeat,49.9,,,False,0,,,,,,,,,,,,,,,,,,
2026-09-25T18:35:00+00:00,dc-leak-paho,,,,,,,,,,,,heartbeat,47.4,,,False,0,,,,,,,,,,,,,,,,,,
2026-09-25T18:40:00+00:00,dc-leak-paho,,,,,,,,,,,,heartbeat,48.5,,,False,0,,,,,,,,,,,,,,,,,,
2026-09-25T18:45:00+00:00,dc-leak-paho,,,,,,,,,,,,heartbeat,48.1,,,False,0,,,,,,,,,,,,,,,,,,
2026-09-25T18:50:00+00:00,dc-leak-paho,,,,,,,,,,,,heartbeat,49.3,,,False,0,,,,,,,,,,,,,,,,,,
2026-09-25T18:55:00+00:00,dc-leak-paho,,,,,,,,,,,,heartbeat,47.3,,,False,0,,,,,,,,,,,,,,,,,,
2026-09-25T19:00:00+00:00,dc-leak-paho,,,,,,,,,,,,heartbeat,47.6,,,False,0,,,,,,,,,,,,,,,,,,
2026-09-25T19:05:00+00:00,dc-leak-paho,,,,,,,,,,,,heartbeat,47.8,,,False,0,,,,,,,,,,,,,,,,,,
2026-09-25T19:10:00+00:00,dc-leak-paho,,,,,,,,,,,,heartbeat,47.4,,,False,0,,,,,,,,,,,,,,,,,,
2026-09-25T19:15:00+00:00,dc-leak-paho,,,,,,,,,,,,heartbeat,49.1,,,False,0,,,,,,,,,,,,,,,,,,
2026-09-25T19:20:00+00:00,dc-leak-paho,,,,,,,,,,,,heartbeat,47.7,,,False,0,,,,,,,,,,,,,,,,,,
2026-09-25T19:25:00+00:00,dc-leak-paho,,,,,,,,,,,,heartbeat,48.9,,,False,0,,,,,,,,,,,,,,,,,,
2026-09-25T19:30:00+00:00,dc-leak-paho,,,,,,,,,,,,heartbeat,47.9,,,False,0,,,,,,,,,,,,,,,,,,
2026-09-25T19:35:00+00:00,dc-leak-paho,,,,,,,,,,,,heartbeat,47.7,,,False,0,,,,,,,,,,,,,,,,,,
2026-09-25T19:40:00+00:00,dc-leak-paho,,,,,,,,,,,,heartbeat,49.1,,,False,0,,,,,,,,,,,,,,,,,,
2026-09-25T19:45:00+00:00,dc-leak-paho,,,,,,,,,,,,heartbeat,47.9,,,False,0,,,,,,,,,,,,,,,,,,
2026-09-25T19:50:00+00:00,dc-leak-paho,,,,,,,,,,,,heartbeat,47.5,,,False,0,,,,,,,,,,,,,,,,,,
2026-09-25T19:55:00+00:00,dc-leak-paho,,,,,,,,,,,,heartbeat,48.6,,,False,0,,,,,,,,,,,,,,,,,,
2026-09-25T20:00:00+00:00,dc-leak-paho,,,,,,,,,,,,heartbeat,49.3,,,False,0,,,,,,,,,,,,,,,,,,
2026-09-25T20:05:00+00:00,dc-leak-paho,,,,,,,,,,,,heartbeat,49.1,,,False,0,,,,,,,,,,,,,,,,,,
2026-09-25T20:10:00+00:00,dc-leak-paho,,,,,,,,,,,,heartbeat,48.0,,,False,0,,,,,,,,,,,,,,,,,,
2026-09-25T20:15:00+00:00,dc-leak-paho,,,,,,,,,,,,heartbeat,47.5,,,False,0,,,,,,,,,,,,,,,,,,
2026-09-25T20:20:00+00:00,dc-leak-paho,,,,,,,,,,,,heartbeat,47.9,,,False,0,,,,,,,,,,,,,,,,,,
2026-09-25T20:25:00+00:00,dc-leak-paho,,,,,,,,,,,,heartbeat,47.8,,,False,0,,,,,,,,,,,,,,,,,,
2026-09-25T20:30:00+00:00,dc-leak-paho,,,,,,,,,,,,heartbeat,48.3,,,False,0,,,,,,,,,,,,,,,,,,
2026-09-25T20:35:00+00:00,dc-leak-paho,,,,,,,,,,,,heartbeat,47.9,,,False,0,,,,,,,,,,,,,,,,,,
2026-09-25T20:40:00+00:00,dc-leak-paho,,,,,,,,,,,,heartbeat,47.6,,,False,0,,,,,,,,,,,,,,,,,,
2026-09-25T20:45:00+00:00,dc-leak-paho,,,,,,,,,,,,heartbeat,48.1,,,False,0,,,,,,,,,,,,,,,,,,
2026-09-25T20:50:00+00:00,dc-leak-paho,,,,,,,,,,,,heartbeat,48.8,,,False,0,,,,,,,,,,,,,,,,,,
2026-09-25T20:55:00+00:00,dc-leak-paho,,,,,,,,,,,,heartbeat,47.5,,,False,0,,,,,,,,,,,,,,,,,,
2026-09-25T21:00:00+00:00,dc-leak-paho,,,,,,,,,,,,heartbeat,47.6,,,False,0,,,,,,,,,,,,,,,,,,
2026-09-25T21:05:00+00:00,dc-leak-paho,,,,,,,,,,,,heartbeat,47.2,,,False,0,,,,,,,,,,,,,,,,,,
2026-09-25T21:10:00+00:00,dc-leak-paho,,,,,,,,,,,,heartbeat,48.7,,,False,0,,,,,,,,,,,,,,,,,,
2026-09-25T21:15:00+00:00,dc-leak-paho,,,,,,,,,,,,heartbeat,47.1,,,False,0,,,,,,,,,,,,,,,,,,
2026-09-25T21:20:00+00:00,dc-leak-paho,,,,,,,,,,,,heartbeat,47.7,,,False,0,,,,,,,,,,,,,,,,,,
2026-09-25T21:25:00+00:00,dc-leak-paho,,,,,,,,,,,,heartbeat,47.3,,,False,0,,,,,,,,,,,,,,,,,,
2026-09-25T21:30:00+00:00,dc-leak-paho,,,,,,,,,,,,heartbeat,46.0,,,False,0,,,,,,,,,,,,,,,,,,
2026-09-25T21:35:00+00:00,dc-leak-paho,,,,,,,,,,,,heartbeat,48.3,,,False,0,,,,,,,,,,,,,,,,,,
2026-09-25T21:40:00+00:00,dc-leak-paho,,,,,,,,,,,,heartbeat,49.4,,,False,0,,,,,,,,,,,,,,,,,,
2026-09-25T21:45:00+00:00,dc-leak-paho,,,,,,,,,,,,heartbeat,47.4,,,False,0,,,,,,,,,,,,,,,,,,
2026-09-25T21:50:00+00:00,dc-leak-paho,,,,,,,,,,,,heartbeat,48.3,,,False,0,,,,,,,,,,,,,,,,,,
2026-09-25T21:55:00+00:00,dc-leak-paho,,,,,,,,,,,,heartbeat,48.6,,,False,0,,,,,,,,,,,,,,,,,,
2026-09-25T22:00:00+00:00,dc-leak-paho,,,,,,,,,,,,heartbeat,49.0,,,False,0,,,,,,,,,,,,,,,,,,
2026-09-25T22:05:00+00:00,dc-leak-paho,,,,,,,,,,,,heartbeat,48.6,,,False,0,,,,,,,,,,,,,,,,,,
2026-09-25T22:10:00+00:00,dc-leak-paho,,,,,,,,,,,,heartbeat,47.7,,,False,0,,,,,,,,,,,,,,,,,,
2026-09-25T22:15:00+00:00,dc-leak-paho,,,,,,,,,,,,heartbeat,49.0,,,False,0,,,,,,,,,,,,,,,,,,
2026-09-25T22:20:00+00:00,dc-leak-paho,,,,,,,,,,,,heartbeat,48.4,,,False,0,,,,,,,,,,,,,,,,,,
2026-09-25T22:25:00+00:00,dc-leak-paho,,,,,,,,,,,,heartbeat,48.3,,,False,0,,,,,,,,,,,,,,,,,,
2026-09-25T22:30:00+00:00,dc-leak-paho,,,,,,,,,,,,heartbeat,46.6,,,False,0,,,,,,,,,,,,,,,,,,
2026-09-25T22:35:00+00:00,dc-leak-paho,,,,,,,,,,,,heartbeat,46.9,,,False,0,,,,,,,,,,,,,,,,,,
2026-09-25T22:40:00+00:00,dc-leak-paho,,,,,,,,,,,,heartbeat,47.9,,,False,0,,,,,,,,,,,,,,,,,,
2026-09-25T22:45:00+00:00,dc-leak-paho,,,,,,,,,,,,heartbeat,49.6,,,False,0,,,,,,,,,,,,,,,,,,
2026-09-25T22:50:00+00:00,dc-leak-paho,,,,,,,,,,,,heartbeat,48.8,,,False,0,,,,,,,,,,,,,,,,,,
2026-09-25T22:55:00+00:00,dc-leak-paho,,,,,,,,,,,,heartbeat,48.3,,,False,0,,,,,,,,,,,,,,,,,,
2026-09-25T23:00:00+00:00,dc-leak-paho,,,,,,,,,,,,heartbeat,47.1,,,False,0,,,,,,,,,,,,,,,,,,
2026-09-25T23:05:00+00:00,dc-leak-paho,,,,,,,,,,,,heartbeat,49.7,,,False,0,,,,,,,,,,,,,,,,,,
2026-09-25T23:10:00+00:00,dc-leak-paho,,,,,,,,,,,,heartbeat,48.6,,,False,0,,,,,,,,,,,,,,,,,,
2026-09-25T23:15:00+00:00,dc-leak-paho,,,,,,,,,,,,heartbeat,47.8,,,False,0,,,,,,,,,,,,,,,,,,
2026-09-25T23:20:00+00:00,dc-leak-paho,,,,,,,,,,,,heartbeat,47.8,,,False,0,,,,,,,,,,,,,,,,,,
2026-09-25T23:25:00+00:00,dc-leak-paho,,,,,,,,,,,,heartbeat,48.2,,,False,0,,,,,,,,,,,,,,,,,,
2026-09-25T23:30:00+00:00,dc-leak-paho,,,,,,,,,,,,heartbeat,47.2,,,False,0,,,,,,,,,,,,,,,,,,
2026-09-25T23:35:00+00:00,dc-leak-paho,,,,,,,,,,,,heartbeat,47.6,,,False,0,,,,,,,,,,,,,,,,,,
2026-09-25T23:40:00+00:00,dc-leak-paho,,,,,,,,,,,,heartbeat,46.7,,,False,0,,,,,,,,,,,,,,,,,,
2026-09-25T23:45:00+00:00,dc-leak-paho,,,,,,,,,,,,heartbeat,48.8,,,False,0,,,,,,,,,,,,,,,,,,
2026-09-25T23:50:00+00:00,dc-leak-paho,,,,,,,,,,,,heartbeat,48.3,,,False,0,,,,,,,,,,,,,,,,,,
2026-09-25T23:55:00+00:00,dc-leak-paho,,,,,,,,,,,,heartbeat,48.5,,,False,0,,,,,,,,,,,,,,,,,,
2026-09-26T00:40:00+00:00,dc-leak-paho,,,,,,,,,,,,heartbeat,48.4,,,False,0,,,,,,,,,,,,,,,,,,
2026-09-26T00:45:00+00:00,dc-leak-paho,,,,,,,,,,,,heartbeat,47.8,,,False,0,,,,,,,,,,,,,,,,,,
2026-09-26T00:50:00+00:00,dc-leak-paho,,,,,,,,,,,,heartbeat,46.8,,,False,0,,,,,,,,,,,,,,,,,,
2026-09-26T00:55:00+00:00,dc-leak-paho,,,,,,,,,,,,heartbeat,48.6,,,False,0,,,,,,,,,,,,,,,,,,
2026-09-26T01:00:00+00:00,dc-leak-paho,,,,,,,,,,,,heartbeat,47.3,,,False,0,,,,,,,,,,,,,,,,,,
2026-09-26T01:05:00+00:00,dc-leak-paho,,,,,,,,,,,,heartbeat,47.3,,,False,0,,,,,,,,,,,,,,,,,,
2026-09-26T01:10:00+00:00,dc-leak-paho,,,,,,,,,,,,heartbeat,48.1,,,False,0,,,,,,,,,,,,,,,,,,
2026-09-26T01:15:00+00:00,dc-leak-paho,,,,,,,,,,,,heartbeat,50.0,,,False,0,,,,,,,,,,,,,,,,,,
2026-09-26T01:20:00+00:00,dc-leak-paho,,,,,,,,,,,,heartbeat,48.9,,,False,0,,,,,,,,,,,,,,,,,,
2026-09-26T01:25:00+00:00,dc-leak-paho,,,,,,,,,,,,heartbeat,49.3,,,False,0,,,,,,,,,,,,,,,,,,
2026-09-26T01:30:00+00:00,dc-leak-paho,,,,,,,,,,,,heartbeat,49.2,,,False,0,,,,,,,,,,,,,,,,,,
2026-09-26T01:35:00+00:00,dc-leak-paho,,,,,,,,,,,,heartbeat,48.3,,,False,0,,,,,,,,,,,,,,,,,,
2026-09-26T01:40:00+00:00,dc-leak-paho,,,,,,,,,,,,heartbeat,47.9,,,False,0,,,,,,,,,,,,,,,,,,
2026-09-26T01:45:00+00:00,dc-leak-paho,,,,,,,,,,,,heartbeat,47.8,,,False,0,,,,,,,,,,,,,,,,,,
2026-09-26T01:50:00+00:00,dc-leak-paho,,,,,,,,,,,,heartbeat,48.0,,,False,0,,,,,,,,,,,,,,,,,,
2026-09-26T01:55:00+00:00,dc-leak-paho,,,,,,,,,,,,heartbeat,47.7,,,False,0,,,,,,,,,,,,,,,,,,
2026-09-26T02:00:00+00:00,dc-leak-paho,,,,,,,,,,,,heartbeat,47.4,,,False,0,,,,,,,,,,,,,,,,,,
2026-09-26T02:05:00+00:00,dc-leak-paho,,,,,,,,,,,,heartbeat,47.9,,,False,0,,,,,,,,,,,,,,,,,,
2026-09-26T02:10:00+00:00,dc-leak-paho,,,,,,,,,,,,heartbeat,48.6,,,False,0,,,,,,,,,,,,,,,,,,
2026-09-26T02:15:00+00:00,dc-leak-paho,,,,,,,,,,,,heartbeat,48.7,,,False,0,,,,,,,,,,,,,,,,,,
2026-09-26T02:20:00+00:00,dc-leak-paho,,,,,,,,,,,,heartbeat,49.1,,,False,0,,,,,,,,,,,,,,,,,,
2026-09-26T02:25:00+00:00,dc-leak-paho,,,,,,,,,,,,heartbeat,48.8,,,False,0,,,,,,,,,,,,,,,,,,
2026-09-26T02:30:00+00:00,dc-leak-paho,,,,,,,,,,,,heartbeat,47.4,,,False,0,,,,,,,,,,,,,,,,,,
2026-09-26T02:35:00+00:00,dc-leak-paho,,,,,,,,,,,,heartbeat,48.6,,,False,0,,,,,,,,,,,,,,,,,,
2026-09-26T02:40:00+00:00,dc-leak-paho,,,,,,,,,,,,heartbeat,48.5,,,False,0,,,,,,,,,,,,,,,,,,
2026-09-26T02:45:00+00:00,dc-leak-paho,,,,,,,,,,,,heartbeat,48.1,,,False,0,,,,,,,,,,,,,,,,,,
2026-09-26T02:50:00+00:00,dc-leak-paho,,,,,,,,,,,,heartbeat,47.6,,,False,0,,,,,,,,,,,,,,,,,,
2026-09-26T02:55:00+00:00,dc-leak-paho,,,,,,,,,,,,heartbeat,46.4,,,False,0,,,,,,,,,,,,,,,,,,
2026-09-26T03:00:00+00:00,dc-leak-paho,,,,,,,,,,,,heartbeat,49.2,,,False,0,,,,,,,,,,,,,,,,,,
2026-09-26T03:05:00+00:00,dc-leak-paho,,,,,,,,,,,,heartbeat,47.4,,,False,0,,,,,,,,,,,,,,,,,,
2026-09-26T03:10:00+00:00,dc-leak-paho,,,,,,,,,,,,heartbeat,49.8,,,False,0,,,,,,,,,,,,,,,,,,
2026-09-26T03:15:00+00:00,dc-leak-paho,,,,,,,,,,,,heartbeat,48.8,,,False,0,,,,,,,,,,,,,,,,,,
2026-09-26T03:20:00+00:00,dc-leak-paho,,,,,,,,,,,,heartbeat,49.0,,,False,0,,,,,,,,,,,,,,,,,,
2026-09-26T03:25:00+00:00,dc-leak-paho,,,,,,,,,,,,heartbeat,48.5,,,False,0,,,,,,,,,,,,,,,,,,
2026-09-26T03:30:00+00:00,dc-leak-paho,,,,,,,,,,,,heartbeat,48.3,,,False,0,,,,,,,,,,,,,,,,,,
2026-09-26T03:35:00+00:00,dc-leak-paho,,,,,,,,,,,,heartbeat,47.0,,,False,0,,,,,,,,,,,,,,,,,,
2026-09-26T03:40:00+00:00,dc-leak-paho,,,,,,,,,,,,heartbeat,47.6,,,False,0,,,,,,,,,,,,,,,,,,
2026-09-26T03:45:00+00:00,dc-leak-paho,,,,,,,,,,,,heartbeat,48.4,,,False,0,,,,,,,,,,,,,,,,,,
2026-09-26T03:50:00+00:00,dc-leak-paho,,,,,,,,,,,,heartbeat,47.6,,,False,0,,,,,,,,,,,,,,,,,,
2026-09-26T03:55:00+00:00,dc-leak-paho,,,,,,,,,,,,heartbeat,48.2,,,False,0,,,,,,,,,,,,,,,,,,
2026-09-26T04:00:00+00:00,dc-leak-paho,,,,,,,,,,,,heartbeat,47.2,,,False,0,,,,,,,,,,,,,,,,,,
2026-09-26T04:05:00+00:00,dc-leak-paho,,,,,,,,,,,,heartbeat,46.6,,,False,0,,,,,,,,,,,,,,,,,,
2026-09-26T04:10:00+00:00,dc-leak-paho,,,,,,,,,,,,heartbeat,47.4,,,False,0,,,,,,,,,,,,,,,,,,
2026-09-26T04:15:00+00:00,dc-leak-paho,,,,,,,,,,,,heartbeat,49.0,,,False,0,,,,,,,,,,,,,,,,,,
2026-09-26T04:20:00+00:00,dc-leak-paho,,,,,,,,,,,,heartbeat,49.5,,,False,0,,,,,,,,,,,,,,,,,,
2026-09-26T04:25:00+00:00,dc-leak-paho,,,,,,,,,,,,heartbeat,48.5,,,False,0,,,,,,,,,,,,,,,,,,
2026-09-26T04:30:00+00:00,dc-leak-paho,,,,,,,,,,,,heartbeat,48.9,,,False,0,,,,,,,,,,,,,,,,,,
2026-09-26T04:35:00+00:00,dc-leak-paho,,,,,,,,,,,,heartbeat,47.5,,,False,0,,,,,,,,,,,,,,,,,,
2026-09-26T04:40:00+00:00,dc-leak-paho,,,,,,,,,,,,heartbeat,48.3,,,False,0,,,,,,,,,,,,,,,,,,
2026-09-26T04:45:00+00:00,dc-leak-paho,,,,,,,,,,,,heartbeat,47.6,,,False,0,,,,,,,,,,,,,,,,,,
2026-09-26T04:50:00+00:00,dc-leak-paho,,,,,,,,,,,,heartbeat,48.4,,,False,0,,,,,,,,,,,,,,,,,,
2026-09-26T04:55:00+00:00,dc-leak-paho,,,,,,,,,,,,heartbeat,49.3,,,False,0,,,,,,,,,,,,,,,,,,
2026-09-27T05:00:00+00:00,dc-leak-paho,,,,,,,,,,,,heartbeat,47.4,,,False,0,,,,,,,,,,,,,,,,,,
2026-09-27T05:05:00+00:00,dc-leak-paho,,,,,,,,,,,,heartbeat,47.2,,,False,0,,,,,,,,,,,,,,,,,,
2026-09-27T05:10:00+00:00,dc-leak-paho,,,,,,,,,,,,heartbeat,48.3,,,False,0,,,,,,,,,,,,,,,,,,
2026-09-27T05:15:00+00:00,dc-leak-paho,,,,,,,,,,,,heartbeat,48.0,,,False,0,,,,,,,,,,,,,,,,,,
2026-09-27T05:20:00+00:00,dc-leak-paho,,,,,,,,,,,,heartbeat,46.2,,,False,0,,,,,,,,,,,,,,,,,,
2026-09-27T05:25:00+00:00,dc-leak-paho,,,,,,,,,,,,heartbeat,46.8,,,False,0,,,,,,,,,,,,,,,,,,
2026-09-27T05:30:00+00:00,dc-leak-paho,,,,,,,,,,,,heartbeat,47.7,,,False,0,,,,,,,,,,,,,,,,,,
2026-09-27T05:35:00+00:00,dc-leak-paho,,,,,,,,,,,,heartbeat,48.5,,,False,0,,,,,,,,,,,,,,,,,,
2026-09-27T05:40:00+00:00,dc-leak-paho,,,,,,,,,,,,heartbeat,48.3,,,False,0,,,,,,,,,,,,,,,,,,
2026-09-27T05:45:00+00:00,dc-leak-paho,,,,,,,,,,,,heartbeat,48.0,,,False,0,,,,,,,,,,,,,,,,,,
2026-09-27T05:50:00+00:00,dc-leak-paho,,,,,,,,,,,,heartbeat,47.4,,,False,0,,,,,,,,,,,,,,,,,,
2026-09-27T05:55:00+00:00,dc-leak-paho,,,,,,,,,,,,heartbeat,48.0,,,False,0,,,,,,,,,,,,,,,,,,
2026-09-27T06:00:00+00:00,dc-leak-paho,,,,,,,,,,,,heartbeat,49.1,,,False,0,,,,,,,,,,,,,,,,,,
2026-09-27T06:05:00+00:00,dc-leak-paho,,,,,,,,,,,,heartbeat,47.8,,,False,0,,,,,,,,,,,,,,,,,,
2026-09-27T06:10:00+00:00,dc-leak-paho,,,,,,,,,,,,heartbeat,48.2,,,False,0,,,,,,,,,,,,,,,,,,
2026-09-27T06:15:00+00:00,dc-leak-paho,,,,,,,,,,,,heartbeat,47.8,,,False,0,,,,,,,,,,,,,,,,,,
2026-09-27T06:20:00+00:00,dc-leak-paho,,,,,,,,,,,,heartbeat,48.9,,,False,0,,,,,,,,,,,,,,,,,,
2026-09-27T06:25:00+00:00,dc-leak-paho,,,,,,,,,,,,heartbeat,49.0,,,False,0,,,,,,,,,,,,,,,,,,
2026-09-27T06:30:00+00:00,dc-leak-paho,,,,,,,,,,,,heartbeat,47.2,,,False,0,,,,,,,,,,,,,,,,,,
2026-09-27T06:35:00+00:00,dc-leak-paho,,,,,,,,,,,,heartbeat,47.3,,,False,0,,,,,,,,,,,,,,,,,,
2026-09-27T06:40:00+00:00,dc-leak-paho,,,,,,,,,,,,heartbeat,48.0,,,False,0,,,,,,,,,,,,,,,,,,
2026-09-27T06:45:00+00:00,dc-leak-paho,,,,,,,,,,,,heartbeat,47.7,,,False,0,,,,,,,,,,,,,,,,,,
2026-09-27T06:50:00+00:00,dc-leak-paho,,,,,,,,,,,,heartbeat,48.7,,,False,0,,,,,,,,,,,,,,,,,,
2026-09-27T06:55:00+00:00,dc-leak-paho,,,,,,,,,,,,heartbeat,49.1,,,False,0,,,,,,,,,,,,,,,,,,
2026-09-27T07:00:00+00:00,dc-leak-paho,,,,,,,,,,,,heartbeat,46.5,,,False,0,,,,,,,,,,,,,,,,,,
2026-09-27T07:05:00+00:00,dc-leak-paho,,,,,,,,,,,,heartbeat,47.6,,,False,0,,,,,,,,,,,,,,,,,,
2026-09-27T07:10:00+00:00,dc-leak-paho,,,,,,,,,,,,heartbeat,47.0,,,False,0,,,,,,,,,,,,,,,,,,
2026-09-27T07:15:00+00:00,dc-leak-paho,,,,,,,,,,,,heartbeat,48.8,,,False,0,,,,,,,,,,,,,,,,,,
2026-09-27T07:20:00+00:00,dc-leak-paho,,,,,,,,,,,,heartbeat,49.1,,,False,0,,,,,,,,,,,,,,,,,,
2026-09-27T07:25:00+00:00,dc-leak-paho,,,,,,,,,,,,heartbeat,48.9,,,False,0,,,,,,,,,,,,,,,,,,
2026-09-27T07:30:00+00:00,dc-leak-paho,,,,,,,,,,,,heartbeat,47.7,,,False,0,,,,,,,,,,,,,,,,,,
2026-09-27T07:35:00+00:00,dc-leak-paho,,,,,,,,,,,,heartbeat,47.7,,,False,0,,,,,,,,,,,,,,,,,,
2026-09-27T07:40:00+00:00,dc-leak-paho,,,,,,,,,,,,heartbeat,48.4,,,False,0,,,,,,,,,,,,,,,,,,
2026-09-27T07:45:00+00:00,dc-leak-paho,,,,,,,,,,,,heartbeat,47.7,,,False,0,,,,,,,,,,,,,,,,,,
2026-09-27T07:50:00+00:00,dc-leak-paho,,,,,,,,,,,,heartbeat,48.1,,,False,0,,,,,,,,,,,,,,,,,,
2026-09-27T07:55:00+00:00,dc-leak-paho,,,,,,,,,,,,heartbeat,48.5,,,False,0,,,,,,,,,,,,,,,,,,
2026-09-27T08:00:00+00:00,dc-leak-paho,,,,,,,,,,,,heartbeat,47.6,,,False,0,,,,,,,,,,,,,,,,,,
2026-09-27T08:05:00+00:00,dc-leak-paho,,,,,,,,,,,,heartbeat,48.2,,,False,0,,,,,,,,,,,,,,,,,,
2026-09-27T08:10:00+00:00,dc-leak-paho,,,,,,,,,,,,heartbeat,49.0,,,False,0,,,,,,,,,,,,,,,,,,
2026-09-27T08:15:00+00:00,dc-leak-paho,,,,,,,,,,,,heartbeat,47.4,,,False,0,,,,,,,,,,,,,,,,,,
2026-09-27T08:20:00+00:00,dc-leak-paho,,,,,,,,,,,,heartbeat,47.4,,,False,0,,,,,,,,,,,,,,,,,,
2026-09-27T08:25:00+00:00,dc-leak-paho,,,,,,,,,,,,heartbeat,48.9,,,False,0,,,,,,,,,,,,,,,,,,
2026-09-27T08:30:00+00:00,dc-leak-paho,,,,,,,,,,,,heartbeat,48.4,,,False,0,,,,,,,,,,,,,,,,,,
2026-09-27T08:35:00+00:00,dc-leak-paho,,,,,,,,,,,,heartbeat,47.9,,,False,0,,,,,,,,,,,,,,,,,,
2026-09-27T08:40:00+00:00,dc-leak-paho,,,,,,,,,,,,heartbeat,47.1,,,False,0,,,,,,,,,,,,,,,,,,
2026-09-27T08:45:00+00:00,dc-leak-paho,,,,,,,,,,,,heartbeat,46.8,,,False,0,,,,,,,,,,,,,,,,,,
2026-09-27T08:50:00+00:00,dc-leak-paho,,,,,,,,,,,,heartbeat,48.1,,,False,0,,,,,,,,,,,,,,,,,,
2026-09-27T08:55:00+00:00,dc-leak-paho,,,,,,,,,,,,heartbeat,47.5,,,False,0,,,,,,,,,,,,,,,,,,
2026-09-27T09:00:00+00:00,dc-leak-paho,,,,,,,,,,,,heartbeat,49.1,,,False,0,,,,,,,,,,,,,,,,,,
2026-09-27T09:05:00+00:00,dc-leak-paho,,,,,,,,,,,,heartbeat,47.5,,,False,0,,,,,,,,,,,,,,,,,,
2026-09-27T09:10:00+00:00,dc-leak-paho,,,,,,,,,,,,heartbeat,48.4,,,False,0,,,,,,,,,,,,,,,,,,
2026-09-27T09:15:00+00:00,dc-leak-paho,,,,,,,,,,,,heartbeat,47.7,,,False,0,,,,,,,,,,,,,,,,,,
2026-09-27T09:20:00+00:00,dc-leak-paho,,,,,,,,,,,,heartbeat,49.0,,,False,0,,,,,,,,,,,,,,,,,,
2026-09-27T09:25:00+00:00,dc-leak-paho,,,,,,,,,,,,heartbeat,48.7,,,False,0,,,,,,,,,,,,,,,,,,
2026-09-27T09:30:00+00:00,dc-leak-paho,,,,,,,,,,,,heartbeat,48.9,,,False,0,,,,,,,,,,,,,,,,,,
2026-09-27T09:35:00+00:00,dc-leak-paho,,,,,,,,,,,,heartbeat,47.6,,,False,0,,,,,,,,,,,,,,,,,,
2026-09-27T09:40:00+00:00,dc-leak-paho,,,,,,,,,,,,heartbeat,47.7,,,False,0,,,,,,,,,,,,,,,,,,
2026-09-27T09:45:00+00:00,dc-leak-paho,,,,,,,,,,,,heartbeat,47.1,,,False,0,,,,,,,,,,,,,,,,,,
2026-09-27T09:50:00+00:00,dc-leak-paho,,,,,,,,,,,,heartbeat,48.9,,,False,0,,,,,,,,,,,,,,,,,,
2026-09-27T09:55:00+00:00,dc-leak-paho,,,,,,,,,,,,heartbeat,49.0,,,False,0,,,,,,,,,,,,,,,,,,
2026-09-27T10:00:00+00:00,dc-leak-paho,,,,,,,,,,,,heartbeat,47.4,,,False,0,,,,,,,,,,,,,,,,,,
2026-09-27T10:05:00+00:00,dc-leak-paho,,,,,,,,,,,,heartbeat,47.2,,,False,0,,,,,,,,,,,,,,,,,,
2026-09-27T10:10:00+00:00,dc-leak-paho,,,,,,,,,,,,heartbeat,46.9,,,False,0,,,,,,,,,,,,,,,,,,
2026-09-27T10:15:00+00:00,dc-leak-paho,,,,,,,,,,,,heartbeat,48.1,,,False,0,,,,,,,,,,,,,,,,,,
2026-09-27T10:20:00+00:00,dc-leak-paho,,,,,,,,,,,,heartbeat,48.4,,,False,0,,,,,,,,,,,,,,,,,,
2026-09-27T10:25:00+00:00,dc-leak-paho,,,,,,,,,,,,heartbeat,48.6,,,False,0,,,,,,,,,,,,,,,,,,
2026-09-27T10:30:00+00:00,dc-leak-paho,,,,,,,,,,,,heartbeat,46.8,,,False,0,,,,,,,,,,,,,,,,,,
2026-09-27T10:35:00+00:00,dc-leak-paho,,,,,,,,,,,,heartbeat,48.2,,,False,0,,,,,,,,,,,,,,,,,,
2026-09-27T10:40:00+00:00,dc-leak-paho,,,,,,,,,,,,heartbeat,48.4,,,False,0,,,,,,,,,,,,,,,,,,
2026-09-27T10:45:00+00:00,dc-leak-paho,,,,,,,,,,,,heartbeat,47.4,,,False,0,,,,,,,,,,,,,,,,,,
2026-09-27T10:50:00+00:00,dc-leak-paho,,,,,,,,,,,,heartbeat,48.5,,,False,0,,,,,,,,,,,,,,,,,,
2026-09-27T10:55:00+00:00,dc-leak-paho,,,,,,,,,,,,heartbeat,48.0,,,False,0,,,,,,,,,,,,,,,,,,
2026-09-27T11:00:00+00:00,dc-leak-paho,,,,,,,,,,,,heartbeat,47.5,,,False,0,,,,,,,,,,,,,,,,,,
2026-09-27T11:05:00+00:00,dc-leak-paho,,,,,,,,,,,,heartbeat,46.9,,,False,0,,,,,,,,,,,,,,,,,,
2026-09-27T11:10:00+00:00,dc-leak-paho,,,,,,,,,,,,heartbeat,49.5,,,False,0,,,,,,,,,,,,,,,,,,
2026-09-27T11:15:00+00:00,dc-leak-paho,,,,,,,,,,,,heartbeat,46.8,,,False,0,,,,,,,,,,,,,,,,,,
2026-09-27T11:20:00+00:00,dc-leak-paho,,,,,,,,,,,,heartbeat,48.0,,,False,0,,,,,,,,,,,,,,,,,,
2026-09-27T11:25:00+00:00,dc-leak-paho,,,,,,,,,,,,heartbeat,48.7,,,False,0,,,,,,,,,,,,,,,,,,
2026-09-27T11:30:00+00:00,dc-leak-paho,,,,,,,,,,,,heartbeat,48.3,,,False,0,,,,,,,,,,,,,,,,,,
2026-09-27T11:35:00+00:00,dc-leak-paho,,,,,,,,,,,,heartbeat,47.9,,,False,0,,,,,,,,,,,,,,,,,,
2026-09-27T11:40:00+00:00,dc-leak-paho,,,,,,,,,,,,heartbeat,48.2,,,False,0,,,,,,,,,,,,,,,,,,
2026-09-27T11:45:00+00:00,dc-leak-paho,,,,,,,,,,,,heartbeat,47.1,,,False,0,,,,,,,,,,,,,,,,,,
2026-09-27T11:50:00+00:00,dc-leak-paho,,,,,,,,,,,,heartbeat,47.3,,,False,0,,,,,,,,,,,,,,,,,,
2026-09-27T11:55:00+00:00,dc-leak-paho,,,,,,,,,,,,heartbeat,50.1,,,False,0,,,,,,,,,,,,,,,,,,
2026-09-27T12:00:00+00:00,dc-leak-paho,,,,,,,,,,,,heartbeat,48.1,,,False,0,,,,,,,,,,,,,,,,,,
2026-09-27T12:05:00+00:00,dc-leak-paho,,,,,,,,,,,,heartbeat,48.9,,,False,0,,,,,,,,,,,,,,,,,,
2026-09-27T12:10:00+00:00,dc-leak-paho,,,,,,,,,,,,heartbeat,47.5,,,False,0,,,,,,,,,,,,,,,,,,
2026-09-27T12:15:00+00:00,dc-leak-paho,,,,,,,,,,,,heartbeat,46.9,,,False,0,,,,,,,,,,,,,,,,,,
2026-09-27T12:20:00+00:00,dc-leak-paho,,,,,,,,,,,,heartbeat,48.1,,,False,0,,,,,,,,,,,,,,,,,,
2026-09-27T12:25:00+00:00,dc-leak-paho,,,,,,,,,,,,heartbeat,48.0,,,False,0,,,,,,,,,,,,,,,,,,
2026-09-27T12:30:00+00:00,dc-leak-paho,,,,,,,,,,,,heartbeat,48.3,,,False,0,,,,,,,,,,,,,,,,,,
2026-09-27T12:35:00+00:00,dc-leak-paho,,,,,,,,,,,,heartbeat,46.7,,,False,0,,,,,,,,,,,,,,,,,,
2026-09-27T12:40:00+00:00,dc-leak-paho,,,,,,,,,,,,heartbeat,48.5,,,False,0,,,,,,,,,,,,,,,,,,
2026-09-27T12:45:00+00:00,dc-leak-paho,,,,,,,,,,,,heartbeat,49.8,,,False,0,,,,,,,,,,,,,,,,,,
2026-09-27T12:50:00+00:00,dc-leak-paho,,,,,,,,,,,,heartbeat,46.7,,,False,0,,,,,,,,,,,,,,,,,,
2026-09-27T12:55:00+00:00,dc-leak-paho,,,,,,,,,,,,heartbeat,48.8,,,False,0,,,,,,,,,,,,,,,,,,
2026-09-27T13:00:00+00:00,dc-leak-paho,,,,,,,,,,,,heartbeat,47.9,,,False,0,,,,,,,,,,,,,,,,,,
2026-09-27T13:05:00+00:00,dc-leak-paho,,,,,,,,,,,,heartbeat,46.7,,,False,0,,,,,,,,,,,,,,,,,,
2026-09-27T13:10:00+00:00,dc-leak-paho,,,,,,,,,,,,heartbeat,47.9,,,False,0,,,,,,,,,,,,,,,,,,
2026-09-27T13:15:00+00:00,dc-leak-paho,,,,,,,,,,,,heartbeat,47.7,,,False,0,,,,,,,,,,,,,,,,,,
2026-09-27T13:20:00+00:00,dc-leak-paho,,,,,,,,,,,,heartbeat,47.1,,,False,0,,,,,,,,,,,,,,,,,,
2026-09-27T13:25:00+00:00,dc-leak-paho,,,,,,,,,,,,heartbeat,48.2,,,False,0,,,,,,,,,,,,,,,,,,
2026-09-27T13:30:00+00:00,dc-leak-paho,,,,,,,,,,,,heartbeat,47.5,,,False,0,,,,,,,,,,,,,,,,,,
2026-09-27T13:35:00+00:00,dc-leak-paho,,,,,,,,,,,,heartbeat,48.7,,,False,0,,,,,,,,,,,,,,,,,,
2026-09-27T13:40:00+00:00,dc-leak-paho,,,,,,,,,,,,heartbeat,48.2,,,False,0,,,,,,,,,,,,,,,,,,
2026-09-27T13:45:00+00:00,dc-leak-paho,,,,,,,,,,,,heartbeat,48.0,,,False,0,,,,,,,,,,,,,,,,,,
2026-09-27T13:50:00+00:00,dc-leak-paho,,,,,,,,,,,,heartbeat,46.9,,,False,0,,,,,,,,,,,,,,,,,,
2026-09-27T13:55:00+00:00,dc-leak-paho,,,,,,,,,,,,heartbeat,47.9,,,False,0,,,,,,,,,,,,,,,,,,
2026-09-27T14:00:00+00:00,dc-leak-paho,,,,,,,,,,,,heartbeat,49.7,,,False,0,,,,,,,,,,,,,,,,,,
2026-09-27T14:05:00+00:00,dc-leak-paho,,,,,,,,,,,,heartbeat,48.7,,,False,0,,,,,,,,,,,,,,,,,,
2026-09-27T14:10:00+00:00,dc-leak-paho,,,,,,,,,,,,heartbeat,46.6,,,False,0,,,,,,,,,,,,,,,,,,
2026-09-27T14:15:00+00:00,dc-leak-paho,,,,,,,,,,,,heartbeat,48.0,,,False,0,,,,,,,,,,,,,,,,,,
2026-09-27T14:20:00+00:00,dc-leak-paho,,,,,,,,,,,,heartbeat,48.3,,,False,0,,,,,,,,,,,,,,,,,,
2026-09-27T14:25:00+00:00,dc-leak-paho,,,,,,,,,,,,heartbeat,47.0,,,False,0,,,,,,,,,,,,,,,,,,
2026-09-27T14:30:00+00:00,dc-leak-paho,,,,,,,,,,,,heartbeat,48.0,,,False,0,,,,,,,,,,,,,,,,,,
2026-09-27T14:35:00+00:00,dc-leak-paho,,,,,,,,,,,,heartbeat,49.1,,,False,0,,,,,,,,,,,,,,,,,,
2026-09-27T14:40:00+00:00,dc-leak-paho,,,,,,,,,,,,heartbeat,46.7,,,False,0,,,,,,,,,,,,,,,,,,
2026-09-27T14:45:00+00:00,dc-leak-paho,,,,,,,,,,,,heartbeat,47.3,,,False,0,,,,,,,,,,,,,,,,,,
2026-09-27T14:50:00+00:00,dc-leak-paho,,,,,,,,,,,,heartbeat,48.9,,,False,0,,,,,,,,,,,,,,,,,,
2026-09-27T14:55:00+00:00,dc-leak-paho,,,,,,,,,,,,heartbeat,48.5,,,False,0,,,,,,,,,,,,,,,,,,
2026-09-27T15:00:00+00:00,dc-leak-paho,,,,,,,,,,,,heartbeat,47.3,,,False,0,,,,,,,,,,,,,,,,,,
2026-09-27T15:05:00+00:00,dc-leak-paho,,,,,,,,,,,,heartbeat,47.7,,,False,0,,,,,,,,,,,,,,,,,,
2026-09-27T15:10:00+00:00,dc-leak-paho,,,,,,,,,,,,heartbeat,48.1,,,False,0,,,,,,,,,,,,,,,,,,
2026-09-27T15:15:00+00:00,dc-leak-paho,,,,,,,,,,,,heartbeat,48.7,,,False,0,,,,,,,,,,,,,,,,,,
2026-09-27T15:20:00+00:00,dc-leak-paho,,,,,,,,,,,,heartbeat,47.1,,,False,0,,,,,,,,,,,,,,,,,,
2026-09-27T15:25:00+00:00,dc-leak-paho,,,,,,,,,,,,heartbeat,47.6,,,False,0,,,,,,,,,,,,,,,,,,
2026-09-27T15:30:00+00:00,dc-leak-paho,,,,,,,,,,,,heartbeat,48.6,,,False,0,,,,,,,,,,,,,,,,,,
2026-09-27T15:35:00+00:00,dc-leak-paho,,,,,,,,,,,,heartbeat,47.8,,,False,0,,,,,,,,,,,,,,,,,,
2026-09-27T15:40:00+00:00,dc-leak-paho,,,,,,,,,,,,heartbeat,47.2,,,False,0,,,,,,,,,,,,,,,,,,
2026-09-27T15:45:00+00:00,dc-leak-paho,,,,,,,,,,,,heartbeat,48.4,,,False,0,,,,,,,,,,,,,,,,,,
2026-09-27T15:50:00+00:00,dc-leak-paho,,,,,,,,,,,,heartbeat,48.9,,,False,0,,,,,,,,,,,,,,,,,,
2026-09-27T15:55:00+00:00,dc-leak-paho,,,,,,,,,,,,heartbeat,48.5,,,False,0,,,,,,,,,,,,,,,,,,
2026-09-27T16:40:00+00:00,dc-leak-paho,,,,,,,,,,,,heartbeat,49.1,,,False,0,,,,,,,,,,,,,,,,,,
2026-09-27T16:45:00+00:00,dc-leak-paho,,,,,,,,,,,,heartbeat,47.1,,,False,0,,,,,,,,,,,,,,,,,,
2026-09-27T16:50:00+00:00,dc-leak-paho,,,,,,,,,,,,heartbeat,47.2,,,False,0,,,,,,,,,,,,,,,,,,
2026-09-27T16:55:00+00:00,dc-leak-paho,,,,,,,,,,,,heartbeat,48.2,,,False,0,,,,,,,,,,,,,,,,,,
2026-09-27T17:00:00+00:00,dc-leak-paho,,,,,,,,,,,,heartbeat,47.3,,,False,0,,,,,,,,,,,,,,,,,,
2026-09-27T17:05:00+00:00,dc-leak-paho,,,,,,,,,,,,heartbeat,47.8,,,False,0,,,,,,,,,,,,,,,,,,
2026-09-27T17:10:00+00:00,dc-leak-paho,,,,,,,,,,,,heartbeat,47.8,,,False,0,,,,,,,,,,,,,,,,,,
2026-09-27T17:15:00+00:00,dc-leak-paho,,,,,,,,,,,,heartbeat,46.0,,,False,0,,,,,,,,,,,,,,,,,,
2026-09-27T17:20:00+00:00,dc-leak-paho,,,,,,,,,,,,heartbeat,47.6,,,False,0,,,,,,,,,,,,,,,,,,
2026-09-27T17:25:00+00:00,dc-leak-paho,,,,,,,,,,,,heartbeat,46.0,,,False,0,,,,,,,,,,,,,,,,,,
2026-09-27T17:30:00+00:00,dc-leak-paho,,,,,,,,,,,,heartbeat,47.7,,,False,0,,,,,,,,,,,,,,,,,,
2026-09-27T17:35:00+00:00,dc-leak-paho,,,,,,,,,,,,heartbeat,48.5,,,False,0,,,,,,,,,,,,,,,,,,
2026-09-27T17:40:00+00:00,dc-leak-paho,,,,,,,,,,,,heartbeat,48.2,,,False,0,,,,,,,,,,,,,,,,,,
2026-09-27T17:45:00+00:00,dc-leak-paho,,,,,,,,,,,,heartbeat,48.4,,,False,0,,,,,,,,,,,,,,,,,,
2026-09-27T17:50:00+00:00,dc-leak-paho,,,,,,,,,,,,heartbeat,48.4,,,False,0,,,,,,,,,,,,,,,,,,
2026-09-27T17:55:00+00:00,dc-leak-paho,,,,,,,,,,,,heartbeat,47.2,,,False,0,,,,,,,,,,,,,,,,,,
2026-09-27T18:00:00+00:00,dc-leak-paho,,,,,,,,,,,,heartbeat,48.1,,,False,0,,,,,,,,,,,,,,,,,,
2026-09-27T18:05:00+00:00,dc-leak-paho,,,,,,,,,,,,heartbeat,47.5,,,False,0,,,,,,,,,,,,,,,,,,
2026-09-27T18:10:00+00:00,dc-leak-paho,,,,,,,,,,,,heartbeat,47.0,,,False,0,,,,,,,,,,,,,,,,,,
2026-09-27T18:15:00+00:00,dc-leak-paho,,,,,,,,,,,,heartbeat,49.3,,,False,0,,,,,,,,,,,,,,,,,,
2026-09-27T18:20:00+00:00,dc-leak-paho,,,,,,,,,,,,heartbeat,47.9,,,False,0,,,,,,,,,,,,,,,,,,
2026-09-27T18:25:00+00:00,dc-leak-paho,,,,,,,,,,,,heartbeat,47.1,,,False,0,,,,,,,,,,,,,,,,,,
2026-09-27T18:30:00+00:00,dc-leak-paho,,,,,,,,,,,,heartbeat,49.1,,,False,0,,,,,,,,,,,,,,,,,,
2026-09-27T18:35:00+00:00,dc-leak-paho,,,,,,,,,,,,heartbeat,48.6,,,False,0,,,,,,,,,,,,,,,,,,
2026-09-27T18:40:00+00:00,dc-leak-paho,,,,,,,,,,,,heartbeat,47.6,,,False,0,,,,,,,,,,,,,,,,,,
2026-09-27T18:45:00+00:00,dc-leak-paho,,,,,,,,,,,,heartbeat,47.5,,,False,0,,,,,,,,,,,,,,,,,,
2026-09-27T18:50:00+00:00,dc-leak-paho,,,,,,,,,,,,heartbeat,47.9,,,False,0,,,,,,,,,,,,,,,,,,
2026-09-27T18:55:00+00:00,dc-leak-paho,,,,,,,,,,,,heartbeat,48.3,,,False,0,,,,,,,,,,,,,,,,,,
2026-09-27T19:00:00+00:00,dc-leak-paho,,,,,,,,,,,,heartbeat,48.8,,,False,0,,,,,,,,,,,,,,,,,,
2026-09-27T19:05:00+00:00,dc-leak-paho,,,,,,,,,,,,heartbeat,48.3,,,False,0,,,,,,,,,,,,,,,,,,
2026-09-27T19:10:00+00:00,dc-leak-paho,,,,,,,,,,,,heartbeat,49.2,,,False,0,,,,,,,,,,,,,,,,,,
2026-09-27T19:15:00+00:00,dc-leak-paho,,,,,,,,,,,,heartbeat,48.1,,,False,0,,,,,,,,,,,,,,,,,,
2026-09-27T19:20:00+00:00,dc-leak-paho,,,,,,,,,,,,heartbeat,48.6,,,False,0,,,,,,,,,,,,,,,,,,
2026-09-27T19:25:00+00:00,dc-leak-paho,,,,,,,,,,,,heartbeat,48.2,,,False,0,,,,,,,,,,,,,,,,,,
2026-09-27T19:30:00+00:00,dc-leak-paho,,,,,,,,,,,,heartbeat,47.9,,,False,0,,,,,,,,,,,,,,,,,,
2026-09-27T19:35:00+00:00,dc-leak-paho,,,,,,,,,,,,heartbeat,46.7,,,False,0,,,,,,,,,,,,,,,,,,
2026-09-27T19:40:00+00:00,dc-leak-paho,,,,,,,,,,,,heartbeat,48.8,,,False,0,,,,,,,,,,,,,,,,,,
2026-09-27T19:45:00+00:00,dc-leak-paho,,,,,,,,,,,,heartbeat,47.6,,,False,0,,,,,,,,,,,,,,,,,,
2026-09-27T19:50:00+00:00,dc-leak-paho,,,,,,,,,,,,heartbeat,47.8,,,False,0,,,,,,,,,,,,,,,,,,
2026-09-27T19:55:00+00:00,dc-leak-paho,,,,,,,,,,,,heartbeat,46.9,,,False,0,,,,,,,,,,,,,,,,,,
2026-09-27T20:00:00+00:00,dc-leak-paho,,,,,,,,,,,,heartbeat,48.3,,,False,0,,,,,,,,,,,,,,,,,,
2026-09-27T20:05:00+00:00,dc-leak-paho,,,,,,,,,,,,heartbeat,48.0,,,False,0,,,,,,,,,,,,,,,,,,
2026-09-27T20:10:00+00:00,dc-leak-paho,,,,,,,,,,,,heartbeat,48.5,,,False,0,,,,,,,,,,,,,,,,,,
2026-09-27T20:15:00+00:00,dc-leak-paho,,,,,,,,,,,,heartbeat,47.2,,,False,0,,,,,,,,,,,,,,,,,,
2026-09-27T20:20:00+00:00,dc-leak-paho,,,,,,,,,,,,heartbeat,48.0,,,False,0,,,,,,,,,,,,,,,,,,
2026-09-27T20:25:00+00:00,dc-leak-paho,,,,,,,,,,,,heartbeat,46.9,,,False,0,,,,,,,,,,,,,,,,,,
2026-09-27T20:30:00+00:00,dc-leak-paho,,,,,,,,,,,,heartbeat,47.9,,,False,0,,,,,,,,,,,,,,,,,,
2026-09-27T20:35:00+00:00,dc-leak-paho,,,,,,,,,,,,heartbeat,48.3,,,False,0,,,,,,,,,,,,,,,,,,
2026-09-27T20:40:00+00:00,dc-leak-paho,,,,,,,,,,,,heartbeat,47.9,,,False,0,,,,,,,,,,,,,,,,,,
2026-09-27T20:45:00+00:00,dc-leak-paho,,,,,,,,,,,,heartbeat,47.7,,,False,0,,,,,,,,,,,,,,,,,,
2026-09-27T20:50:00+00:00,dc-leak-paho,,,,,,,,,,,,heartbeat,47.5,,,False,0,,,,,,,,,,,,,,,,,,
2026-09-27T20:55:00+00:00,dc-leak-paho,,,,,,,,,,,,heartbeat,47.5,,,False,0,,,,,,,,,,,,,,,,,,
2026-09-27T21:00:00+00:00,dc-leak-paho,,,,,,,,,,,,heartbeat,46.6,,,False,0,,,,,,,,,,,,,,,,,,
2026-09-27T21:05:00+00:00,dc-leak-paho,,,,,,,,,,,,heartbeat,48.3,,,False,0,,,,,,,,,,,,,,,,,,
2026-09-27T21:10:00+00:00,dc-leak-paho,,,,,,,,,,,,heartbeat,48.4,,,False,0,,,,,,,,,,,,,,,,,,
2026-09-27T21:15:00+00:00,dc-leak-paho,,,,,,,,,,,,heartbeat,49.7,,,False,0,,,,,,,,,,,,,,,,,,
2026-09-27T21:20:00+00:00,dc-leak-paho,,,,,,,,,,,,heartbeat,48.6,,,False,0,,,,,,,,,,,,,,,,,,
2026-09-27T21:25:00+00:00,dc-leak-paho,,,,,,,,,,,,heartbeat,47.9,,,False,0,,,,,,,,,,,,,,,,,,
2026-09-27T21:30:00+00:00,dc-leak-paho,,,,,,,,,,,,heartbeat,47.6,,,False,0,,,,,,,,,,,,,,,,,,
2026-09-27T21:35:00+00:00,dc-leak-paho,,,,,,,,,,,,heartbeat,47.9,,,False,0,,,,,,,,,,,,,,,,,,
2026-09-27T21:40:00+00:00,dc-leak-paho,,,,,,,,,,,,heartbeat,46.7,,,False,0,,,,,,,,,,,,,,,,,,
2026-09-27T21:45:00+00:00,dc-leak-paho,,,,,,,,,,,,heartbeat,49.0,,,False,0,,,,,,,,,,,,,,,,,,
2026-09-27T21:50:00+00:00,dc-leak-paho,,,,,,,,,,,,heartbeat,48.9,,,False,0,,,,,,,,,,,,,,,,,,
2026-09-27T21:55:00+00:00,dc-leak-paho,,,,,,,,,,,,heartbeat,48.0,,,False,0,,,,,,,,,,,,,,,,,,
2026-09-27T22:00:00+00:00,dc-leak-paho,,,,,,,,,,,,heartbeat,49.3,,,False,0,,,,,,,,,,,,,,,,,,
2026-09-27T22:05:00+00:00,dc-leak-paho,,,,,,,,,,,,heartbeat,48.0,,,False,0,,,,,,,,,,,,,,,,,,
2026-09-27T22:10:00+00:00,dc-leak-paho,,,,,,,,,,,,heartbeat,48.3,,,False,0,,,,,,,,,,,,,,,,,,
2026-09-27T22:15:00+00:00,dc-leak-paho,,,,,,,,,,,,heartbeat,49.6,,,False,0,,,,,,,,,,,,,,,,,,
2026-09-27T22:20:00+00:00,dc-leak-paho,,,,,,,,,,,,heartbeat,48.7,,,False,0,,,,,,,,,,,,,,,,,,
2026-09-27T22:25:00+00:00,dc-leak-paho,,,,,,,,,,,,heartbeat,48.8,,,False,0,,,,,,,,,,,,,,,,,,
2026-09-27T22:30:00+00:00,dc-leak-paho,,,,,,,,,,,,heartbeat,49.3,,,False,0,,,,,,,,,,,,,,,,,,
2026-09-27T22:35:00+00:00,dc-leak-paho,,,,,,,,,,,,heartbeat,49.2,,,False,0,,,,,,,,,,,,,,,,,,
2026-09-27T22:40:00+00:00,dc-leak-paho,,,,,,,,,,,,heartbeat,47.1,,,False,0,,,,,,,,,,,,,,,,,,
2026-09-27T22:45:00+00:00,dc-leak-paho,,,,,,,,,,,,heartbeat,46.6,,,False,0,,,,,,,,,,,,,,,,,,
2026-09-27T22:50:00+00:00,dc-leak-paho,,,,,,,,,,,,heartbeat,47.7,,,False,0,,,,,,,,,,,,,,,,,,
2026-09-27T22:55:00+00:00,dc-leak-paho,,,,,,,,,,,,heartbeat,48.8,,,False,0,,,,,,,,,,,,,,,,,,
2026-09-27T23:00:00+00:00,dc-leak-paho,,,,,,,,,,,,heartbeat,48.2,,,False,0,,,,,,,,,,,,,,,,,,
2026-09-27T23:05:00+00:00,dc-leak-paho,,,,,,,,,,,,heartbeat,47.1,,,False,0,,,,,,,,,,,,,,,,,,
2026-09-27T23:10:00+00:00,dc-leak-paho,,,,,,,,,,,,heartbeat,47.8,,,False,0,,,,,,,,,,,,,,,,,,
2026-09-27T23:15:00+00:00,dc-leak-paho,,,,,,,,,,,,heartbeat,49.7,,,False,0,,,,,,,,,,,,,,,,,,
2026-09-27T23:20:00+00:00,dc-leak-paho,,,,,,,,,,,,heartbeat,47.0,,,False,0,,,,,,,,,,,,,,,,,,
2026-09-27T23:25:00+00:00,dc-leak-paho,,,,,,,,,,,,heartbeat,49.1,,,False,0,,,,,,,,,,,,,,,,,,
2026-09-27T23:30:00+00:00,dc-leak-paho,,,,,,,,,,,,heartbeat,48.7,,,False,0,,,,,,,,,,,,,,,,,,
2026-09-27T23:35:00+00:00,dc-leak-paho,,,,,,,,,,,,heartbeat,46.7,,,False,0,,,,,,,,,,,,,,,,,,
2026-09-27T23:40:00+00:00,dc-leak-paho,,,,,,,,,,,,heartbeat,49.0,,,False,0,,,,,,,,,,,,,,,,,,
2026-09-27T23:45:00+00:00,dc-leak-paho,,,,,,,,,,,,heartbeat,48.6,,,False,0,,,,,,,,,,,,,,,,,,
2026-09-27T23:50:00+00:00,dc-leak-paho,,,,,,,,,,,,heartbeat,47.9,,,False,0,,,,,,,,,,,,,,,,,,
2026-09-27T23:55:00+00:00,dc-leak-paho,,,,,,,,,,,,heartbeat,46.7,,,False,0,,,,,,,,,,,,,,,,,,
2026-09-28T00:00:00+00:00,dc-leak-paho,,,,,,,,,,,,heartbeat,47.3,,,False,0,,,,,,,,,,,,,,,,,,
2026-09-28T00:05:00+00:00,dc-leak-paho,,,,,,,,,,,,heartbeat,46.9,,,False,0,,,,,,,,,,,,,,,,,,
2026-09-28T00:10:00+00:00,dc-leak-paho,,,,,,,,,,,,heartbeat,47.5,,,False,0,,,,,,,,,,,,,,,,,,
2026-09-28T00:15:00+00:00,dc-leak-paho,,,,,,,,,,,,heartbeat,47.6,,,False,0,,,,,,,,,,,,,,,,,,
2026-09-28T00:20:00+00:00,dc-leak-paho,,,,,,,,,,,,heartbeat,48.4,,,False,0,,,,,,,,,,,,,,,,,,
2026-09-28T00:25:00+00:00,dc-leak-paho,,,,,,,,,,,,heartbeat,47.4,,,False,0,,,,,,,,,,,,,,,,,,
2026-09-28T00:30:00+00:00,dc-leak-paho,,,,,,,,,,,,heartbeat,50.1,,,False,0,,,,,,,,,,,,,,,,,,
2026-09-28T00:35:00+00:00,dc-leak-paho,,,,,,,,,,,,heartbeat,49.1,,,False,0,,,,,,,,,,,,,,,,,,
2026-09-28T00:40:00+00:00,dc-leak-paho,,,,,,,,,,,,heartbeat,48.8,,,False,0,,,,,,,,,,,,,,,,,,
2026-09-28T00:45:00+00:00,dc-leak-paho,,,,,,,,,,,,heartbeat,48.0,,,False,0,,,,,,,,,,,,,,,,,,
2026-09-28T00:50:00+00:00,dc-leak-paho,,,,,,,,,,,,heartbeat,47.6,,,False,0,,,,,,,,,,,,,,,,,,
2026-09-28T00:55:00+00:00,dc-leak-paho,,,,,,,,,,,,heartbeat,49.6,,,False,0,,,,,,,,,,,,,,,,,,
2026-09-28T01:00:00+00:00,dc-leak-paho,,,,,,,,,,,,heartbeat,47.7,,,False,0,,,,,,,,,,,,,,,,,,
2026-09-28T01:05:00+00:00,dc-leak-paho,,,,,,,,,,,,heartbeat,47.9,,,False,0,,,,,,,,,,,,,,,,,,
2026-09-28T01:10:00+00:00,dc-leak-paho,,,,,,,,,,,,heartbeat,47.9,,,False,0,,,,,,,,,,,,,,,,,,
2026-09-28T01:15:00+00:00,dc-leak-paho,,,,,,,,,,,,heartbeat,48.0,,,False,0,,,,,,,,,,,,,,,,,,
2026-09-28T01:20:00+00:00,dc-leak-paho,,,,,,,,,,,,heartbeat,47.9,,,False,0,,,,,,,,,,,,,,,,,,
2026-09-28T01:25:00+00:00,dc-leak-paho,,,,,,,,,,,,heartbeat,47.9,,,False,0,,,,,,,,,,,,,,,,,,
2026-09-28T01:30:00+00:00,dc-leak-paho,,,,,,,,,,,,heartbeat,47.7,,,False,0,,,,,,,,,,,,,,,,,,
2026-09-28T01:35:00+00:00,dc-leak-paho,,,,,,,,,,,,heartbeat,45.8,,,False,0,,,,,,,,,,,,,,,,,,
2026-09-28T01:40:00+00:00,dc-leak-paho,,,,,,,,,,,,heartbeat,48.7,,,False,0,,,,,,,,,,,,,,,,,,
2026-09-28T01:45:00+00:00,dc-leak-paho,,,,,,,,,,,,heartbeat,48.2,,,False,0,,,,,,,,,,,,,,,,,,
2026-09-28T01:50:00+00:00,dc-leak-paho,,,,,,,,,,,,heartbeat,47.8,,,False,0,,,,,,,,,,,,,,,,,,
2026-09-28T01:55:00+00:00,dc-leak-paho,,,,,,,,,,,,heartbeat,49.3,,,False,0,,,,,,,,,,,,,,,,,,
2026-09-28T02:00:00+00:00,dc-leak-paho,,,,,,,,,,,,heartbeat,48.3,,,False,0,,,,,,,,,,,,,,,,,,
2026-09-28T02:05:00+00:00,dc-leak-paho,,,,,,,,,,,,heartbeat,46.9,,,False,0,,,,,,,,,,,,,,,,,,
2026-09-28T02:10:00+00:00,dc-leak-paho,,,,,,,,,,,,heartbeat,47.9,,,False,0,,,,,,,,,,,,,,,,,,
2026-09-28T02:15:00+00:00,dc-leak-paho,,,,,,,,,,,,heartbeat,47.6,,,False,0,,,,,,,,,,,,,,,,,,
2026-09-28T02:20:00+00:00,dc-leak-paho,,,,,,,,,,,,heartbeat,48.9,,,False,0,,,,,,,,,,,,,,,,,,
2026-09-28T02:25:00+00:00,dc-leak-paho,,,,,,,,,,,,heartbeat,48.7,,,False,0,,,,,,,,,,,,,,,,,,
2026-09-28T02:30:00+00:00,dc-leak-paho,,,,,,,,,,,,heartbeat,46.8,,,False,0,,,,,,,,,,,,,,,,,,
2026-09-28T02:35:00+00:00,dc-leak-paho,,,,,,,,,,,,heartbeat,47.8,,,False,0,,,,,,,,,,,,,,,,,,
2026-09-28T02:40:00+00:00,dc-leak-paho,,,,,,,,,,,,heartbeat,48.4,,,False,0,,,,,,,,,,,,,,,,,,
2026-09-28T02:45:00+00:00,dc-leak-paho,,,,,,,,,,,,heartbeat,49.2,,,False,0,,,,,,,,,,,,,,,,,,
2026-09-28T02:50:00+00:00,dc-leak-paho,,,,,,,,,,,,heartbeat,48.1,,,False,0,,,,,,,,,,,,,,,,,,
2026-09-28T02:55:00+00:00,dc-leak-paho,,,,,,,,,,,,heartbeat,47.6,,,False,0,,,,,,,,,,,,,,,,,,
2026-09-28T03:00:00+00:00,dc-leak-paho,,,,,,,,,,,,heartbeat,48.9,,,False,0,,,,,,,,,,,,,,,,,,
2026-09-28T03:05:00+00:00,dc-leak-paho,,,,,,,,,,,,heartbeat,47.9,,,False,0,,,,,,,,,,,,,,,,,,
2026-09-28T03:10:00+00:00,dc-leak-paho,,,,,,,,,,,,heartbeat,48.8,,,False,0,,,,,,,,,,,,,,,,,,
2026-09-28T03:15:00+00:00,dc-leak-paho,,,,,,,,,,,,heartbeat,47.8,,,False,0,,,,,,,,,,,,,,,,,,
2026-09-28T03:20:00+00:00,dc-leak-paho,,,,,,,,,,,,heartbeat,48.0,,,False,0,,,,,,,,,,,,,,,,,,
2026-09-28T03:25:00+00:00,dc-leak-paho,,,,,,,,,,,,heartbeat,47.9,,,False,0,,,,,,,,,,,,,,,,,,
2026-09-28T03:30:00+00:00,dc-leak-paho,,,,,,,,,,,,heartbeat,48.4,,,False,0,,,,,,,,,,,,,,,,,,
2026-09-28T03:35:00+00:00,dc-leak-paho,,,,,,,,,,,,heartbeat,47.5,,,False,0,,,,,,,,,,,,,,,,,,
2026-09-28T03:40:00+00:00,dc-leak-paho,,,,,,,,,,,,heartbeat,48.5,,,False,0,,,,,,,,,,,,,,,,,,
2026-09-28T03:45:00+00:00,dc-leak-paho,,,,,,,,,,,,heartbeat,47.9,,,False,0,,,,,,,,,,,,,,,,,,
2026-09-28T03:50:00+00:00,dc-leak-paho,,,,,,,,,,,,heartbeat,48.9,,,False,0,,,,,,,,,,,,,,,,,,
2026-09-28T03:55:00+00:00,dc-leak-paho,,,,,,,,,,,,heartbeat,46.7,,,False,0,,,,,,,,,,,,,,,,,,
2026-09-28T04:00:00+00:00,dc-leak-paho,,,,,,,,,,,,heartbeat,49.2,,,False,0,,,,,,,,,,,,,,,,,,
2026-09-28T04:05:00+00:00,dc-leak-paho,,,,,,,,,,,,heartbeat,47.5,,,False,0,,,,,,,,,,,,,,,,,,
2026-09-28T04:10:00+00:00,dc-leak-paho,,,,,,,,,,,,heartbeat,46.5,,,False,0,,,,,,,,,,,,,,,,,,
2026-09-28T04:15:00+00:00,dc-leak-paho,,,,,,,,,,,,heartbeat,49.5,,,False,0,,,,,,,,,,,,,,,,,,
2026-09-28T04:20:00+00:00,dc-leak-paho,,,,,,,,,,,,heartbeat,47.0,,,False,0,,,,,,,,,,,,,,,,,,
2026-09-28T04:25:00+00:00,dc-leak-paho,,,,,,,,,,,,heartbeat,47.0,,,False,0,,,,,,,,,,,,,,,,,,
2026-09-28T04:30:00+00:00,dc-leak-paho,,,,,,,,,,,,heartbeat,49.1,,,False,0,,,,,,,,,,,,,,,,,,
2026-09-28T04:35:00+00:00,dc-leak-paho,,,,,,,,,,,,heartbeat,48.4,,,False,0,,,,,,,,,,,,,,,,,,
2026-09-28T04:40:00+00:00,dc-leak-paho,,,,,,,,,,,,heartbeat,48.5,,,False,0,,,,,,,,,,,,,,,,,,
2026-09-28T04:45:00+00:00,dc-leak-paho,,,,,,,,,,,,heartbeat,47.6,,,False,0,,,,,,,,,,,,,,,,,,
2026-09-28T04:50:00+00:00,dc-leak-paho,,,,,,,,,,,,heartbeat,48.4,,,False,0,,,,,,,,,,,,,,,,,,
2026-09-28T04:55:00+00:00,dc-leak-paho,,,,,,,,,,,,heartbeat,48.6,,,False,0,,,,,,,,,,,,,,,,,,
2026-09-21T05:00:00+00:00,dc-smoke-replay,,,,24.36,,,,,,,,,,,,,,,,,,,,,0,False,False,0.066,,,,,,,
2026-09-21T05:05:00+00:00,dc-smoke-replay,,,,24.29,,,,,,,,,,,,,,,,,,,,,2,False,False,0.059,,,,,,,
2026-09-21T05:10:00+00:00,dc-smoke-replay,,,,24.13,,,,,,,,,,,,,,,,,,,,,5,False,False,0.016,,,,,,,
2026-09-21T05:15:00+00:00,dc-smoke-replay,,,,24.14,,,,,,,,,,,,,,,,,,,,,7,False,False,0.078,,,,,,,
2026-09-21T05:20:00+00:00,dc-smoke-replay,,,,24.0,,,,,,,,,,,,,,,,,,,,,10,False,False,0.022,,,,,,,
2026-09-21T05:25:00+00:00,dc-smoke-replay,,,,24.4,,,,,,,,,,,,,,,,,,,,,12,False,False,0.044,,,,,,,
2026-09-21T05:30:00+00:00,dc-smoke-replay,,,,23.91,,,,,,,,,,,,,,,,,,,,,15,False,False,0.072,,,,,,,
2026-09-21T05:35:00+00:00,dc-smoke-replay,,,,24.16,,,,,,,,,,,,,,,,,,,,,17,False,False,0.028,,,,,,,
2026-09-21T05:40:00+00:00,dc-smoke-replay,,,,23.82,,,,,,,,,,,,,,,,,,,,,20,False,False,0.059,,,,,,,
2026-09-21T05:45:00+00:00,dc-smoke-replay,,,,24.06,,,,,,,,,,,,,,,,,,,,,22,False,False,0.066,,,,,,,
2026-09-21T05:50:00+00:00,dc-smoke-replay,,,,23.88,,,,,,,,,,,,,,,,,,,,,25,False,False,0.071,,,,,,,
2026-09-21T05:55:00+00:00,dc-smoke-replay,,,,23.83,,,,,,,,,,,,,,,,,,,,,27,False,False,0.049,,,,,,,
2026-09-21T06:00:00+00:00,dc-smoke-replay,,,,23.89,,,,,,,,,,,,,,,,,,,,,30,False,False,0.044,,,,,,,
2026-09-21T06:05:00+00:00,dc-smoke-replay,,,,23.71,,,,,,,,,,,,,,,,,,,,,32,False,False,0.052,,,,,,,
2026-09-21T06:10:00+00:00,dc-smoke-replay,,,,24.18,,,,,,,,,,,,,,,,,,,,,35,False,False,0.025,,,,,,,
2026-09-21T06:15:00+00:00,dc-smoke-replay,,,,23.7,,,,,,,,,,,,,,,,,,,,,37,False,False,0.035,,,,,,,
2026-09-21T06:20:00+00:00,dc-smoke-replay,,,,23.62,,,,,,,,,,,,,,,,,,,,,40,False,False,0.057,,,,,,,
2026-09-21T06:25:00+00:00,dc-smoke-replay,,,,23.6,,,,,,,,,,,,,,,,,,,,,42,False,False,0.028,,,,,,,
2026-09-21T06:30:00+00:00,dc-smoke-replay,,,,23.68,,,,,,,,,,,,,,,,,,,,,45,False,False,0.073,,,,,,,
2026-09-21T06:35:00+00:00,dc-smoke-replay,,,,23.74,,,,,,,,,,,,,,,,,,,,,47,False,False,0.026,,,,,,,
2026-09-21T06:40:00+00:00,dc-smoke-replay,,,,23.84,,,,,,,,,,,,,,,,,,,,,50,False,False,0.068,,,,,,,
2026-09-21T06:45:00+00:00,dc-smoke-replay,,,,23.26,,,,,,,,,,,,,,,,,,,,,52,False,False,0.065,,,,,,,
2026-09-21T06:50:00+00:00,dc-smoke-replay,,,,23.6,,,,,,,,,,,,,,,,,,,,,55,False,False,0.073,,,,,,,
2026-09-21T06:55:00+00:00,dc-smoke-replay,,,,23.46,,,,,,,,,,,,,,,,,,,,,57,False,False,0.062,,,,,,,
2026-09-21T07:00:00+00:00,dc-smoke-replay,,,,23.82,,,,,,,,,,,,,,,,,,,,,60,False,False,0.068,,,,,,,
2026-09-21T07:05:00+00:00,dc-smoke-replay,,,,23.58,,,,,,,,,,,,,,,,,,,,,62,False,False,0.0,,,,,,,
2026-09-21T07:10:00+00:00,dc-smoke-replay,,,,23.34,,,,,,,,,,,,,,,,,,,,,65,False,False,0.033,,,,,,,
2026-09-21T07:15:00+00:00,dc-smoke-replay,,,,23.54,,,,,,,,,,,,,,,,,,,,,67,False,False,0.039,,,,,,,
2026-09-21T07:20:00+00:00,dc-smoke-replay,,,,23.48,,,,,,,,,,,,,,,,,,,,,70,False,False,0.05,,,,,,,
2026-09-21T07:25:00+00:00,dc-smoke-replay,,,,23.6,,,,,,,,,,,,,,,,,,,,,72,False,False,0.007,,,,,,,
2026-09-21T07:30:00+00:00,dc-smoke-replay,,,,23.53,,,,,,,,,,,,,,,,,,,,,75,False,False,0.053,,,,,,,
2026-09-21T07:35:00+00:00,dc-smoke-replay,,,,23.65,,,,,,,,,,,,,,,,,,,,,77,False,False,0.056,,,,,,,
2026-09-21T07:40:00+00:00,dc-smoke-replay,,,,23.45,,,,,,,,,,,,,,,,,,,,,80,False,False,0.065,,,,,,,
2026-09-21T07:45:00+00:00,dc-smoke-replay,,,,23.69,,,,,,,,,,,,,,,,,,,,,82,False,False,0.042,,,,,,,
2026-09-21T07:50:00+00:00,dc-smoke-replay,,,,23.4,,,,,,,,,,,,,,,,,,,,,85,False,False,0.073,,,,,,,
2026-09-21T07:55:00+00:00,dc-smoke-replay,,,,23.42,,,,,,,,,,,,,,,,,,,,,87,False,False,0.058,,,,,,,
2026-09-21T08:00:00+00:00,dc-smoke-replay,,,,23.26,,,,,,,,,,,,,,,,,,,,,90,False,False,0.06,,,,,,,
2026-09-21T08:05:00+00:00,dc-smoke-replay,,,,23.56,,,,,,,,,,,,,,,,,,,,,92,False,False,0.043,,,,,,,
2026-09-21T08:10:00+00:00,dc-smoke-replay,,,,23.66,,,,,,,,,,,,,,,,,,,,,95,False,False,0.083,,,,,,,
2026-09-21T08:15:00+00:00,dc-smoke-replay,,,,23.45,,,,,,,,,,,,,,,,,,,,,97,False,False,0.054,,,,,,,
2026-09-21T08:20:00+00:00,dc-smoke-replay,,,,23.54,,,,,,,,,,,,,,,,,,,,,100,False,False,0.03,,,,,,,
2026-09-21T08:25:00+00:00,dc-smoke-replay,,,,23.44,,,,,,,,,,,,,,,,,,,,,102,False,False,0.051,,,,,,,
2026-09-21T08:30:00+00:00,dc-smoke-replay,,,,23.56,,,,,,,,,,,,,,,,,,,,,105,False,False,0.099,,,,,,,
2026-09-21T08:35:00+00:00,dc-smoke-replay,,,,23.31,,,,,,,,,,,,,,,,,,,,,107,False,False,0.069,,,,,,,
2026-09-21T08:40:00+00:00,dc-smoke-replay,,,,23.64,,,,,,,,,,,,,,,,,,,,,110,False,False,0.071,,,,,,,
2026-09-21T08:45:00+00:00,dc-smoke-replay,,,,23.73,,,,,,,,,,,,,,,,,,,,,112,False,False,0.07,,,,,,,
2026-09-21T08:50:00+00:00,dc-smoke-replay,,,,23.54,,,,,,,,,,,,,,,,,,,,,115,False,False,0.075,,,,,,,
2026-09-21T08:55:00+00:00,dc-smoke-replay,,,,23.66,,,,,,,,,,,,,,,,,,,,,117,False,False,0.047,,,,,,,
2026-09-21T09:00:00+00:00,dc-smoke-replay,,,,23.46,,,,,,,,,,,,,,,,,,,,,120,False,False,0.033,,,,,,,
2026-09-21T09:05:00+00:00,dc-smoke-replay,,,,23.56,,,,,,,,,,,,,,,,,,,,,122,False,False,0.067,,,,,,,
2026-09-21T09:10:00+00:00,dc-smoke-replay,,,,23.64,,,,,,,,,,,,,,,,,,,,,125,False,False,0.03,,,,,,,
2026-09-21T09:15:00+00:00,dc-smoke-replay,,,,23.71,,,,,,,,,,,,,,,,,,,,,127,False,False,0.051,,,,,,,
2026-09-21T09:20:00+00:00,dc-smoke-replay,,,,23.69,,,,,,,,,,,,,,,,,,,,,130,False,False,0.023,,,,,,,
2026-09-21T09:25:00+00:00,dc-smoke-replay,,,,23.78,,,,,,,,,,,,,,,,,,,,,132,False,False,0.042,,,,,,,
2026-09-21T09:30:00+00:00,dc-smoke-replay,,,,23.57,,,,,,,,,,,,,,,,,,,,,135,False,False,0.013,,,,,,,
2026-09-21T09:35:00+00:00,dc-smoke-replay,,,,23.43,,,,,,,,,,,,,,,,,,,,,137,False,False,0.081,,,,,,,
2026-09-21T09:40:00+00:00,dc-smoke-replay,,,,23.69,,,,,,,,,,,,,,,,,,,,,140,False,False,0.034,,,,,,,
2026-09-21T09:45:00+00:00,dc-smoke-replay,,,,23.94,,,,,,,,,,,,,,,,,,,,,142,False,False,0.074,,,,,,,
2026-09-21T09:50:00+00:00,dc-smoke-replay,,,,23.56,,,,,,,,,,,,,,,,,,,,,145,False,False,0.038,,,,,,,
2026-09-21T09:55:00+00:00,dc-smoke-replay,,,,23.86,,,,,,,,,,,,,,,,,,,,,147,False,False,0.057,,,,,,,
2026-09-21T10:00:00+00:00,dc-smoke-replay,,,,23.71,,,,,,,,,,,,,,,,,,,,,150,False,False,0.041,,,,,,,
2026-09-21T10:05:00+00:00,dc-smoke-replay,,,,23.76,,,,,,,,,,,,,,,,,,,,,152,False,False,0.057,,,,,,,
2026-09-21T10:10:00+00:00,dc-smoke-replay,,,,23.83,,,,,,,,,,,,,,,,,,,,,155,False,False,0.032,,,,,,,
2026-09-21T10:15:00+00:00,dc-smoke-replay,,,,24.03,,,,,,,,,,,,,,,,,,,,,157,False,False,0.052,,,,,,,
2026-09-21T10:20:00+00:00,dc-smoke-replay,,,,23.71,,,,,,,,,,,,,,,,,,,,,160,False,False,0.029,,,,,,,
2026-09-21T10:25:00+00:00,dc-smoke-replay,,,,24.15,,,,,,,,,,,,,,,,,,,,,162,False,False,0.044,,,,,,,
2026-09-21T10:30:00+00:00,dc-smoke-replay,,,,24.0,,,,,,,,,,,,,,,,,,,,,165,False,False,0.047,,,,,,,
2026-09-21T10:35:00+00:00,dc-smoke-replay,,,,24.27,,,,,,,,,,,,,,,,,,,,,167,False,False,0.044,,,,,,,
2026-09-21T10:40:00+00:00,dc-smoke-replay,,,,24.45,,,,,,,,,,,,,,,,,,,,,170,False,False,0.043,,,,,,,
2026-09-21T10:45:00+00:00,dc-smoke-replay,,,,24.06,,,,,,,,,,,,,,,,,,,,,172,False,False,0.061,,,,,,,
2026-09-21T10:50:00+00:00,dc-smoke-replay,,,,24.2,,,,,,,,,,,,,,,,,,,,,175,False,False,0.024,,,,,,,
2026-09-21T10:55:00+00:00,dc-smoke-replay,,,,24.37,,,,,,,,,,,,,,,,,,,,,177,False,False,0.085,,,,,,,
2026-09-21T11:00:00+00:00,dc-smoke-replay,,,,24.29,,,,,,,,,,,,,,,,,,,,,180,False,False,0.023,,,,,,,
2026-09-21T11:05:00+00:00,dc-smoke-replay,,,,24.25,,,,,,,,,,,,,,,,,,,,,182,False,False,0.039,,,,,,,
2026-09-21T11:10:00+00:00,dc-smoke-replay,,,,24.43,,,,,,,,,,,,,,,,,,,,,185,False,False,0.028,,,,,,,
2026-09-21T11:15:00+00:00,dc-smoke-replay,,,,24.06,,,,,,,,,,,,,,,,,,,,,187,False,False,0.085,,,,,,,
2026-09-21T11:20:00+00:00,dc-smoke-replay,,,,24.6,,,,,,,,,,,,,,,,,,,,,190,False,False,0.067,,,,,,,
2026-09-21T11:25:00+00:00,dc-smoke-replay,,,,24.62,,,,,,,,,,,,,,,,,,,,,192,False,False,0.057,,,,,,,
2026-09-21T11:30:00+00:00,dc-smoke-replay,,,,24.23,,,,,,,,,,,,,,,,,,,,,195,False,False,0.092,,,,,,,
2026-09-21T11:35:00+00:00,dc-smoke-replay,,,,24.72,,,,,,,,,,,,,,,,,,,,,197,False,False,0.052,,,,,,,
2026-09-21T11:40:00+00:00,dc-smoke-replay,,,,25.07,,,,,,,,,,,,,,,,,,,,,200,False,False,0.041,,,,,,,
2026-09-21T11:45:00+00:00,dc-smoke-replay,,,,24.68,,,,,,,,,,,,,,,,,,,,,202,False,False,0.072,,,,,,,
2026-09-21T11:50:00+00:00,dc-smoke-replay,,,,24.65,,,,,,,,,,,,,,,,,,,,,205,False,False,0.049,,,,,,,
2026-09-21T11:55:00+00:00,dc-smoke-replay,,,,24.71,,,,,,,,,,,,,,,,,,,,,207,False,False,0.061,,,,,,,
2026-09-21T12:00:00+00:00,dc-smoke-replay,,,,24.92,,,,,,,,,,,,,,,,,,,,,210,False,False,0.027,,,,,,,
2026-09-21T12:05:00+00:00,dc-smoke-replay,,,,24.7,,,,,,,,,,,,,,,,,,,,,212,False,False,0.035,,,,,,,
2026-09-21T12:10:00+00:00,dc-smoke-replay,,,,24.78,,,,,,,,,,,,,,,,,,,,,215,False,False,0.03,,,,,,,
2026-09-21T12:15:00+00:00,dc-smoke-replay,,,,24.9,,,,,,,,,,,,,,,,,,,,,217,False,False,0.042,,,,,,,
2026-09-21T12:20:00+00:00,dc-smoke-replay,,,,24.86,,,,,,,,,,,,,,,,,,,,,220,False,False,0.071,,,,,,,
2026-09-21T12:25:00+00:00,dc-smoke-replay,,,,24.93,,,,,,,,,,,,,,,,,,,,,222,False,False,0.011,,,,,,,
2026-09-21T12:30:00+00:00,dc-smoke-replay,,,,24.99,,,,,,,,,,,,,,,,,,,,,225,False,False,0.033,,,,,,,
2026-09-21T12:35:00+00:00,dc-smoke-replay,,,,25.13,,,,,,,,,,,,,,,,,,,,,227,False,False,0.031,,,,,,,
2026-09-21T12:40:00+00:00,dc-smoke-replay,,,,25.11,,,,,,,,,,,,,,,,,,,,,230,False,False,0.088,,,,,,,
2026-09-21T12:45:00+00:00,dc-smoke-replay,,,,25.11,,,,,,,,,,,,,,,,,,,,,232,False,False,0.054,,,,,,,
2026-09-21T12:50:00+00:00,dc-smoke-replay,,,,25.34,,,,,,,,,,,,,,,,,,,,,235,False,False,0.062,,,,,,,
2026-09-21T12:55:00+00:00,dc-smoke-replay,,,,25.53,,,,,,,,,,,,,,,,,,,,,237,False,False,0.054,,,,,,,
2026-09-21T13:00:00+00:00,dc-smoke-replay,,,,25.6,,,,,,,,,,,,,,,,,,,,,240,False,False,0.029,,,,,,,
2026-09-21T13:05:00+00:00,dc-smoke-replay,,,,25.3,,,,,,,,,,,,,,,,,,,,,242,False,False,0.046,,,,,,,
2026-09-21T13:10:00+00:00,dc-smoke-replay,,,,25.65,,,,,,,,,,,,,,,,,,,,,245,False,False,0.052,,,,,,,
2026-09-21T13:15:00+00:00,dc-smoke-replay,,,,25.41,,,,,,,,,,,,,,,,,,,,,247,False,False,0.034,,,,,,,
2026-09-21T13:20:00+00:00,dc-smoke-replay,,,,25.67,,,,,,,,,,,,,,,,,,,,,250,False,False,0.053,,,,,,,
2026-09-21T13:25:00+00:00,dc-smoke-replay,,,,25.61,,,,,,,,,,,,,,,,,,,,,252,False,False,0.054,,,,,,,
2026-09-21T13:30:00+00:00,dc-smoke-replay,,,,25.88,,,,,,,,,,,,,,,,,,,,,255,False,False,0.065,,,,,,,
2026-09-21T13:35:00+00:00,dc-smoke-replay,,,,25.83,,,,,,,,,,,,,,,,,,,,,257,False,False,0.06,,,,,,,
2026-09-21T13:40:00+00:00,dc-smoke-replay,,,,25.71,,,,,,,,,,,,,,,,,,,,,260,False,False,0.074,,,,,,,
2026-09-21T13:45:00+00:00,dc-smoke-replay,,,,25.76,,,,,,,,,,,,,,,,,,,,,262,False,False,0.047,,,,,,,
2026-09-21T13:50:00+00:00,dc-smoke-replay,,,,26.34,,,,,,,,,,,,,,,,,,,,,265,False,False,0.046,,,,,,,
2026-09-21T13:55:00+00:00,dc-smoke-replay,,,,25.86,,,,,,,,,,,,,,,,,,,,,267,False,False,0.066,,,,,,,
2026-09-21T14:00:00+00:00,dc-smoke-replay,,,,26.17,,,,,,,,,,,,,,,,,,,,,270,False,False,0.055,,,,,,,
2026-09-21T14:05:00+00:00,dc-smoke-replay,,,,26.04,,,,,,,,,,,,,,,,,,,,,272,False,False,0.084,,,,,,,
2026-09-21T14:10:00+00:00,dc-smoke-replay,,,,26.12,,,,,,,,,,,,,,,,,,,,,275,False,False,0.057,,,,,,,
2026-09-21T14:15:00+00:00,dc-smoke-replay,,,,26.11,,,,,,,,,,,,,,,,,,,,,277,False,False,0.021,,,,,,,
2026-09-21T14:20:00+00:00,dc-smoke-replay,,,,26.37,,,,,,,,,,,,,,,,,,,,,280,False,False,0.063,,,,,,,
2026-09-21T14:25:00+00:00,dc-smoke-replay,,,,26.2,,,,,,,,,,,,,,,,,,,,,282,False,False,0.067,,,,,,,
2026-09-21T14:30:00+00:00,dc-smoke-replay,,,,26.31,,,,,,,,,,,,,,,,,,,,,285,False,False,0.098,,,,,,,
2026-09-21T14:35:00+00:00,dc-smoke-replay,,,,26.32,,,,,,,,,,,,,,,,,,,,,287,False,False,0.056,,,,,,,
2026-09-21T14:40:00+00:00,dc-smoke-replay,,,,26.25,,,,,,,,,,,,,,,,,,,,,290,False,False,0.049,,,,,,,
2026-09-21T14:45:00+00:00,dc-smoke-replay,,,,26.44,,,,,,,,,,,,,,,,,,,,,292,False,False,0.09,,,,,,,
2026-09-21T14:50:00+00:00,dc-smoke-replay,,,,26.69,,,,,,,,,,,,,,,,,,,,,295,False,False,0.05,,,,,,,
2026-09-21T14:55:00+00:00,dc-smoke-replay,,,,26.69,,,,,,,,,,,,,,,,,,,,,297,False,False,0.071,,,,,,,
2026-09-21T15:00:00+00:00,dc-smoke-replay,,,,26.62,,,,,,,,,,,,,,,,,,,,,300,False,False,0.044,,,,,,,
2026-09-21T15:05:00+00:00,dc-smoke-replay,,,,26.78,,,,,,,,,,,,,,,,,,,,,302,False,False,0.004,,,,,,,
2026-09-21T15:10:00+00:00,dc-smoke-replay,,,,26.66,,,,,,,,,,,,,,,,,,,,,305,False,False,0.053,,,,,,,
2026-09-21T15:15:00+00:00,dc-smoke-replay,,,,26.92,,,,,,,,,,,,,,,,,,,,,307,False,False,0.074,,,,,,,
2026-09-21T15:20:00+00:00,dc-smoke-replay,,,,26.73,,,,,,,,,,,,,,,,,,,,,310,False,False,0.819,,,,,,,
2026-09-21T15:25:00+00:00,dc-smoke-replay,,,,26.89,,,,,,,,,,,,,,,,,,,,,312,False,False,1.393,,,,,,,
2026-09-21T15:30:00+00:00,dc-smoke-replay,,,,26.87,,,,,,,,,,,,,,,,,,,,,315,False,False,1.786,,,,,,,
2026-09-21T15:35:00+00:00,dc-smoke-replay,,,,26.92,,,,,,,,,,,,,,,,,,,,,317,False,False,1.677,,,,,,,
2026-09-21T15:40:00+00:00,dc-smoke-replay,,,,26.95,,,,,,,,,,,,,,,,,,,,,320,False,False,0.863,,,,,,,
2026-09-21T15:45:00+00:00,dc-smoke-replay,,,,27.03,,,,,,,,,,,,,,,,,,,,,322,False,False,0.086,,,,,,,
2026-09-21T15:50:00+00:00,dc-smoke-replay,,,,27.27,,,,,,,,,,,,,,,,,,,,,325,False,False,0.042,,,,,,,
2026-09-21T15:55:00+00:00,dc-smoke-replay,,,,27.38,,,,,,,,,,,,,,,,,,,,,327,False,False,0.068,,,,,,,
2026-09-21T16:40:00+00:00,dc-smoke-replay,,,,27.65,,,,,,,,,,,,,,,,,,,,,350,False,False,0.056,,,,,,,
2026-09-21T16:45:00+00:00,dc-smoke-replay,,,,27.74,,,,,,,,,,,,,,,,,,,,,352,False,False,0.048,,,,,,,
2026-09-21T16:50:00+00:00,dc-smoke-replay,,,,27.64,,,,,,,,,,,,,,,,,,,,,355,False,False,0.092,,,,,,,
2026-09-21T16:55:00+00:00,dc-smoke-replay,,,,27.6,,,,,,,,,,,,,,,,,,,,,357,False,False,0.033,,,,,,,
2026-09-21T17:00:00+00:00,dc-smoke-replay,,,,27.87,,,,,,,,,,,,,,,,,,,,,360,False,False,0.062,,,,,,,
2026-09-21T17:05:00+00:00,dc-smoke-replay,,,,27.81,,,,,,,,,,,,,,,,,,,,,362,False,False,0.018,,,,,,,
2026-09-21T17:10:00+00:00,dc-smoke-replay,,,,27.85,,,,,,,,,,,,,,,,,,,,,365,False,False,0.069,,,,,,,
2026-09-21T17:15:00+00:00,dc-smoke-replay,,,,27.91,,,,,,,,,,,,,,,,,,,,,367,False,False,0.059,,,,,,,
2026-09-21T17:20:00+00:00,dc-smoke-replay,,,,28.02,,,,,,,,,,,,,,,,,,,,,370,False,False,0.077,,,,,,,
2026-09-21T17:25:00+00:00,dc-smoke-replay,,,,27.9,,,,,,,,,,,,,,,,,,,,,372,False,False,0.064,,,,,,,
2026-09-21T17:30:00+00:00,dc-smoke-replay,,,,28.12,,,,,,,,,,,,,,,,,,,,,375,False,False,0.057,,,,,,,
2026-09-21T17:35:00+00:00,dc-smoke-replay,,,,28.0,,,,,,,,,,,,,,,,,,,,,377,False,False,0.063,,,,,,,
2026-09-21T17:40:00+00:00,dc-smoke-replay,,,,28.0,,,,,,,,,,,,,,,,,,,,,380,False,False,0.06,,,,,,,
2026-09-21T17:45:00+00:00,dc-smoke-replay,,,,28.02,,,,,,,,,,,,,,,,,,,,,382,False,False,0.07,,,,,,,
2026-09-21T17:50:00+00:00,dc-smoke-replay,,,,28.1,,,,,,,,,,,,,,,,,,,,,385,False,False,0.104,,,,,,,
2026-09-21T17:55:00+00:00,dc-smoke-replay,,,,27.86,,,,,,,,,,,,,,,,,,,,,387,False,False,0.004,,,,,,,
2026-09-21T18:00:00+00:00,dc-smoke-replay,,,,28.12,,,,,,,,,,,,,,,,,,,,,390,False,False,0.056,,,,,,,
2026-09-21T18:05:00+00:00,dc-smoke-replay,,,,28.3,,,,,,,,,,,,,,,,,,,,,392,False,False,0.05,,,,,,,
2026-09-21T18:10:00+00:00,dc-smoke-replay,,,,28.19,,,,,,,,,,,,,,,,,,,,,395,False,False,0.042,,,,,,,
2026-09-21T18:15:00+00:00,dc-smoke-replay,,,,28.18,,,,,,,,,,,,,,,,,,,,,397,False,False,0.027,,,,,,,
2026-09-21T18:20:00+00:00,dc-smoke-replay,,,,28.23,,,,,,,,,,,,,,,,,,,,,400,False,False,0.05,,,,,,,
2026-09-21T18:25:00+00:00,dc-smoke-replay,,,,28.33,,,,,,,,,,,,,,,,,,,,,402,False,False,0.044,,,,,,,
2026-09-21T18:30:00+00:00,dc-smoke-replay,,,,28.31,,,,,,,,,,,,,,,,,,,,,405,False,False,0.045,,,,,,,
2026-09-21T18:35:00+00:00,dc-smoke-replay,,,,28.38,,,,,,,,,,,,,,,,,,,,,407,False,False,0.031,,,,,,,
2026-09-21T18:40:00+00:00,dc-smoke-replay,,,,28.15,,,,,,,,,,,,,,,,,,,,,410,False,False,0.06,,,,,,,
2026-09-21T18:45:00+00:00,dc-smoke-replay,,,,28.15,,,,,,,,,,,,,,,,,,,,,412,False,False,0.04,,,,,,,
2026-09-21T18:50:00+00:00,dc-smoke-replay,,,,28.65,,,,,,,,,,,,,,,,,,,,,415,False,False,0.029,,,,,,,
2026-09-21T18:55:00+00:00,dc-smoke-replay,,,,28.32,,,,,,,,,,,,,,,,,,,,,417,False,False,0.03,,,,,,,
2026-09-21T19:00:00+00:00,dc-smoke-replay,,,,28.56,,,,,,,,,,,,,,,,,,,,,420,False,False,0.051,,,,,,,
2026-09-21T19:05:00+00:00,dc-smoke-replay,,,,28.22,,,,,,,,,,,,,,,,,,,,,422,False,False,0.034,,,,,,,
2026-09-21T19:10:00+00:00,dc-smoke-replay,,,,28.65,,,,,,,,,,,,,,,,,,,,,425,False,False,0.044,,,,,,,
2026-09-21T19:15:00+00:00,dc-smoke-replay,,,,28.62,,,,,,,,,,,,,,,,,,,,,427,False,False,0.076,,,,,,,
2026-09-21T19:20:00+00:00,dc-smoke-replay,,,,28.51,,,,,,,,,,,,,,,,,,,,,430,False,False,0.037,,,,,,,
2026-09-21T19:25:00+00:00,dc-smoke-replay,,,,28.53,,,,,,,,,,,,,,,,,,,,,432,False,False,0.034,,,,,,,
2026-09-21T19:30:00+00:00,dc-smoke-replay,,,,28.48,,,,,,,,,,,,,,,,,,,,,435,False,False,0.081,,,,,,,
2026-09-21T19:35:00+00:00,dc-smoke-replay,,,,28.5,,,,,,,,,,,,,,,,,,,,,437,False,False,0.038,,,,,,,
2026-09-21T19:40:00+00:00,dc-smoke-replay,,,,28.39,,,,,,,,,,,,,,,,,,,,,440,False,False,0.049,,,,,,,
2026-09-21T19:45:00+00:00,dc-smoke-replay,,,,28.62,,,,,,,,,,,,,,,,,,,,,442,False,False,0.064,,,,,,,
2026-09-21T19:50:00+00:00,dc-smoke-replay,,,,28.27,,,,,,,,,,,,,,,,,,,,,445,False,False,0.051,,,,,,,
2026-09-21T19:55:00+00:00,dc-smoke-replay,,,,28.34,,,,,,,,,,,,,,,,,,,,,447,False,False,0.055,,,,,,,
2026-09-21T20:00:00+00:00,dc-smoke-replay,,,,28.38,,,,,,,,,,,,,,,,,,,,,450,False,False,0.037,,,,,,,
2026-09-21T20:05:00+00:00,dc-smoke-replay,,,,28.39,,,,,,,,,,,,,,,,,,,,,452,False,False,0.044,,,,,,,
2026-09-21T20:10:00+00:00,dc-smoke-replay,,,,28.5,,,,,,,,,,,,,,,,,,,,,455,False,False,0.04,,,,,,,
2026-09-21T20:15:00+00:00,dc-smoke-replay,,,,28.63,,,,,,,,,,,,,,,,,,,,,457,False,False,0.031,,,,,,,
2026-09-21T20:20:00+00:00,dc-smoke-replay,,,,28.54,,,,,,,,,,,,,,,,,,,,,460,False,False,0.076,,,,,,,
2026-09-21T20:25:00+00:00,dc-smoke-replay,,,,28.59,,,,,,,,,,,,,,,,,,,,,462,False,False,0.001,,,,,,,
2026-09-21T20:30:00+00:00,dc-smoke-replay,,,,28.16,,,,,,,,,,,,,,,,,,,,,465,False,False,0.043,,,,,,,
2026-09-21T20:35:00+00:00,dc-smoke-replay,,,,28.42,,,,,,,,,,,,,,,,,,,,,467,False,False,0.059,,,,,,,
2026-09-21T20:40:00+00:00,dc-smoke-replay,,,,28.54,,,,,,,,,,,,,,,,,,,,,470,False,False,0.019,,,,,,,
2026-09-21T20:45:00+00:00,dc-smoke-replay,,,,28.24,,,,,,,,,,,,,,,,,,,,,472,False,False,0.032,,,,,,,
2026-09-21T20:50:00+00:00,dc-smoke-replay,,,,28.46,,,,,,,,,,,,,,,,,,,,,475,False,False,0.063,,,,,,,
2026-09-21T20:55:00+00:00,dc-smoke-replay,,,,28.48,,,,,,,,,,,,,,,,,,,,,477,False,False,0.038,,,,,,,
2026-09-21T21:00:00+00:00,dc-smoke-replay,,,,28.48,,,,,,,,,,,,,,,,,,,,,480,False,False,0.069,,,,,,,
2026-09-21T21:05:00+00:00,dc-smoke-replay,,,,28.04,,,,,,,,,,,,,,,,,,,,,482,False,False,0.035,,,,,,,
2026-09-21T21:10:00+00:00,dc-smoke-replay,,,,28.42,,,,,,,,,,,,,,,,,,,,,485,False,False,0.044,,,,,,,
2026-09-21T21:15:00+00:00,dc-smoke-replay,,,,28.32,,,,,,,,,,,,,,,,,,,,,487,False,False,0.079,,,,,,,
2026-09-21T21:20:00+00:00,dc-smoke-replay,,,,28.37,,,,,,,,,,,,,,,,,,,,,490,False,False,0.063,,,,,,,
2026-09-21T21:25:00+00:00,dc-smoke-replay,,,,28.47,,,,,,,,,,,,,,,,,,,,,492,False,False,0.056,,,,,,,
2026-09-21T21:30:00+00:00,dc-smoke-replay,,,,28.48,,,,,,,,,,,,,,,,,,,,,495,False,False,0.076,,,,,,,
2026-09-21T21:35:00+00:00,dc-smoke-replay,,,,28.51,,,,,,,,,,,,,,,,,,,,,497,False,False,0.043,,,,,,,
2026-09-21T21:40:00+00:00,dc-smoke-replay,,,,28.26,,,,,,,,,,,,,,,,,,,,,500,False,False,0.043,,,,,,,
2026-09-21T21:45:00+00:00,dc-smoke-replay,,,,28.07,,,,,,,,,,,,,,,,,,,,,502,False,False,0.033,,,,,,,
2026-09-21T21:50:00+00:00,dc-smoke-replay,,,,28.06,,,,,,,,,,,,,,,,,,,,,505,False,False,0.048,,,,,,,
2026-09-21T21:55:00+00:00,dc-smoke-replay,,,,27.97,,,,,,,,,,,,,,,,,,,,,507,False,False,0.028,,,,,,,
2026-09-21T22:00:00+00:00,dc-smoke-replay,,,,28.07,,,,,,,,,,,,,,,,,,,,,510,False,False,0.033,,,,,,,
2026-09-21T22:05:00+00:00,dc-smoke-replay,,,,28.05,,,,,,,,,,,,,,,,,,,,,512,False,False,0.049,,,,,,,
2026-09-21T22:10:00+00:00,dc-smoke-replay,,,,28.15,,,,,,,,,,,,,,,,,,,,,515,False,False,0.034,,,,,,,
2026-09-21T22:15:00+00:00,dc-smoke-replay,,,,27.78,,,,,,,,,,,,,,,,,,,,,517,False,False,0.062,,,,,,,
2026-09-21T22:20:00+00:00,dc-smoke-replay,,,,28.19,,,,,,,,,,,,,,,,,,,,,520,False,False,0.067,,,,,,,
2026-09-21T22:25:00+00:00,dc-smoke-replay,,,,27.94,,,,,,,,,,,,,,,,,,,,,522,False,False,0.074,,,,,,,
2026-09-21T22:30:00+00:00,dc-smoke-replay,,,,27.88,,,,,,,,,,,,,,,,,,,,,525,False,False,0.039,,,,,,,
2026-09-21T22:35:00+00:00,dc-smoke-replay,,,,28.03,,,,,,,,,,,,,,,,,,,,,527,False,False,0.043,,,,,,,
2026-09-21T22:40:00+00:00,dc-smoke-replay,,,,28.01,,,,,,,,,,,,,,,,,,,,,530,False,False,0.028,,,,,,,
2026-09-21T22:45:00+00:00,dc-smoke-replay,,,,28.08,,,,,,,,,,,,,,,,,,,,,532,False,False,0.036,,,,,,,
2026-09-21T22:50:00+00:00,dc-smoke-replay,,,,27.97,,,,,,,,,,,,,,,,,,,,,535,False,False,0.018,,,,,,,
2026-09-21T22:55:00+00:00,dc-smoke-replay,,,,28.21,,,,,,,,,,,,,,,,,,,,,537,False,False,0.053,,,,,,,
2026-09-21T23:00:00+00:00,dc-smoke-replay,,,,28.05,,,,,,,,,,,,,,,,,,,,,540,False,False,0.05,,,,,,,
2026-09-21T23:05:00+00:00,dc-smoke-replay,,,,27.8,,,,,,,,,,,,,,,,,,,,,542,False,False,0.064,,,,,,,
2026-09-21T23:10:00+00:00,dc-smoke-replay,,,,27.67,,,,,,,,,,,,,,,,,,,,,545,False,False,0.032,,,,,,,
2026-09-21T23:15:00+00:00,dc-smoke-replay,,,,27.57,,,,,,,,,,,,,,,,,,,,,547,False,False,0.066,,,,,,,
2026-09-21T23:20:00+00:00,dc-smoke-replay,,,,27.46,,,,,,,,,,,,,,,,,,,,,550,False,False,0.074,,,,,,,
2026-09-21T23:25:00+00:00,dc-smoke-replay,,,,27.43,,,,,,,,,,,,,,,,,,,,,552,False,False,0.085,,,,,,,
2026-09-21T23:30:00+00:00,dc-smoke-replay,,,,27.4,,,,,,,,,,,,,,,,,,,,,555,False,False,0.073,,,,,,,
2026-09-21T23:35:00+00:00,dc-smoke-replay,,,,27.35,,,,,,,,,,,,,,,,,,,,,557,False,False,0.069,,,,,,,
2026-09-21T23:40:00+00:00,dc-smoke-replay,,,,27.43,,,,,,,,,,,,,,,,,,,,,560,False,False,0.045,,,,,,,
2026-09-21T23:45:00+00:00,dc-smoke-replay,,,,27.45,,,,,,,,,,,,,,,,,,,,,562,False,False,0.059,,,,,,,
2026-09-21T23:50:00+00:00,dc-smoke-replay,,,,27.6,,,,,,,,,,,,,,,,,,,,,565,False,False,0.056,,,,,,,
2026-09-21T23:55:00+00:00,dc-smoke-replay,,,,27.55,,,,,,,,,,,,,,,,,,,,,567,False,False,0.039,,,,,,,
2026-09-22T00:00:00+00:00,dc-smoke-replay,,,,27.22,,,,,,,,,,,,,,,,,,,,,570,False,False,0.068,,,,,,,
2026-09-22T00:05:00+00:00,dc-smoke-replay,,,,27.28,,,,,,,,,,,,,,,,,,,,,572,False,False,0.107,,,,,,,
2026-09-22T00:10:00+00:00,dc-smoke-replay,,,,27.26,,,,,,,,,,,,,,,,,,,,,575,False,False,0.045,,,,,,,
2026-09-22T00:15:00+00:00,dc-smoke-replay,,,,27.1,,,,,,,,,,,,,,,,,,,,,577,False,False,0.021,,,,,,,
2026-09-22T00:20:00+00:00,dc-smoke-replay,,,,26.98,,,,,,,,,,,,,,,,,,,,,580,False,False,0.065,,,,,,,
2026-09-22T00:25:00+00:00,dc-smoke-replay,,,,26.88,,,,,,,,,,,,,,,,,,,,,582,False,False,0.031,,,,,,,
2026-09-22T00:30:00+00:00,dc-smoke-replay,,,,26.89,,,,,,,,,,,,,,,,,,,,,585,False,False,0.073,,,,,,,
2026-09-22T00:35:00+00:00,dc-smoke-replay,,,,26.83,,,,,,,,,,,,,,,,,,,,,587,False,False,0.075,,,,,,,
2026-09-22T00:40:00+00:00,dc-smoke-replay,,,,26.76,,,,,,,,,,,,,,,,,,,,,590,False,False,0.005,,,,,,,
2026-09-22T00:45:00+00:00,dc-smoke-replay,,,,26.77,,,,,,,,,,,,,,,,,,,,,592,False,False,0.01,,,,,,,
2026-09-22T00:50:00+00:00,dc-smoke-replay,,,,26.83,,,,,,,,,,,,,,,,,,,,,595,False,False,0.086,,,,,,,
2026-09-22T00:55:00+00:00,dc-smoke-replay,,,,26.77,,,,,,,,,,,,,,,,,,,,,597,False,False,0.034,,,,,,,
2026-09-22T01:00:00+00:00,dc-smoke-replay,,,,26.59,,,,,,,,,,,,,,,,,,,,,600,False,False,0.012,,,,,,,
2026-09-22T01:05:00+00:00,dc-smoke-replay,,,,26.31,,,,,,,,,,,,,,,,,,,,,602,False,False,0.108,,,,,,,
2026-09-22T01:10:00+00:00,dc-smoke-replay,,,,26.65,,,,,,,,,,,,,,,,,,,,,605,False,False,0.088,,,,,,,
2026-09-22T01:15:00+00:00,dc-smoke-replay,,,,26.33,,,,,,,,,,,,,,,,,,,,,607,False,False,0.046,,,,,,,
2026-09-22T01:20:00+00:00,dc-smoke-replay,,,,26.45,,,,,,,,,,,,,,,,,,,,,610,False,False,0.047,,,,,,,
2026-09-22T01:25:00+00:00,dc-smoke-replay,,,,26.14,,,,,,,,,,,,,,,,,,,,,612,False,False,0.064,,,,,,,
2026-09-22T01:30:00+00:00,dc-smoke-replay,,,,26.15,,,,,,,,,,,,,,,,,,,,,615,False,False,0.052,,,,,,,
2026-09-22T01:35:00+00:00,dc-smoke-replay,,,,26.11,,,,,,,,,,,,,,,,,,,,,617,False,False,0.007,,,,,,,
2026-09-22T01:40:00+00:00,dc-smoke-replay,,,,26.27,,,,,,,,,,,,,,,,,,,,,620,False,False,0.04,,,,,,,
2026-09-22T01:45:00+00:00,dc-smoke-replay,,,,26.02,,,,,,,,,,,,,,,,,,,,,622,False,False,0.065,,,,,,,
2026-09-22T01:50:00+00:00,dc-smoke-replay,,,,26.53,,,,,,,,,,,,,,,,,,,,,625,False,False,0.021,,,,,,,
2026-09-22T01:55:00+00:00,dc-smoke-replay,,,,26.24,,,,,,,,,,,,,,,,,,,,,627,False,False,0.032,,,,,,,
2026-09-22T02:00:00+00:00,dc-smoke-replay,,,,25.78,,,,,,,,,,,,,,,,,,,,,630,False,False,0.045,,,,,,,
2026-09-22T02:05:00+00:00,dc-smoke-replay,,,,26.11,,,,,,,,,,,,,,,,,,,,,632,False,False,0.031,,,,,,,
2026-09-22T02:10:00+00:00,dc-smoke-replay,,,,25.99,,,,,,,,,,,,,,,,,,,,,635,False,False,0.055,,,,,,,
2026-09-22T02:15:00+00:00,dc-smoke-replay,,,,25.7,,,,,,,,,,,,,,,,,,,,,637,False,False,0.065,,,,,,,
2026-09-22T02:20:00+00:00,dc-smoke-replay,,,,25.51,,,,,,,,,,,,,,,,,,,,,640,False,False,0.061,,,,,,,
2026-09-22T02:25:00+00:00,dc-smoke-replay,,,,25.79,,,,,,,,,,,,,,,,,,,,,642,False,False,0.049,,,,,,,
2026-09-22T02:30:00+00:00,dc-smoke-replay,,,,25.8,,,,,,,,,,,,,,,,,,,,,645,False,False,0.018,,,,,,,
2026-09-22T02:35:00+00:00,dc-smoke-replay,,,,25.66,,,,,,,,,,,,,,,,,,,,,647,False,False,0.09,,,,,,,
2026-09-22T02:40:00+00:00,dc-smoke-replay,,,,25.65,,,,,,,,,,,,,,,,,,,,,650,False,False,0.053,,,,,,,
2026-09-22T02:45:00+00:00,dc-smoke-replay,,,,25.29,,,,,,,,,,,,,,,,,,,,,652,False,False,0.068,,,,,,,
2026-09-22T02:50:00+00:00,dc-smoke-replay,,,,25.61,,,,,,,,,,,,,,,,,,,,,655,False,False,0.055,,,,,,,
2026-09-22T02:55:00+00:00,dc-smoke-replay,,,,25.33,,,,,,,,,,,,,,,,,,,,,657,False,False,0.038,,,,,,,
2026-09-22T03:00:00+00:00,dc-smoke-replay,,,,25.27,,,,,,,,,,,,,,,,,,,,,660,False,False,0.031,,,,,,,
2026-09-22T03:05:00+00:00,dc-smoke-replay,,,,25.26,,,,,,,,,,,,,,,,,,,,,662,False,False,0.028,,,,,,,
2026-09-22T03:10:00+00:00,dc-smoke-replay,,,,24.99,,,,,,,,,,,,,,,,,,,,,665,False,False,0.6,,,,,,,
2026-09-22T03:15:00+00:00,dc-smoke-replay,,,,29.51,,,,,,,,,,,,,,,,,,,,,667,False,True,2.721,,,,,,,
2026-09-22T03:20:00+00:00,dc-smoke-replay,,,,30.7,,,,,,,,,,,,,,,,,,,,,670,False,True,3.372,,,,,,,
2026-09-22T03:25:00+00:00,dc-smoke-replay,,,,27.39,,,,,,,,,,,,,,,,,,,,,672,False,False,1.748,,,,,,,
2026-09-22T03:30:00+00:00,dc-smoke-replay,,,,25.08,,,,,,,,,,,,,,,,,,,,,675,False,False,0.044,,,,,,,
2026-09-22T03:35:00+00:00,dc-smoke-replay,,,,24.8,,,,,,,,,,,,,,,,,,,,,677,False,False,0.0,,,,,,,
2026-09-22T03:40:00+00:00,dc-smoke-replay,,,,25.07,,,,,,,,,,,,,,,,,,,,,680,False,False,0.073,,,,,,,
2026-09-22T03:45:00+00:00,dc-smoke-replay,,,,24.69,,,,,,,,,,,,,,,,,,,,,682,False,False,0.067,,,,,,,
2026-09-22T03:50:00+00:00,dc-smoke-replay,,,,24.77,,,,,,,,,,,,,,,,,,,,,685,False,False,0.051,,,,,,,
2026-09-22T03:55:00+00:00,dc-smoke-replay,,,,24.81,,,,,,,,,,,,,,,,,,,,,687,False,False,0.002,,,,,,,
2026-09-22T04:00:00+00:00,dc-smoke-replay,,,,24.74,,,,,,,,,,,,,,,,,,,,,690,False,False,0.062,,,,,,,
2026-09-22T04:05:00+00:00,dc-smoke-replay,,,,24.87,,,,,,,,,,,,,,,,,,,,,692,False,False,0.068,,,,,,,
2026-09-22T04:10:00+00:00,dc-smoke-replay,,,,24.84,,,,,,,,,,,,,,,,,,,,,695,False,False,0.057,,,,,,,
2026-09-22T04:15:00+00:00,dc-smoke-replay,,,,24.62,,,,,,,,,,,,,,,,,,,,,697,False,False,0.08,,,,,,,
2026-09-22T04:20:00+00:00,dc-smoke-replay,,,,24.44,,,,,,,,,,,,,,,,,,,,,700,False,False,0.068,,,,,,,
2026-09-22T04:25:00+00:00,dc-smoke-replay,,,,24.53,,,,,,,,,,,,,,,,,,,,,702,False,False,0.026,,,,,,,
2026-09-22T04:30:00+00:00,dc-smoke-replay,,,,24.6,,,,,,,,,,,,,,,,,,,,,705,False,False,0.059,,,,,,,
2026-09-22T04:35:00+00:00,dc-smoke-replay,,,,24.06,,,,,,,,,,,,,,,,,,,,,707,False,False,0.046,,,,,,,
2026-09-22T04:40:00+00:00,dc-smoke-replay,,,,24.34,,,,,,,,,,,,,,,,,,,,,710,False,False,0.015,,,,,,,
2026-09-22T04:45:00+00:00,dc-smoke-replay,,,,24.17,,,,,,,,,,,,,,,,,,,,,712,False,False,0.095,,,,,,,
2026-09-22T04:50:00+00:00,dc-smoke-replay,,,,24.41,,,,,,,,,,,,,,,,,,,,,715,False,False,0.056,,,,,,,
2026-09-22T04:55:00+00:00,dc-smoke-replay,,,,24.52,,,,,,,,,,,,,,,,,,,,,717,False,False,0.054,,,,,,,
2026-09-23T05:00:00+00:00,dc-smoke-replay,,,,24.36,,,,,,,,,,,,,,,,,,,,,0,False,False,0.066,,,,,,,
2026-09-23T05:05:00+00:00,dc-smoke-replay,,,,24.29,,,,,,,,,,,,,,,,,,,,,2,False,False,0.059,,,,,,,
2026-09-23T05:10:00+00:00,dc-smoke-replay,,,,24.13,,,,,,,,,,,,,,,,,,,,,5,False,False,0.016,,,,,,,
2026-09-23T05:15:00+00:00,dc-smoke-replay,,,,24.14,,,,,,,,,,,,,,,,,,,,,7,False,False,0.078,,,,,,,
2026-09-23T05:20:00+00:00,dc-smoke-replay,,,,24.0,,,,,,,,,,,,,,,,,,,,,10,False,False,0.022,,,,,,,
2026-09-23T05:25:00+00:00,dc-smoke-replay,,,,24.4,,,,,,,,,,,,,,,,,,,,,12,False,False,0.044,,,,,,,
2026-09-23T05:30:00+00:00,dc-smoke-replay,,,,23.91,,,,,,,,,,,,,,,,,,,,,15,False,False,0.072,,,,,,,
2026-09-23T05:35:00+00:00,dc-smoke-replay,,,,24.16,,,,,,,,,,,,,,,,,,,,,17,False,False,0.028,,,,,,,
2026-09-23T05:40:00+00:00,dc-smoke-replay,,,,23.82,,,,,,,,,,,,,,,,,,,,,20,False,False,0.059,,,,,,,
2026-09-23T05:45:00+00:00,dc-smoke-replay,,,,24.06,,,,,,,,,,,,,,,,,,,,,22,False,False,0.066,,,,,,,
2026-09-23T05:50:00+00:00,dc-smoke-replay,,,,23.88,,,,,,,,,,,,,,,,,,,,,25,False,False,0.071,,,,,,,
2026-09-23T05:55:00+00:00,dc-smoke-replay,,,,23.83,,,,,,,,,,,,,,,,,,,,,27,False,False,0.049,,,,,,,
2026-09-23T06:00:00+00:00,dc-smoke-replay,,,,23.89,,,,,,,,,,,,,,,,,,,,,30,False,False,0.044,,,,,,,
2026-09-23T06:05:00+00:00,dc-smoke-replay,,,,23.71,,,,,,,,,,,,,,,,,,,,,32,False,False,0.052,,,,,,,
2026-09-23T06:10:00+00:00,dc-smoke-replay,,,,24.18,,,,,,,,,,,,,,,,,,,,,35,False,False,0.025,,,,,,,
2026-09-23T06:15:00+00:00,dc-smoke-replay,,,,23.7,,,,,,,,,,,,,,,,,,,,,37,False,False,0.035,,,,,,,
2026-09-23T06:20:00+00:00,dc-smoke-replay,,,,23.62,,,,,,,,,,,,,,,,,,,,,40,False,False,0.057,,,,,,,
2026-09-23T06:25:00+00:00,dc-smoke-replay,,,,23.6,,,,,,,,,,,,,,,,,,,,,42,False,False,0.028,,,,,,,
2026-09-23T06:30:00+00:00,dc-smoke-replay,,,,23.68,,,,,,,,,,,,,,,,,,,,,45,False,False,0.073,,,,,,,
2026-09-23T06:35:00+00:00,dc-smoke-replay,,,,23.74,,,,,,,,,,,,,,,,,,,,,47,False,False,0.026,,,,,,,
2026-09-23T06:40:00+00:00,dc-smoke-replay,,,,23.84,,,,,,,,,,,,,,,,,,,,,50,False,False,0.068,,,,,,,
2026-09-23T06:45:00+00:00,dc-smoke-replay,,,,23.26,,,,,,,,,,,,,,,,,,,,,52,False,False,0.065,,,,,,,
2026-09-23T06:50:00+00:00,dc-smoke-replay,,,,23.6,,,,,,,,,,,,,,,,,,,,,55,False,False,0.073,,,,,,,
2026-09-23T06:55:00+00:00,dc-smoke-replay,,,,23.46,,,,,,,,,,,,,,,,,,,,,57,False,False,0.062,,,,,,,
2026-09-23T07:00:00+00:00,dc-smoke-replay,,,,23.82,,,,,,,,,,,,,,,,,,,,,60,False,False,0.068,,,,,,,
2026-09-23T07:05:00+00:00,dc-smoke-replay,,,,23.58,,,,,,,,,,,,,,,,,,,,,62,False,False,0.0,,,,,,,
2026-09-23T07:10:00+00:00,dc-smoke-replay,,,,23.34,,,,,,,,,,,,,,,,,,,,,65,False,False,0.033,,,,,,,
2026-09-23T07:15:00+00:00,dc-smoke-replay,,,,23.54,,,,,,,,,,,,,,,,,,,,,67,False,False,0.039,,,,,,,
2026-09-23T07:20:00+00:00,dc-smoke-replay,,,,23.48,,,,,,,,,,,,,,,,,,,,,70,False,False,0.05,,,,,,,
2026-09-23T07:25:00+00:00,dc-smoke-replay,,,,23.6,,,,,,,,,,,,,,,,,,,,,72,False,False,0.007,,,,,,,
2026-09-23T07:30:00+00:00,dc-smoke-replay,,,,23.53,,,,,,,,,,,,,,,,,,,,,75,False,False,0.053,,,,,,,
2026-09-23T07:35:00+00:00,dc-smoke-replay,,,,23.65,,,,,,,,,,,,,,,,,,,,,77,False,False,0.056,,,,,,,
2026-09-23T07:40:00+00:00,dc-smoke-replay,,,,23.45,,,,,,,,,,,,,,,,,,,,,80,False,False,0.065,,,,,,,
2026-09-23T07:45:00+00:00,dc-smoke-replay,,,,23.69,,,,,,,,,,,,,,,,,,,,,82,False,False,0.042,,,,,,,
2026-09-23T07:50:00+00:00,dc-smoke-replay,,,,23.4,,,,,,,,,,,,,,,,,,,,,85,False,False,0.073,,,,,,,
2026-09-23T07:55:00+00:00,dc-smoke-replay,,,,23.42,,,,,,,,,,,,,,,,,,,,,87,False,False,0.058,,,,,,,
2026-09-23T08:00:00+00:00,dc-smoke-replay,,,,23.26,,,,,,,,,,,,,,,,,,,,,90,False,False,0.06,,,,,,,
2026-09-23T08:05:00+00:00,dc-smoke-replay,,,,23.56,,,,,,,,,,,,,,,,,,,,,92,False,False,0.043,,,,,,,
2026-09-23T08:10:00+00:00,dc-smoke-replay,,,,23.66,,,,,,,,,,,,,,,,,,,,,95,False,False,0.083,,,,,,,
2026-09-23T08:15:00+00:00,dc-smoke-replay,,,,23.45,,,,,,,,,,,,,,,,,,,,,97,False,False,0.054,,,,,,,
2026-09-23T08:20:00+00:00,dc-smoke-replay,,,,23.54,,,,,,,,,,,,,,,,,,,,,100,False,False,0.03,,,,,,,
2026-09-23T08:25:00+00:00,dc-smoke-replay,,,,23.44,,,,,,,,,,,,,,,,,,,,,102,False,False,0.051,,,,,,,
2026-09-23T08:30:00+00:00,dc-smoke-replay,,,,23.56,,,,,,,,,,,,,,,,,,,,,105,False,False,0.099,,,,,,,
2026-09-23T08:35:00+00:00,dc-smoke-replay,,,,23.31,,,,,,,,,,,,,,,,,,,,,107,False,False,0.069,,,,,,,
2026-09-23T08:40:00+00:00,dc-smoke-replay,,,,23.64,,,,,,,,,,,,,,,,,,,,,110,False,False,0.071,,,,,,,
2026-09-23T08:45:00+00:00,dc-smoke-replay,,,,23.73,,,,,,,,,,,,,,,,,,,,,112,False,False,0.07,,,,,,,
2026-09-23T08:50:00+00:00,dc-smoke-replay,,,,23.54,,,,,,,,,,,,,,,,,,,,,115,False,False,0.075,,,,,,,
2026-09-23T08:55:00+00:00,dc-smoke-replay,,,,23.66,,,,,,,,,,,,,,,,,,,,,117,False,False,0.047,,,,,,,
2026-09-23T09:00:00+00:00,dc-smoke-replay,,,,23.46,,,,,,,,,,,,,,,,,,,,,120,False,False,0.033,,,,,,,
2026-09-23T09:05:00+00:00,dc-smoke-replay,,,,23.56,,,,,,,,,,,,,,,,,,,,,122,False,False,0.067,,,,,,,
2026-09-23T09:10:00+00:00,dc-smoke-replay,,,,23.64,,,,,,,,,,,,,,,,,,,,,125,False,False,0.03,,,,,,,
2026-09-23T09:15:00+00:00,dc-smoke-replay,,,,23.71,,,,,,,,,,,,,,,,,,,,,127,False,False,0.051,,,,,,,
2026-09-23T09:20:00+00:00,dc-smoke-replay,,,,23.69,,,,,,,,,,,,,,,,,,,,,130,False,False,0.023,,,,,,,
2026-09-23T09:25:00+00:00,dc-smoke-replay,,,,23.78,,,,,,,,,,,,,,,,,,,,,132,False,False,0.042,,,,,,,
2026-09-23T09:30:00+00:00,dc-smoke-replay,,,,23.57,,,,,,,,,,,,,,,,,,,,,135,False,False,0.013,,,,,,,
2026-09-23T09:35:00+00:00,dc-smoke-replay,,,,23.43,,,,,,,,,,,,,,,,,,,,,137,False,False,0.081,,,,,,,
2026-09-23T09:40:00+00:00,dc-smoke-replay,,,,23.69,,,,,,,,,,,,,,,,,,,,,140,False,False,0.034,,,,,,,
2026-09-23T09:45:00+00:00,dc-smoke-replay,,,,23.94,,,,,,,,,,,,,,,,,,,,,142,False,False,0.074,,,,,,,
2026-09-23T09:50:00+00:00,dc-smoke-replay,,,,23.56,,,,,,,,,,,,,,,,,,,,,145,False,False,0.038,,,,,,,
2026-09-23T09:55:00+00:00,dc-smoke-replay,,,,23.86,,,,,,,,,,,,,,,,,,,,,147,False,False,0.057,,,,,,,
2026-09-23T10:00:00+00:00,dc-smoke-replay,,,,23.71,,,,,,,,,,,,,,,,,,,,,150,False,False,0.041,,,,,,,
2026-09-23T10:05:00+00:00,dc-smoke-replay,,,,23.76,,,,,,,,,,,,,,,,,,,,,152,False,False,0.057,,,,,,,
2026-09-23T10:10:00+00:00,dc-smoke-replay,,,,23.83,,,,,,,,,,,,,,,,,,,,,155,False,False,0.032,,,,,,,
2026-09-23T10:15:00+00:00,dc-smoke-replay,,,,24.03,,,,,,,,,,,,,,,,,,,,,157,False,False,0.052,,,,,,,
2026-09-23T10:20:00+00:00,dc-smoke-replay,,,,23.71,,,,,,,,,,,,,,,,,,,,,160,False,False,0.029,,,,,,,
2026-09-23T10:25:00+00:00,dc-smoke-replay,,,,24.15,,,,,,,,,,,,,,,,,,,,,162,False,False,0.044,,,,,,,
2026-09-23T10:30:00+00:00,dc-smoke-replay,,,,24.0,,,,,,,,,,,,,,,,,,,,,165,False,False,0.047,,,,,,,
2026-09-23T10:35:00+00:00,dc-smoke-replay,,,,24.27,,,,,,,,,,,,,,,,,,,,,167,False,False,0.044,,,,,,,
2026-09-23T10:40:00+00:00,dc-smoke-replay,,,,24.45,,,,,,,,,,,,,,,,,,,,,170,False,False,0.043,,,,,,,
2026-09-23T10:45:00+00:00,dc-smoke-replay,,,,24.06,,,,,,,,,,,,,,,,,,,,,172,False,False,0.061,,,,,,,
2026-09-23T10:50:00+00:00,dc-smoke-replay,,,,24.2,,,,,,,,,,,,,,,,,,,,,175,False,False,0.024,,,,,,,
2026-09-23T10:55:00+00:00,dc-smoke-replay,,,,24.37,,,,,,,,,,,,,,,,,,,,,177,False,False,0.085,,,,,,,
2026-09-23T11:00:00+00:00,dc-smoke-replay,,,,24.29,,,,,,,,,,,,,,,,,,,,,180,False,False,0.023,,,,,,,
2026-09-23T11:05:00+00:00,dc-smoke-replay,,,,24.25,,,,,,,,,,,,,,,,,,,,,182,False,False,0.039,,,,,,,
2026-09-23T11:10:00+00:00,dc-smoke-replay,,,,24.43,,,,,,,,,,,,,,,,,,,,,185,False,False,0.028,,,,,,,
2026-09-23T11:15:00+00:00,dc-smoke-replay,,,,24.06,,,,,,,,,,,,,,,,,,,,,187,False,False,0.085,,,,,,,
2026-09-23T11:20:00+00:00,dc-smoke-replay,,,,24.6,,,,,,,,,,,,,,,,,,,,,190,False,False,0.067,,,,,,,
2026-09-23T11:25:00+00:00,dc-smoke-replay,,,,24.62,,,,,,,,,,,,,,,,,,,,,192,False,False,0.057,,,,,,,
2026-09-23T11:30:00+00:00,dc-smoke-replay,,,,24.23,,,,,,,,,,,,,,,,,,,,,195,False,False,0.092,,,,,,,
2026-09-23T11:35:00+00:00,dc-smoke-replay,,,,24.72,,,,,,,,,,,,,,,,,,,,,197,False,False,0.052,,,,,,,
2026-09-23T11:40:00+00:00,dc-smoke-replay,,,,25.07,,,,,,,,,,,,,,,,,,,,,200,False,False,0.041,,,,,,,
2026-09-23T11:45:00+00:00,dc-smoke-replay,,,,24.68,,,,,,,,,,,,,,,,,,,,,202,False,False,0.072,,,,,,,
2026-09-23T11:50:00+00:00,dc-smoke-replay,,,,24.65,,,,,,,,,,,,,,,,,,,,,205,False,False,0.049,,,,,,,
2026-09-23T11:55:00+00:00,dc-smoke-replay,,,,24.71,,,,,,,,,,,,,,,,,,,,,207,False,False,0.061,,,,,,,
2026-09-23T12:00:00+00:00,dc-smoke-replay,,,,24.92,,,,,,,,,,,,,,,,,,,,,210,False,False,0.027,,,,,,,
2026-09-23T12:05:00+00:00,dc-smoke-replay,,,,24.7,,,,,,,,,,,,,,,,,,,,,212,False,False,0.035,,,,,,,
2026-09-23T12:10:00+00:00,dc-smoke-replay,,,,24.78,,,,,,,,,,,,,,,,,,,,,215,False,False,0.03,,,,,,,
2026-09-23T12:15:00+00:00,dc-smoke-replay,,,,24.9,,,,,,,,,,,,,,,,,,,,,217,False,False,0.042,,,,,,,
2026-09-23T12:20:00+00:00,dc-smoke-replay,,,,24.86,,,,,,,,,,,,,,,,,,,,,220,False,False,0.071,,,,,,,
2026-09-23T12:25:00+00:00,dc-smoke-replay,,,,24.93,,,,,,,,,,,,,,,,,,,,,222,False,False,0.011,,,,,,,
2026-09-23T12:30:00+00:00,dc-smoke-replay,,,,24.99,,,,,,,,,,,,,,,,,,,,,225,False,False,0.033,,,,,,,
2026-09-23T12:35:00+00:00,dc-smoke-replay,,,,25.13,,,,,,,,,,,,,,,,,,,,,227,False,False,0.031,,,,,,,
2026-09-23T12:40:00+00:00,dc-smoke-replay,,,,25.11,,,,,,,,,,,,,,,,,,,,,230,False,False,0.088,,,,,,,
2026-09-23T12:45:00+00:00,dc-smoke-replay,,,,25.11,,,,,,,,,,,,,,,,,,,,,232,False,False,0.054,,,,,,,
2026-09-23T12:50:00+00:00,dc-smoke-replay,,,,25.34,,,,,,,,,,,,,,,,,,,,,235,False,False,0.062,,,,,,,
2026-09-23T12:55:00+00:00,dc-smoke-replay,,,,25.53,,,,,,,,,,,,,,,,,,,,,237,False,False,0.054,,,,,,,
2026-09-23T13:00:00+00:00,dc-smoke-replay,,,,25.6,,,,,,,,,,,,,,,,,,,,,240,False,False,0.029,,,,,,,
2026-09-23T13:05:00+00:00,dc-smoke-replay,,,,25.3,,,,,,,,,,,,,,,,,,,,,242,False,False,0.046,,,,,,,
2026-09-23T13:10:00+00:00,dc-smoke-replay,,,,25.65,,,,,,,,,,,,,,,,,,,,,245,False,False,0.052,,,,,,,
2026-09-23T13:15:00+00:00,dc-smoke-replay,,,,25.41,,,,,,,,,,,,,,,,,,,,,247,False,False,0.034,,,,,,,
2026-09-23T13:20:00+00:00,dc-smoke-replay,,,,25.67,,,,,,,,,,,,,,,,,,,,,250,False,False,0.053,,,,,,,
2026-09-23T13:25:00+00:00,dc-smoke-replay,,,,25.61,,,,,,,,,,,,,,,,,,,,,252,False,False,0.054,,,,,,,
2026-09-23T13:30:00+00:00,dc-smoke-replay,,,,25.88,,,,,,,,,,,,,,,,,,,,,255,False,False,0.065,,,,,,,
2026-09-23T13:35:00+00:00,dc-smoke-replay,,,,25.83,,,,,,,,,,,,,,,,,,,,,257,False,False,0.06,,,,,,,
2026-09-23T13:40:00+00:00,dc-smoke-replay,,,,25.71,,,,,,,,,,,,,,,,,,,,,260,False,False,0.074,,,,,,,
2026-09-23T13:45:00+00:00,dc-smoke-replay,,,,25.76,,,,,,,,,,,,,,,,,,,,,262,False,False,0.047,,,,,,,
2026-09-23T13:50:00+00:00,dc-smoke-replay,,,,26.34,,,,,,,,,,,,,,,,,,,,,265,False,False,0.046,,,,,,,
2026-09-23T13:55:00+00:00,dc-smoke-replay,,,,25.86,,,,,,,,,,,,,,,,,,,,,267,False,False,0.066,,,,,,,
2026-09-23T14:00:00+00:00,dc-smoke-replay,,,,26.17,,,,,,,,,,,,,,,,,,,,,270,False,False,0.055,,,,,,,
2026-09-23T14:05:00+00:00,dc-smoke-replay,,,,26.04,,,,,,,,,,,,,,,,,,,,,272,False,False,0.084,,,,,,,
2026-09-23T14:10:00+00:00,dc-smoke-replay,,,,26.12,,,,,,,,,,,,,,,,,,,,,275,False,False,0.057,,,,,,,
2026-09-23T14:15:00+00:00,dc-smoke-replay,,,,26.11,,,,,,,,,,,,,,,,,,,,,277,False,False,0.021,,,,,,,
2026-09-23T14:20:00+00:00,dc-smoke-replay,,,,26.37,,,,,,,,,,,,,,,,,,,,,280,False,False,0.063,,,,,,,
2026-09-23T14:25:00+00:00,dc-smoke-replay,,,,26.2,,,,,,,,,,,,,,,,,,,,,282,False,False,0.067,,,,,,,
2026-09-23T14:30:00+00:00,dc-smoke-replay,,,,26.31,,,,,,,,,,,,,,,,,,,,,285,False,False,0.098,,,,,,,
2026-09-23T14:35:00+00:00,dc-smoke-replay,,,,26.32,,,,,,,,,,,,,,,,,,,,,287,False,False,0.056,,,,,,,
2026-09-23T14:40:00+00:00,dc-smoke-replay,,,,26.25,,,,,,,,,,,,,,,,,,,,,290,False,False,0.049,,,,,,,
2026-09-23T14:45:00+00:00,dc-smoke-replay,,,,26.44,,,,,,,,,,,,,,,,,,,,,292,False,False,0.09,,,,,,,
2026-09-23T14:50:00+00:00,dc-smoke-replay,,,,26.69,,,,,,,,,,,,,,,,,,,,,295,False,False,0.05,,,,,,,
2026-09-23T14:55:00+00:00,dc-smoke-replay,,,,26.69,,,,,,,,,,,,,,,,,,,,,297,False,False,0.071,,,,,,,
2026-09-23T15:00:00+00:00,dc-smoke-replay,,,,26.62,,,,,,,,,,,,,,,,,,,,,300,False,False,0.044,,,,,,,
2026-09-23T15:05:00+00:00,dc-smoke-replay,,,,26.78,,,,,,,,,,,,,,,,,,,,,302,False,False,0.004,,,,,,,
2026-09-23T15:10:00+00:00,dc-smoke-replay,,,,26.66,,,,,,,,,,,,,,,,,,,,,305,False,False,0.053,,,,,,,
2026-09-23T15:15:00+00:00,dc-smoke-replay,,,,26.92,,,,,,,,,,,,,,,,,,,,,307,False,False,0.074,,,,,,,
2026-09-23T15:20:00+00:00,dc-smoke-replay,,,,26.73,,,,,,,,,,,,,,,,,,,,,310,False,False,0.819,,,,,,,
2026-09-23T15:25:00+00:00,dc-smoke-replay,,,,26.89,,,,,,,,,,,,,,,,,,,,,312,False,False,1.393,,,,,,,
2026-09-23T15:30:00+00:00,dc-smoke-replay,,,,26.87,,,,,,,,,,,,,,,,,,,,,315,False,False,1.786,,,,,,,
2026-09-23T15:35:00+00:00,dc-smoke-replay,,,,26.92,,,,,,,,,,,,,,,,,,,,,317,False,False,1.677,,,,,,,
2026-09-23T15:40:00+00:00,dc-smoke-replay,,,,26.95,,,,,,,,,,,,,,,,,,,,,320,False,False,0.863,,,,,,,
2026-09-23T15:45:00+00:00,dc-smoke-replay,,,,27.03,,,,,,,,,,,,,,,,,,,,,322,False,False,0.086,,,,,,,
2026-09-23T15:50:00+00:00,dc-smoke-replay,,,,27.27,,,,,,,,,,,,,,,,,,,,,325,False,False,0.042,,,,,,,
2026-09-23T15:55:00+00:00,dc-smoke-replay,,,,27.38,,,,,,,,,,,,,,,,,,,,,327,False,False,0.068,,,,,,,
2026-09-23T16:00:00+00:00,dc-smoke-replay,,,,27.21,,,,,,,,,,,,,,,,,,,,,330,False,False,0.08,,,,,,,
2026-09-23T16:05:00+00:00,dc-smoke-replay,,,,27.43,,,,,,,,,,,,,,,,,,,,,332,False,False,0.074,,,,,,,
2026-09-23T16:10:00+00:00,dc-smoke-replay,,,,27.35,,,,,,,,,,,,,,,,,,,,,335,False,False,0.057,,,,,,,
2026-09-23T16:15:00+00:00,dc-smoke-replay,,,,27.35,,,,,,,,,,,,,,,,,,,,,337,False,False,0.029,,,,,,,
2026-09-23T16:20:00+00:00,dc-smoke-replay,,,,27.54,,,,,,,,,,,,,,,,,,,,,340,False,False,0.041,,,,,,,
2026-09-23T16:25:00+00:00,dc-smoke-replay,,,,27.7,,,,,,,,,,,,,,,,,,,,,342,False,False,0.026,,,,,,,
2026-09-23T16:30:00+00:00,dc-smoke-replay,,,,27.57,,,,,,,,,,,,,,,,,,,,,345,False,False,0.091,,,,,,,
2026-09-23T16:35:00+00:00,dc-smoke-replay,,,,27.5,,,,,,,,,,,,,,,,,,,,,347,False,False,0.034,,,,,,,
2026-09-23T16:40:00+00:00,dc-smoke-replay,,,,27.65,,,,,,,,,,,,,,,,,,,,,350,False,False,0.056,,,,,,,
2026-09-23T16:45:00+00:00,dc-smoke-replay,,,,27.74,,,,,,,,,,,,,,,,,,,,,352,False,False,0.048,,,,,,,
2026-09-23T16:50:00+00:00,dc-smoke-replay,,,,27.64,,,,,,,,,,,,,,,,,,,,,355,False,False,0.092,,,,,,,
2026-09-23T16:55:00+00:00,dc-smoke-replay,,,,27.6,,,,,,,,,,,,,,,,,,,,,357,False,False,0.033,,,,,,,
2026-09-23T17:00:00+00:00,dc-smoke-replay,,,,27.87,,,,,,,,,,,,,,,,,,,,,360,False,False,0.062,,,,,,,
2026-09-23T17:05:00+00:00,dc-smoke-replay,,,,27.81,,,,,,,,,,,,,,,,,,,,,362,False,False,0.018,,,,,,,
2026-09-23T17:10:00+00:00,dc-smoke-replay,,,,27.85,,,,,,,,,,,,,,,,,,,,,365,False,False,0.069,,,,,,,
2026-09-23T17:15:00+00:00,dc-smoke-replay,,,,27.91,,,,,,,,,,,,,,,,,,,,,367,False,False,0.059,,,,,,,
2026-09-23T17:20:00+00:00,dc-smoke-replay,,,,28.02,,,,,,,,,,,,,,,,,,,,,370,False,False,0.077,,,,,,,
2026-09-23T17:25:00+00:00,dc-smoke-replay,,,,27.9,,,,,,,,,,,,,,,,,,,,,372,False,False,0.064,,,,,,,
2026-09-23T17:30:00+00:00,dc-smoke-replay,,,,28.12,,,,,,,,,,,,,,,,,,,,,375,False,False,0.057,,,,,,,
2026-09-23T17:35:00+00:00,dc-smoke-replay,,,,28.0,,,,,,,,,,,,,,,,,,,,,377,False,False,0.063,,,,,,,
2026-09-23T17:40:00+00:00,dc-smoke-replay,,,,28.0,,,,,,,,,,,,,,,,,,,,,380,False,False,0.06,,,,,,,
2026-09-23T17:45:00+00:00,dc-smoke-replay,,,,28.02,,,,,,,,,,,,,,,,,,,,,382,False,False,0.07,,,,,,,
2026-09-23T17:50:00+00:00,dc-smoke-replay,,,,28.1,,,,,,,,,,,,,,,,,,,,,385,False,False,0.104,,,,,,,
2026-09-23T17:55:00+00:00,dc-smoke-replay,,,,27.86,,,,,,,,,,,,,,,,,,,,,387,False,False,0.004,,,,,,,
2026-09-23T18:00:00+00:00,dc-smoke-replay,,,,28.12,,,,,,,,,,,,,,,,,,,,,390,False,False,0.056,,,,,,,
2026-09-23T18:05:00+00:00,dc-smoke-replay,,,,28.3,,,,,,,,,,,,,,,,,,,,,392,False,False,0.05,,,,,,,
2026-09-23T18:10:00+00:00,dc-smoke-replay,,,,28.19,,,,,,,,,,,,,,,,,,,,,395,False,False,0.042,,,,,,,
2026-09-23T18:15:00+00:00,dc-smoke-replay,,,,28.18,,,,,,,,,,,,,,,,,,,,,397,False,False,0.027,,,,,,,
2026-09-23T18:20:00+00:00,dc-smoke-replay,,,,28.23,,,,,,,,,,,,,,,,,,,,,400,False,False,0.05,,,,,,,
2026-09-23T18:25:00+00:00,dc-smoke-replay,,,,28.33,,,,,,,,,,,,,,,,,,,,,402,False,False,0.044,,,,,,,
2026-09-23T18:30:00+00:00,dc-smoke-replay,,,,28.31,,,,,,,,,,,,,,,,,,,,,405,False,False,0.045,,,,,,,
2026-09-23T18:35:00+00:00,dc-smoke-replay,,,,28.38,,,,,,,,,,,,,,,,,,,,,407,False,False,0.031,,,,,,,
2026-09-23T18:40:00+00:00,dc-smoke-replay,,,,28.15,,,,,,,,,,,,,,,,,,,,,410,False,False,0.06,,,,,,,
2026-09-23T18:45:00+00:00,dc-smoke-replay,,,,28.15,,,,,,,,,,,,,,,,,,,,,412,False,False,0.04,,,,,,,
2026-09-23T18:50:00+00:00,dc-smoke-replay,,,,28.65,,,,,,,,,,,,,,,,,,,,,415,False,False,0.029,,,,,,,
2026-09-23T18:55:00+00:00,dc-smoke-replay,,,,28.32,,,,,,,,,,,,,,,,,,,,,417,False,False,0.03,,,,,,,
2026-09-23T19:00:00+00:00,dc-smoke-replay,,,,28.56,,,,,,,,,,,,,,,,,,,,,420,False,False,0.051,,,,,,,
2026-09-23T19:05:00+00:00,dc-smoke-replay,,,,28.22,,,,,,,,,,,,,,,,,,,,,422,False,False,0.034,,,,,,,
2026-09-23T19:10:00+00:00,dc-smoke-replay,,,,28.65,,,,,,,,,,,,,,,,,,,,,425,False,False,0.044,,,,,,,
2026-09-23T19:15:00+00:00,dc-smoke-replay,,,,28.62,,,,,,,,,,,,,,,,,,,,,427,False,False,0.076,,,,,,,
2026-09-23T19:20:00+00:00,dc-smoke-replay,,,,28.51,,,,,,,,,,,,,,,,,,,,,430,False,False,0.037,,,,,,,
2026-09-23T19:25:00+00:00,dc-smoke-replay,,,,28.53,,,,,,,,,,,,,,,,,,,,,432,False,False,0.034,,,,,,,
2026-09-23T19:30:00+00:00,dc-smoke-replay,,,,28.48,,,,,,,,,,,,,,,,,,,,,435,False,False,0.081,,,,,,,
2026-09-23T19:35:00+00:00,dc-smoke-replay,,,,28.5,,,,,,,,,,,,,,,,,,,,,437,False,False,0.038,,,,,,,
2026-09-23T19:40:00+00:00,dc-smoke-replay,,,,28.39,,,,,,,,,,,,,,,,,,,,,440,False,False,0.049,,,,,,,
2026-09-23T19:45:00+00:00,dc-smoke-replay,,,,28.62,,,,,,,,,,,,,,,,,,,,,442,False,False,0.064,,,,,,,
2026-09-23T19:50:00+00:00,dc-smoke-replay,,,,28.27,,,,,,,,,,,,,,,,,,,,,445,False,False,0.051,,,,,,,
2026-09-23T19:55:00+00:00,dc-smoke-replay,,,,28.34,,,,,,,,,,,,,,,,,,,,,447,False,False,0.055,,,,,,,
2026-09-23T20:00:00+00:00,dc-smoke-replay,,,,28.38,,,,,,,,,,,,,,,,,,,,,450,False,False,0.037,,,,,,,
2026-09-23T20:05:00+00:00,dc-smoke-replay,,,,28.39,,,,,,,,,,,,,,,,,,,,,452,False,False,0.044,,,,,,,
2026-09-23T20:10:00+00:00,dc-smoke-replay,,,,28.5,,,,,,,,,,,,,,,,,,,,,455,False,False,0.04,,,,,,,
2026-09-23T20:15:00+00:00,dc-smoke-replay,,,,28.63,,,,,,,,,,,,,,,,,,,,,457,False,False,0.031,,,,,,,
2026-09-23T20:20:00+00:00,dc-smoke-replay,,,,28.54,,,,,,,,,,,,,,,,,,,,,460,False,False,0.076,,,,,,,
2026-09-23T20:25:00+00:00,dc-smoke-replay,,,,28.59,,,,,,,,,,,,,,,,,,,,,462,False,False,0.001,,,,,,,
2026-09-23T20:30:00+00:00,dc-smoke-replay,,,,28.16,,,,,,,,,,,,,,,,,,,,,465,False,False,0.043,,,,,,,
2026-09-23T20:35:00+00:00,dc-smoke-replay,,,,28.42,,,,,,,,,,,,,,,,,,,,,467,False,False,0.059,,,,,,,
2026-09-23T20:40:00+00:00,dc-smoke-replay,,,,28.54,,,,,,,,,,,,,,,,,,,,,470,False,False,0.019,,,,,,,
2026-09-23T20:45:00+00:00,dc-smoke-replay,,,,28.24,,,,,,,,,,,,,,,,,,,,,472,False,False,0.032,,,,,,,
2026-09-23T20:50:00+00:00,dc-smoke-replay,,,,28.46,,,,,,,,,,,,,,,,,,,,,475,False,False,0.063,,,,,,,
2026-09-23T20:55:00+00:00,dc-smoke-replay,,,,28.48,,,,,,,,,,,,,,,,,,,,,477,False,False,0.038,,,,,,,
2026-09-23T21:00:00+00:00,dc-smoke-replay,,,,28.48,,,,,,,,,,,,,,,,,,,,,480,False,False,0.069,,,,,,,
2026-09-23T21:05:00+00:00,dc-smoke-replay,,,,28.04,,,,,,,,,,,,,,,,,,,,,482,False,False,0.035,,,,,,,
2026-09-23T21:10:00+00:00,dc-smoke-replay,,,,28.42,,,,,,,,,,,,,,,,,,,,,485,False,False,0.044,,,,,,,
2026-09-23T21:15:00+00:00,dc-smoke-replay,,,,28.32,,,,,,,,,,,,,,,,,,,,,487,False,False,0.079,,,,,,,
2026-09-23T21:20:00+00:00,dc-smoke-replay,,,,28.37,,,,,,,,,,,,,,,,,,,,,490,False,False,0.063,,,,,,,
2026-09-23T21:25:00+00:00,dc-smoke-replay,,,,28.47,,,,,,,,,,,,,,,,,,,,,492,False,False,0.056,,,,,,,
2026-09-23T21:30:00+00:00,dc-smoke-replay,,,,28.48,,,,,,,,,,,,,,,,,,,,,495,False,False,0.076,,,,,,,
2026-09-23T21:35:00+00:00,dc-smoke-replay,,,,28.51,,,,,,,,,,,,,,,,,,,,,497,False,False,0.043,,,,,,,
2026-09-23T21:40:00+00:00,dc-smoke-replay,,,,28.26,,,,,,,,,,,,,,,,,,,,,500,False,False,0.043,,,,,,,
2026-09-23T21:45:00+00:00,dc-smoke-replay,,,,28.07,,,,,,,,,,,,,,,,,,,,,502,False,False,0.033,,,,,,,
2026-09-23T21:50:00+00:00,dc-smoke-replay,,,,28.06,,,,,,,,,,,,,,,,,,,,,505,False,False,0.048,,,,,,,
2026-09-23T21:55:00+00:00,dc-smoke-replay,,,,27.97,,,,,,,,,,,,,,,,,,,,,507,False,False,0.028,,,,,,,
2026-09-23T22:00:00+00:00,dc-smoke-replay,,,,28.07,,,,,,,,,,,,,,,,,,,,,510,False,False,0.033,,,,,,,
2026-09-23T22:05:00+00:00,dc-smoke-replay,,,,28.05,,,,,,,,,,,,,,,,,,,,,512,False,False,0.049,,,,,,,
2026-09-23T22:10:00+00:00,dc-smoke-replay,,,,28.15,,,,,,,,,,,,,,,,,,,,,515,False,False,0.034,,,,,,,
2026-09-23T22:15:00+00:00,dc-smoke-replay,,,,27.78,,,,,,,,,,,,,,,,,,,,,517,False,False,0.062,,,,,,,
2026-09-23T22:20:00+00:00,dc-smoke-replay,,,,28.19,,,,,,,,,,,,,,,,,,,,,520,False,False,0.067,,,,,,,
2026-09-23T22:25:00+00:00,dc-smoke-replay,,,,27.94,,,,,,,,,,,,,,,,,,,,,522,False,False,0.074,,,,,,,
2026-09-23T22:30:00+00:00,dc-smoke-replay,,,,27.88,,,,,,,,,,,,,,,,,,,,,525,False,False,0.039,,,,,,,
2026-09-23T22:35:00+00:00,dc-smoke-replay,,,,28.03,,,,,,,,,,,,,,,,,,,,,527,False,False,0.043,,,,,,,
2026-09-23T22:40:00+00:00,dc-smoke-replay,,,,28.01,,,,,,,,,,,,,,,,,,,,,530,False,False,0.028,,,,,,,
2026-09-23T22:45:00+00:00,dc-smoke-replay,,,,28.08,,,,,,,,,,,,,,,,,,,,,532,False,False,0.036,,,,,,,
2026-09-23T22:50:00+00:00,dc-smoke-replay,,,,27.97,,,,,,,,,,,,,,,,,,,,,535,False,False,0.018,,,,,,,
2026-09-23T22:55:00+00:00,dc-smoke-replay,,,,28.21,,,,,,,,,,,,,,,,,,,,,537,False,False,0.053,,,,,,,
2026-09-23T23:00:00+00:00,dc-smoke-replay,,,,28.05,,,,,,,,,,,,,,,,,,,,,540,False,False,0.05,,,,,,,
2026-09-23T23:05:00+00:00,dc-smoke-replay,,,,27.8,,,,,,,,,,,,,,,,,,,,,542,False,False,0.064,,,,,,,
2026-09-23T23:10:00+00:00,dc-smoke-replay,,,,27.67,,,,,,,,,,,,,,,,,,,,,545,False,False,0.032,,,,,,,
2026-09-23T23:15:00+00:00,dc-smoke-replay,,,,27.57,,,,,,,,,,,,,,,,,,,,,547,False,False,0.066,,,,,,,
2026-09-23T23:20:00+00:00,dc-smoke-replay,,,,27.46,,,,,,,,,,,,,,,,,,,,,550,False,False,0.074,,,,,,,
2026-09-23T23:25:00+00:00,dc-smoke-replay,,,,27.43,,,,,,,,,,,,,,,,,,,,,552,False,False,0.085,,,,,,,
2026-09-23T23:30:00+00:00,dc-smoke-replay,,,,27.4,,,,,,,,,,,,,,,,,,,,,555,False,False,0.073,,,,,,,
2026-09-23T23:35:00+00:00,dc-smoke-replay,,,,27.35,,,,,,,,,,,,,,,,,,,,,557,False,False,0.069,,,,,,,
2026-09-23T23:40:00+00:00,dc-smoke-replay,,,,27.43,,,,,,,,,,,,,,,,,,,,,560,False,False,0.045,,,,,,,
2026-09-23T23:45:00+00:00,dc-smoke-replay,,,,27.45,,,,,,,,,,,,,,,,,,,,,562,False,False,0.059,,,,,,,
2026-09-23T23:50:00+00:00,dc-smoke-replay,,,,27.6,,,,,,,,,,,,,,,,,,,,,565,False,False,0.056,,,,,,,
2026-09-23T23:55:00+00:00,dc-smoke-replay,,,,27.55,,,,,,,,,,,,,,,,,,,,,567,False,False,0.039,,,,,,,
2026-09-24T00:40:00+00:00,dc-smoke-replay,,,,26.76,,,,,,,,,,,,,,,,,,,,,590,False,False,0.005,,,,,,,
2026-09-24T00:45:00+00:00,dc-smoke-replay,,,,26.77,,,,,,,,,,,,,,,,,,,,,592,False,False,0.01,,,,,,,
2026-09-24T00:50:00+00:00,dc-smoke-replay,,,,26.83,,,,,,,,,,,,,,,,,,,,,595,False,False,0.086,,,,,,,
2026-09-24T00:55:00+00:00,dc-smoke-replay,,,,26.77,,,,,,,,,,,,,,,,,,,,,597,False,False,0.034,,,,,,,
2026-09-24T01:00:00+00:00,dc-smoke-replay,,,,26.59,,,,,,,,,,,,,,,,,,,,,600,False,False,0.012,,,,,,,
2026-09-24T01:05:00+00:00,dc-smoke-replay,,,,26.31,,,,,,,,,,,,,,,,,,,,,602,False,False,0.108,,,,,,,
2026-09-24T01:10:00+00:00,dc-smoke-replay,,,,26.65,,,,,,,,,,,,,,,,,,,,,605,False,False,0.088,,,,,,,
2026-09-24T01:15:00+00:00,dc-smoke-replay,,,,26.33,,,,,,,,,,,,,,,,,,,,,607,False,False,0.046,,,,,,,
2026-09-24T01:20:00+00:00,dc-smoke-replay,,,,26.45,,,,,,,,,,,,,,,,,,,,,610,False,False,0.047,,,,,,,
2026-09-24T01:25:00+00:00,dc-smoke-replay,,,,26.14,,,,,,,,,,,,,,,,,,,,,612,False,False,0.064,,,,,,,
2026-09-24T01:30:00+00:00,dc-smoke-replay,,,,26.15,,,,,,,,,,,,,,,,,,,,,615,False,False,0.052,,,,,,,
2026-09-24T01:35:00+00:00,dc-smoke-replay,,,,26.11,,,,,,,,,,,,,,,,,,,,,617,False,False,0.007,,,,,,,
2026-09-24T01:40:00+00:00,dc-smoke-replay,,,,26.27,,,,,,,,,,,,,,,,,,,,,620,False,False,0.04,,,,,,,
2026-09-24T01:45:00+00:00,dc-smoke-replay,,,,26.02,,,,,,,,,,,,,,,,,,,,,622,False,False,0.065,,,,,,,
2026-09-24T01:50:00+00:00,dc-smoke-replay,,,,26.53,,,,,,,,,,,,,,,,,,,,,625,False,False,0.021,,,,,,,
2026-09-24T01:55:00+00:00,dc-smoke-replay,,,,26.24,,,,,,,,,,,,,,,,,,,,,627,False,False,0.032,,,,,,,
2026-09-24T02:00:00+00:00,dc-smoke-replay,,,,25.78,,,,,,,,,,,,,,,,,,,,,630,False,False,0.045,,,,,,,
2026-09-24T02:05:00+00:00,dc-smoke-replay,,,,26.11,,,,,,,,,,,,,,,,,,,,,632,False,False,0.031,,,,,,,
2026-09-24T02:10:00+00:00,dc-smoke-replay,,,,25.99,,,,,,,,,,,,,,,,,,,,,635,False,False,0.055,,,,,,,
2026-09-24T02:15:00+00:00,dc-smoke-replay,,,,25.7,,,,,,,,,,,,,,,,,,,,,637,False,False,0.065,,,,,,,
2026-09-24T02:20:00+00:00,dc-smoke-replay,,,,25.51,,,,,,,,,,,,,,,,,,,,,640,False,False,0.061,,,,,,,
2026-09-24T02:25:00+00:00,dc-smoke-replay,,,,25.79,,,,,,,,,,,,,,,,,,,,,642,False,False,0.049,,,,,,,
2026-09-24T02:30:00+00:00,dc-smoke-replay,,,,25.8,,,,,,,,,,,,,,,,,,,,,645,False,False,0.018,,,,,,,
2026-09-24T02:35:00+00:00,dc-smoke-replay,,,,25.66,,,,,,,,,,,,,,,,,,,,,647,False,False,0.09,,,,,,,
2026-09-24T02:40:00+00:00,dc-smoke-replay,,,,25.65,,,,,,,,,,,,,,,,,,,,,650,False,False,0.053,,,,,,,
2026-09-24T02:45:00+00:00,dc-smoke-replay,,,,25.29,,,,,,,,,,,,,,,,,,,,,652,False,False,0.068,,,,,,,
2026-09-24T02:50:00+00:00,dc-smoke-replay,,,,25.61,,,,,,,,,,,,,,,,,,,,,655,False,False,0.055,,,,,,,
2026-09-24T02:55:00+00:00,dc-smoke-replay,,,,25.33,,,,,,,,,,,,,,,,,,,,,657,False,False,0.038,,,,,,,
2026-09-24T03:00:00+00:00,dc-smoke-replay,,,,25.27,,,,,,,,,,,,,,,,,,,,,660,False,False,0.031,,,,,,,
2026-09-24T03:05:00+00:00,dc-smoke-replay,,,,25.26,,,,,,,,,,,,,,,,,,,,,662,False,False,0.028,,,,,,,
2026-09-24T03:10:00+00:00,dc-smoke-replay,,,,24.99,,,,,,,,,,,,,,,,,,,,,665,False,False,0.6,,,,,,,
2026-09-24T03:15:00+00:00,dc-smoke-replay,,,,29.51,,,,,,,,,,,,,,,,,,,,,667,False,True,2.721,,,,,,,
2026-09-24T03:20:00+00:00,dc-smoke-replay,,,,30.7,,,,,,,,,,,,,,,,,,,,,670,False,True,3.372,,,,,,,
2026-09-24T03:25:00+00:00,dc-smoke-replay,,,,27.39,,,,,,,,,,,,,,,,,,,,,672,False,False,1.748,,,,,,,
2026-09-24T03:30:00+00:00,dc-smoke-replay,,,,25.08,,,,,,,,,,,,,,,,,,,,,675,False,False,0.044,,,,,,,
2026-09-24T03:35:00+00:00,dc-smoke-replay,,,,24.8,,,,,,,,,,,,,,,,,,,,,677,False,False,0.0,,,,,,,
2026-09-24T03:40:00+00:00,dc-smoke-replay,,,,25.07,,,,,,,,,,,,,,,,,,,,,680,False,False,0.073,,,,,,,
2026-09-24T03:45:00+00:00,dc-smoke-replay,,,,24.69,,,,,,,,,,,,,,,,,,,,,682,False,False,0.067,,,,,,,
2026-09-24T03:50:00+00:00,dc-smoke-replay,,,,24.77,,,,,,,,,,,,,,,,,,,,,685,False,False,0.051,,,,,,,
2026-09-24T03:55:00+00:00,dc-smoke-replay,,,,24.81,,,,,,,,,,,,,,,,,,,,,687,False,False,0.002,,,,,,,
2026-09-24T04:00:00+00:00,dc-smoke-replay,,,,24.74,,,,,,,,,,,,,,,,,,,,,690,False,False,0.062,,,,,,,
2026-09-24T04:05:00+00:00,dc-smoke-replay,,,,24.87,,,,,,,,,,,,,,,,,,,,,692,False,False,0.068,,,,,,,
2026-09-24T04:10:00+00:00,dc-smoke-replay,,,,24.84,,,,,,,,,,,,,,,,,,,,,695,False,False,0.057,,,,,,,
2026-09-24T04:15:00+00:00,dc-smoke-replay,,,,24.62,,,,,,,,,,,,,,,,,,,,,697,False,False,0.08,,,,,,,
2026-09-24T04:20:00+00:00,dc-smoke-replay,,,,24.44,,,,,,,,,,,,,,,,,,,,,700,False,False,0.068,,,,,,,
2026-09-24T04:25:00+00:00,dc-smoke-replay,,,,24.53,,,,,,,,,,,,,,,,,,,,,702,False,False,0.026,,,,,,,
2026-09-24T04:30:00+00:00,dc-smoke-replay,,,,24.6,,,,,,,,,,,,,,,,,,,,,705,False,False,0.059,,,,,,,
2026-09-24T04:35:00+00:00,dc-smoke-replay,,,,24.06,,,,,,,,,,,,,,,,,,,,,707,False,False,0.046,,,,,,,
2026-09-24T04:40:00+00:00,dc-smoke-replay,,,,24.34,,,,,,,,,,,,,,,,,,,,,710,False,False,0.015,,,,,,,
2026-09-24T04:45:00+00:00,dc-smoke-replay,,,,24.17,,,,,,,,,,,,,,,,,,,,,712,False,False,0.095,,,,,,,
2026-09-24T04:50:00+00:00,dc-smoke-replay,,,,24.41,,,,,,,,,,,,,,,,,,,,,715,False,False,0.056,,,,,,,
2026-09-24T04:55:00+00:00,dc-smoke-replay,,,,24.52,,,,,,,,,,,,,,,,,,,,,717,False,False,0.054,,,,,,,
2026-09-25T05:00:00+00:00,dc-smoke-replay,,,,24.36,,,,,,,,,,,,,,,,,,,,,0,False,False,0.066,,,,,,,
2026-09-25T05:05:00+00:00,dc-smoke-replay,,,,24.29,,,,,,,,,,,,,,,,,,,,,2,False,False,0.059,,,,,,,
2026-09-25T05:10:00+00:00,dc-smoke-replay,,,,24.13,,,,,,,,,,,,,,,,,,,,,5,False,False,0.016,,,,,,,
2026-09-25T05:15:00+00:00,dc-smoke-replay,,,,24.14,,,,,,,,,,,,,,,,,,,,,7,False,False,0.078,,,,,,,
2026-09-25T05:20:00+00:00,dc-smoke-replay,,,,24.0,,,,,,,,,,,,,,,,,,,,,10,False,False,0.022,,,,,,,
2026-09-25T05:25:00+00:00,dc-smoke-replay,,,,24.4,,,,,,,,,,,,,,,,,,,,,12,False,False,0.044,,,,,,,
2026-09-25T05:30:00+00:00,dc-smoke-replay,,,,23.91,,,,,,,,,,,,,,,,,,,,,15,False,False,0.072,,,,,,,
2026-09-25T05:35:00+00:00,dc-smoke-replay,,,,24.16,,,,,,,,,,,,,,,,,,,,,17,False,False,0.028,,,,,,,
2026-09-25T05:40:00+00:00,dc-smoke-replay,,,,23.82,,,,,,,,,,,,,,,,,,,,,20,False,False,0.059,,,,,,,
2026-09-25T05:45:00+00:00,dc-smoke-replay,,,,24.06,,,,,,,,,,,,,,,,,,,,,22,False,False,0.066,,,,,,,
2026-09-25T05:50:00+00:00,dc-smoke-replay,,,,23.88,,,,,,,,,,,,,,,,,,,,,25,False,False,0.071,,,,,,,
2026-09-25T05:55:00+00:00,dc-smoke-replay,,,,23.83,,,,,,,,,,,,,,,,,,,,,27,False,False,0.049,,,,,,,
2026-09-25T06:00:00+00:00,dc-smoke-replay,,,,23.89,,,,,,,,,,,,,,,,,,,,,30,False,False,0.044,,,,,,,
2026-09-25T06:05:00+00:00,dc-smoke-replay,,,,23.71,,,,,,,,,,,,,,,,,,,,,32,False,False,0.052,,,,,,,
2026-09-25T06:10:00+00:00,dc-smoke-replay,,,,24.18,,,,,,,,,,,,,,,,,,,,,35,False,False,0.025,,,,,,,
2026-09-25T06:15:00+00:00,dc-smoke-replay,,,,23.7,,,,,,,,,,,,,,,,,,,,,37,False,False,0.035,,,,,,,
2026-09-25T06:20:00+00:00,dc-smoke-replay,,,,23.62,,,,,,,,,,,,,,,,,,,,,40,False,False,0.057,,,,,,,
2026-09-25T06:25:00+00:00,dc-smoke-replay,,,,23.6,,,,,,,,,,,,,,,,,,,,,42,False,False,0.028,,,,,,,
2026-09-25T06:30:00+00:00,dc-smoke-replay,,,,23.68,,,,,,,,,,,,,,,,,,,,,45,False,False,0.073,,,,,,,
2026-09-25T06:35:00+00:00,dc-smoke-replay,,,,23.74,,,,,,,,,,,,,,,,,,,,,47,False,False,0.026,,,,,,,
2026-09-25T06:40:00+00:00,dc-smoke-replay,,,,23.84,,,,,,,,,,,,,,,,,,,,,50,False,False,0.068,,,,,,,
2026-09-25T06:45:00+00:00,dc-smoke-replay,,,,23.26,,,,,,,,,,,,,,,,,,,,,52,False,False,0.065,,,,,,,
2026-09-25T06:50:00+00:00,dc-smoke-replay,,,,23.6,,,,,,,,,,,,,,,,,,,,,55,False,False,0.073,,,,,,,
2026-09-25T06:55:00+00:00,dc-smoke-replay,,,,23.46,,,,,,,,,,,,,,,,,,,,,57,False,False,0.062,,,,,,,
2026-09-25T07:00:00+00:00,dc-smoke-replay,,,,23.82,,,,,,,,,,,,,,,,,,,,,60,False,False,0.068,,,,,,,
2026-09-25T07:05:00+00:00,dc-smoke-replay,,,,23.58,,,,,,,,,,,,,,,,,,,,,62,False,False,0.0,,,,,,,
2026-09-25T07:10:00+00:00,dc-smoke-replay,,,,23.34,,,,,,,,,,,,,,,,,,,,,65,False,False,0.033,,,,,,,
2026-09-25T07:15:00+00:00,dc-smoke-replay,,,,23.54,,,,,,,,,,,,,,,,,,,,,67,False,False,0.039,,,,,,,
2026-09-25T07:20:00+00:00,dc-smoke-replay,,,,23.48,,,,,,,,,,,,,,,,,,,,,70,False,False,0.05,,,,,,,
2026-09-25T07:25:00+00:00,dc-smoke-replay,,,,23.6,,,,,,,,,,,,,,,,,,,,,72,False,False,0.007,,,,,,,
2026-09-25T07:30:00+00:00,dc-smoke-replay,,,,23.53,,,,,,,,,,,,,,,,,,,,,75,False,False,0.053,,,,,,,
2026-09-25T07:35:00+00:00,dc-smoke-replay,,,,23.65,,,,,,,,,,,,,,,,,,,,,77,False,False,0.056,,,,,,,
2026-09-25T07:40:00+00:00,dc-smoke-replay,,,,23.45,,,,,,,,,,,,,,,,,,,,,80,False,False,0.065,,,,,,,
2026-09-25T07:45:00+00:00,dc-smoke-replay,,,,23.69,,,,,,,,,,,,,,,,,,,,,82,False,False,0.042,,,,,,,
2026-09-25T07:50:00+00:00,dc-smoke-replay,,,,23.4,,,,,,,,,,,,,,,,,,,,,85,False,False,0.073,,,,,,,
2026-09-25T07:55:00+00:00,dc-smoke-replay,,,,23.42,,,,,,,,,,,,,,,,,,,,,87,False,False,0.058,,,,,,,
2026-09-25T08:40:00+00:00,dc-smoke-replay,,,,23.64,,,,,,,,,,,,,,,,,,,,,110,False,False,0.071,,,,,,,
2026-09-25T08:45:00+00:00,dc-smoke-replay,,,,23.73,,,,,,,,,,,,,,,,,,,,,112,False,False,0.07,,,,,,,
2026-09-25T08:50:00+00:00,dc-smoke-replay,,,,23.54,,,,,,,,,,,,,,,,,,,,,115,False,False,0.075,,,,,,,
2026-09-25T08:55:00+00:00,dc-smoke-replay,,,,23.66,,,,,,,,,,,,,,,,,,,,,117,False,False,0.047,,,,,,,
2026-09-25T09:00:00+00:00,dc-smoke-replay,,,,23.46,,,,,,,,,,,,,,,,,,,,,120,False,False,0.033,,,,,,,
2026-09-25T09:05:00+00:00,dc-smoke-replay,,,,23.56,,,,,,,,,,,,,,,,,,,,,122,False,False,0.067,,,,,,,
2026-09-25T09:10:00+00:00,dc-smoke-replay,,,,23.64,,,,,,,,,,,,,,,,,,,,,125,False,False,0.03,,,,,,,
2026-09-25T09:15:00+00:00,dc-smoke-replay,,,,23.71,,,,,,,,,,,,,,,,,,,,,127,False,False,0.051,,,,,,,
2026-09-25T09:20:00+00:00,dc-smoke-replay,,,,23.69,,,,,,,,,,,,,,,,,,,,,130,False,False,0.023,,,,,,,
2026-09-25T09:25:00+00:00,dc-smoke-replay,,,,23.78,,,,,,,,,,,,,,,,,,,,,132,False,False,0.042,,,,,,,
2026-09-25T09:30:00+00:00,dc-smoke-replay,,,,23.57,,,,,,,,,,,,,,,,,,,,,135,False,False,0.013,,,,,,,
2026-09-25T09:35:00+00:00,dc-smoke-replay,,,,23.43,,,,,,,,,,,,,,,,,,,,,137,False,False,0.081,,,,,,,
2026-09-25T09:40:00+00:00,dc-smoke-replay,,,,23.69,,,,,,,,,,,,,,,,,,,,,140,False,False,0.034,,,,,,,
2026-09-25T09:45:00+00:00,dc-smoke-replay,,,,23.94,,,,,,,,,,,,,,,,,,,,,142,False,False,0.074,,,,,,,
2026-09-25T09:50:00+00:00,dc-smoke-replay,,,,23.56,,,,,,,,,,,,,,,,,,,,,145,False,False,0.038,,,,,,,
2026-09-25T09:55:00+00:00,dc-smoke-replay,,,,23.86,,,,,,,,,,,,,,,,,,,,,147,False,False,0.057,,,,,,,
2026-09-25T10:00:00+00:00,dc-smoke-replay,,,,23.71,,,,,,,,,,,,,,,,,,,,,150,False,False,0.041,,,,,,,
2026-09-25T10:05:00+00:00,dc-smoke-replay,,,,23.76,,,,,,,,,,,,,,,,,,,,,152,False,False,0.057,,,,,,,
2026-09-25T10:10:00+00:00,dc-smoke-replay,,,,23.83,,,,,,,,,,,,,,,,,,,,,155,False,False,0.032,,,,,,,
2026-09-25T10:15:00+00:00,dc-smoke-replay,,,,24.03,,,,,,,,,,,,,,,,,,,,,157,False,False,0.052,,,,,,,
2026-09-25T10:20:00+00:00,dc-smoke-replay,,,,23.71,,,,,,,,,,,,,,,,,,,,,160,False,False,0.029,,,,,,,
2026-09-25T10:25:00+00:00,dc-smoke-replay,,,,24.15,,,,,,,,,,,,,,,,,,,,,162,False,False,0.044,,,,,,,
2026-09-25T10:30:00+00:00,dc-smoke-replay,,,,24.0,,,,,,,,,,,,,,,,,,,,,165,False,False,0.047,,,,,,,
2026-09-25T10:35:00+00:00,dc-smoke-replay,,,,24.27,,,,,,,,,,,,,,,,,,,,,167,False,False,0.044,,,,,,,
2026-09-25T10:40:00+00:00,dc-smoke-replay,,,,24.45,,,,,,,,,,,,,,,,,,,,,170,False,False,0.043,,,,,,,
2026-09-25T10:45:00+00:00,dc-smoke-replay,,,,24.06,,,,,,,,,,,,,,,,,,,,,172,False,False,0.061,,,,,,,
2026-09-25T10:50:00+00:00,dc-smoke-replay,,,,24.2,,,,,,,,,,,,,,,,,,,,,175,False,False,0.024,,,,,,,
2026-09-25T10:55:00+00:00,dc-smoke-replay,,,,24.37,,,,,,,,,,,,,,,,,,,,,177,False,False,0.085,,,,,,,
2026-09-25T11:00:00+00:00,dc-smoke-replay,,,,24.29,,,,,,,,,,,,,,,,,,,,,180,False,False,0.023,,,,,,,
2026-09-25T11:05:00+00:00,dc-smoke-replay,,,,24.25,,,,,,,,,,,,,,,,,,,,,182,False,False,0.039,,,,,,,
2026-09-25T11:10:00+00:00,dc-smoke-replay,,,,24.43,,,,,,,,,,,,,,,,,,,,,185,False,False,0.028,,,,,,,
2026-09-25T11:15:00+00:00,dc-smoke-replay,,,,24.06,,,,,,,,,,,,,,,,,,,,,187,False,False,0.085,,,,,,,
2026-09-25T11:20:00+00:00,dc-smoke-replay,,,,24.6,,,,,,,,,,,,,,,,,,,,,190,False,False,0.067,,,,,,,
2026-09-25T11:25:00+00:00,dc-smoke-replay,,,,24.62,,,,,,,,,,,,,,,,,,,,,192,False,False,0.057,,,,,,,
2026-09-25T11:30:00+00:00,dc-smoke-replay,,,,24.23,,,,,,,,,,,,,,,,,,,,,195,False,False,0.092,,,,,,,
2026-09-25T11:35:00+00:00,dc-smoke-replay,,,,24.72,,,,,,,,,,,,,,,,,,,,,197,False,False,0.052,,,,,,,
2026-09-25T11:40:00+00:00,dc-smoke-replay,,,,25.07,,,,,,,,,,,,,,,,,,,,,200,False,False,0.041,,,,,,,
2026-09-25T11:45:00+00:00,dc-smoke-replay,,,,24.68,,,,,,,,,,,,,,,,,,,,,202,False,False,0.072,,,,,,,
2026-09-25T11:50:00+00:00,dc-smoke-replay,,,,24.65,,,,,,,,,,,,,,,,,,,,,205,False,False,0.049,,,,,,,
2026-09-25T11:55:00+00:00,dc-smoke-replay,,,,24.71,,,,,,,,,,,,,,,,,,,,,207,False,False,0.061,,,,,,,
2026-09-25T12:00:00+00:00,dc-smoke-replay,,,,24.92,,,,,,,,,,,,,,,,,,,,,210,False,False,0.027,,,,,,,
2026-09-25T12:05:00+00:00,dc-smoke-replay,,,,24.7,,,,,,,,,,,,,,,,,,,,,212,False,False,0.035,,,,,,,
2026-09-25T12:10:00+00:00,dc-smoke-replay,,,,24.78,,,,,,,,,,,,,,,,,,,,,215,False,False,0.03,,,,,,,
2026-09-25T12:15:00+00:00,dc-smoke-replay,,,,24.9,,,,,,,,,,,,,,,,,,,,,217,False,False,0.042,,,,,,,
2026-09-25T12:20:00+00:00,dc-smoke-replay,,,,24.86,,,,,,,,,,,,,,,,,,,,,220,False,False,0.071,,,,,,,
2026-09-25T12:25:00+00:00,dc-smoke-replay,,,,24.93,,,,,,,,,,,,,,,,,,,,,222,False,False,0.011,,,,,,,
2026-09-25T12:30:00+00:00,dc-smoke-replay,,,,24.99,,,,,,,,,,,,,,,,,,,,,225,False,False,0.033,,,,,,,
2026-09-25T12:35:00+00:00,dc-smoke-replay,,,,25.13,,,,,,,,,,,,,,,,,,,,,227,False,False,0.031,,,,,,,
2026-09-25T12:40:00+00:00,dc-smoke-replay,,,,25.11,,,,,,,,,,,,,,,,,,,,,230,False,False,0.088,,,,,,,
2026-09-25T12:45:00+00:00,dc-smoke-replay,,,,25.11,,,,,,,,,,,,,,,,,,,,,232,False,False,0.054,,,,,,,
2026-09-25T12:50:00+00:00,dc-smoke-replay,,,,25.34,,,,,,,,,,,,,,,,,,,,,235,False,False,0.062,,,,,,,
2026-09-25T12:55:00+00:00,dc-smoke-replay,,,,25.53,,,,,,,,,,,,,,,,,,,,,237,False,False,0.054,,,,,,,
2026-09-25T13:00:00+00:00,dc-smoke-replay,,,,25.6,,,,,,,,,,,,,,,,,,,,,240,False,False,0.029,,,,,,,
2026-09-25T13:05:00+00:00,dc-smoke-replay,,,,25.3,,,,,,,,,,,,,,,,,,,,,242,False,False,0.046,,,,,,,
2026-09-25T13:10:00+00:00,dc-smoke-replay,,,,25.65,,,,,,,,,,,,,,,,,,,,,245,False,False,0.052,,,,,,,
2026-09-25T13:15:00+00:00,dc-smoke-replay,,,,25.41,,,,,,,,,,,,,,,,,,,,,247,False,False,0.034,,,,,,,
2026-09-25T13:20:00+00:00,dc-smoke-replay,,,,25.67,,,,,,,,,,,,,,,,,,,,,250,False,False,0.053,,,,,,,
2026-09-25T13:25:00+00:00,dc-smoke-replay,,,,25.61,,,,,,,,,,,,,,,,,,,,,252,False,False,0.054,,,,,,,
2026-09-25T13:30:00+00:00,dc-smoke-replay,,,,25.88,,,,,,,,,,,,,,,,,,,,,255,False,False,0.065,,,,,,,
2026-09-25T13:35:00+00:00,dc-smoke-replay,,,,25.83,,,,,,,,,,,,,,,,,,,,,257,False,False,0.06,,,,,,,
2026-09-25T13:40:00+00:00,dc-smoke-replay,,,,25.71,,,,,,,,,,,,,,,,,,,,,260,False,False,0.074,,,,,,,
2026-09-25T13:45:00+00:00,dc-smoke-replay,,,,25.76,,,,,,,,,,,,,,,,,,,,,262,False,False,0.047,,,,,,,
2026-09-25T13:50:00+00:00,dc-smoke-replay,,,,26.34,,,,,,,,,,,,,,,,,,,,,265,False,False,0.046,,,,,,,
2026-09-25T13:55:00+00:00,dc-smoke-replay,,,,25.86,,,,,,,,,,,,,,,,,,,,,267,False,False,0.066,,,,,,,
2026-09-25T14:00:00+00:00,dc-smoke-replay,,,,26.17,,,,,,,,,,,,,,,,,,,,,270,False,False,0.055,,,,,,,
2026-09-25T14:05:00+00:00,dc-smoke-replay,,,,26.04,,,,,,,,,,,,,,,,,,,,,272,False,False,0.084,,,,,,,
2026-09-25T14:10:00+00:00,dc-smoke-replay,,,,26.12,,,,,,,,,,,,,,,,,,,,,275,False,False,0.057,,,,,,,
2026-09-25T14:15:00+00:00,dc-smoke-replay,,,,26.11,,,,,,,,,,,,,,,,,,,,,277,False,False,0.021,,,,,,,
2026-09-25T14:20:00+00:00,dc-smoke-replay,,,,26.37,,,,,,,,,,,,,,,,,,,,,280,False,False,0.063,,,,,,,
2026-09-25T14:25:00+00:00,dc-smoke-replay,,,,26.2,,,,,,,,,,,,,,,,,,,,,282,False,False,0.067,,,,,,,
2026-09-25T14:30:00+00:00,dc-smoke-replay,,,,26.31,,,,,,,,,,,,,,,,,,,,,285,False,False,0.098,,,,,,,
2026-09-25T14:35:00+00:00,dc-smoke-replay,,,,26.32,,,,,,,,,,,,,,,,,,,,,287,False,False,0.056,,,,,,,
2026-09-25T14:40:00+00:00,dc-smoke-replay,,,,26.25,,,,,,,,,,,,,,,,,,,,,290,False,False,0.049,,,,,,,
2026-09-25T14:45:00+00:00,dc-smoke-replay,,,,26.44,,,,,,,,,,,,,,,,,,,,,292,False,False,0.09,,,,,,,
2026-09-25T14:50:00+00:00,dc-smoke-replay,,,,26.69,,,,,,,,,,,,,,,,,,,,,295,False,False,0.05,,,,,,,
2026-09-25T14:55:00+00:00,dc-smoke-replay,,,,26.69,,,,,,,,,,,,,,,,,,,,,297,False,False,0.071,,,,,,,
2026-09-25T15:00:00+00:00,dc-smoke-replay,,,,26.62,,,,,,,,,,,,,,,,,,,,,300,False,False,0.044,,,,,,,
2026-09-25T15:05:00+00:00,dc-smoke-replay,,,,26.78,,,,,,,,,,,,,,,,,,,,,302,False,False,0.004,,,,,,,
2026-09-25T15:10:00+00:00,dc-smoke-replay,,,,26.66,,,,,,,,,,,,,,,,,,,,,305,False,False,0.053,,,,,,,
2026-09-25T15:15:00+00:00,dc-smoke-replay,,,,26.92,,,,,,,,,,,,,,,,,,,,,307,False,False,0.074,,,,,,,
2026-09-25T15:20:00+00:00,dc-smoke-replay,,,,26.73,,,,,,,,,,,,,,,,,,,,,310,False,False,0.819,,,,,,,
2026-09-25T15:25:00+00:00,dc-smoke-replay,,,,26.89,,,,,,,,,,,,,,,,,,,,,312,False,False,1.393,,,,,,,
2026-09-25T15:30:00+00:00,dc-smoke-replay,,,,26.87,,,,,,,,,,,,,,,,,,,,,315,False,False,1.786,,,,,,,
2026-09-25T15:35:00+00:00,dc-smoke-replay,,,,26.92,,,,,,,,,,,,,,,,,,,,,317,False,False,1.677,,,,,,,
2026-09-25T15:40:00+00:00,dc-smoke-replay,,,,26.95,,,,,,,,,,,,,,,,,,,,,320,False,False,0.863,,,,,,,
2026-09-25T15:45:00+00:00,dc-smoke-replay,,,,27.03,,,,,,,,,,,,,,,,,,,,,322,False,False,0.086,,,,,,,
2026-09-25T15:50:00+00:00,dc-smoke-replay,,,,27.27,,,,,,,,,,,,,,,,,,,,,325,False,False,0.042,,,,,,,
2026-09-25T15:55:00+00:00,dc-smoke-replay,,,,27.38,,,,,,,,,,,,,,,,,,,,,327,False,False,0.068,,,,,,,
2026-09-25T16:00:00+00:00,dc-smoke-replay,,,,27.21,,,,,,,,,,,,,,,,,,,,,330,False,False,0.08,,,,,,,
2026-09-25T16:05:00+00:00,dc-smoke-replay,,,,27.43,,,,,,,,,,,,,,,,,,,,,332,False,False,0.074,,,,,,,
2026-09-25T16:10:00+00:00,dc-smoke-replay,,,,27.35,,,,,,,,,,,,,,,,,,,,,335,False,False,0.057,,,,,,,
2026-09-25T16:15:00+00:00,dc-smoke-replay,,,,27.35,,,,,,,,,,,,,,,,,,,,,337,False,False,0.029,,,,,,,
2026-09-25T16:20:00+00:00,dc-smoke-replay,,,,27.54,,,,,,,,,,,,,,,,,,,,,340,False,False,0.041,,,,,,,
2026-09-25T16:25:00+00:00,dc-smoke-replay,,,,27.7,,,,,,,,,,,,,,,,,,,,,342,False,False,0.026,,,,,,,
2026-09-25T16:30:00+00:00,dc-smoke-replay,,,,27.57,,,,,,,,,,,,,,,,,,,,,345,False,False,0.091,,,,,,,
2026-09-25T16:35:00+00:00,dc-smoke-replay,,,,27.5,,,,,,,,,,,,,,,,,,,,,347,False,False,0.034,,,,,,,
2026-09-25T16:40:00+00:00,dc-smoke-replay,,,,27.65,,,,,,,,,,,,,,,,,,,,,350,False,False,0.056,,,,,,,
2026-09-25T16:45:00+00:00,dc-smoke-replay,,,,27.74,,,,,,,,,,,,,,,,,,,,,352,False,False,0.048,,,,,,,
2026-09-25T16:50:00+00:00,dc-smoke-replay,,,,27.64,,,,,,,,,,,,,,,,,,,,,355,False,False,0.092,,,,,,,
2026-09-25T16:55:00+00:00,dc-smoke-replay,,,,27.6,,,,,,,,,,,,,,,,,,,,,357,False,False,0.033,,,,,,,
2026-09-25T17:00:00+00:00,dc-smoke-replay,,,,27.87,,,,,,,,,,,,,,,,,,,,,360,False,False,0.062,,,,,,,
2026-09-25T17:05:00+00:00,dc-smoke-replay,,,,27.81,,,,,,,,,,,,,,,,,,,,,362,False,False,0.018,,,,,,,
2026-09-25T17:10:00+00:00,dc-smoke-replay,,,,27.85,,,,,,,,,,,,,,,,,,,,,365,False,False,0.069,,,,,,,
2026-09-25T17:15:00+00:00,dc-smoke-replay,,,,27.91,,,,,,,,,,,,,,,,,,,,,367,False,False,0.059,,,,,,,
2026-09-25T17:20:00+00:00,dc-smoke-replay,,,,28.02,,,,,,,,,,,,,,,,,,,,,370,False,False,0.077,,,,,,,
2026-09-25T17:25:00+00:00,dc-smoke-replay,,,,27.9,,,,,,,,,,,,,,,,,,,,,372,False,False,0.064,,,,,,,
2026-09-25T17:30:00+00:00,dc-smoke-replay,,,,28.12,,,,,,,,,,,,,,,,,,,,,375,False,False,0.057,,,,,,,
2026-09-25T17:35:00+00:00,dc-smoke-replay,,,,28.0,,,,,,,,,,,,,,,,,,,,,377,False,False,0.063,,,,,,,
2026-09-25T17:40:00+00:00,dc-smoke-replay,,,,28.0,,,,,,,,,,,,,,,,,,,,,380,False,False,0.06,,,,,,,
2026-09-25T17:45:00+00:00,dc-smoke-replay,,,,28.02,,,,,,,,,,,,,,,,,,,,,382,False,False,0.07,,,,,,,
2026-09-25T17:50:00+00:00,dc-smoke-replay,,,,28.1,,,,,,,,,,,,,,,,,,,,,385,False,False,0.104,,,,,,,
2026-09-25T17:55:00+00:00,dc-smoke-replay,,,,27.86,,,,,,,,,,,,,,,,,,,,,387,False,False,0.004,,,,,,,
2026-09-25T18:00:00+00:00,dc-smoke-replay,,,,28.12,,,,,,,,,,,,,,,,,,,,,390,False,False,0.056,,,,,,,
2026-09-25T18:05:00+00:00,dc-smoke-replay,,,,28.3,,,,,,,,,,,,,,,,,,,,,392,False,False,0.05,,,,,,,
2026-09-25T18:10:00+00:00,dc-smoke-replay,,,,28.19,,,,,,,,,,,,,,,,,,,,,395,False,False,0.042,,,,,,,
2026-09-25T18:15:00+00:00,dc-smoke-replay,,,,28.18,,,,,,,,,,,,,,,,,,,,,397,False,False,0.027,,,,,,,
2026-09-25T18:20:00+00:00,dc-smoke-replay,,,,28.23,,,,,,,,,,,,,,,,,,,,,400,False,False,0.05,,,,,,,
2026-09-25T18:25:00+00:00,dc-smoke-replay,,,,28.33,,,,,,,,,,,,,,,,,,,,,402,False,False,0.044,,,,,,,
2026-09-25T18:30:00+00:00,dc-smoke-replay,,,,28.31,,,,,,,,,,,,,,,,,,,,,405,False,False,0.045,,,,,,,
2026-09-25T18:35:00+00:00,dc-smoke-replay,,,,28.38,,,,,,,,,,,,,,,,,,,,,407,False,False,0.031,,,,,,,
2026-09-25T18:40:00+00:00,dc-smoke-replay,,,,28.15,,,,,,,,,,,,,,,,,,,,,410,False,False,0.06,,,,,,,
2026-09-25T18:45:00+00:00,dc-smoke-replay,,,,28.15,,,,,,,,,,,,,,,,,,,,,412,False,False,0.04,,,,,,,
2026-09-25T18:50:00+00:00,dc-smoke-replay,,,,28.65,,,,,,,,,,,,,,,,,,,,,415,False,False,0.029,,,,,,,
2026-09-25T18:55:00+00:00,dc-smoke-replay,,,,28.32,,,,,,,,,,,,,,,,,,,,,417,False,False,0.03,,,,,,,
2026-09-25T19:00:00+00:00,dc-smoke-replay,,,,28.56,,,,,,,,,,,,,,,,,,,,,420,False,False,0.051,,,,,,,
2026-09-25T19:05:00+00:00,dc-smoke-replay,,,,28.22,,,,,,,,,,,,,,,,,,,,,422,False,False,0.034,,,,,,,
2026-09-25T19:10:00+00:00,dc-smoke-replay,,,,28.65,,,,,,,,,,,,,,,,,,,,,425,False,False,0.044,,,,,,,
2026-09-25T19:15:00+00:00,dc-smoke-replay,,,,28.62,,,,,,,,,,,,,,,,,,,,,427,False,False,0.076,,,,,,,
2026-09-25T19:20:00+00:00,dc-smoke-replay,,,,28.51,,,,,,,,,,,,,,,,,,,,,430,False,False,0.037,,,,,,,
2026-09-25T19:25:00+00:00,dc-smoke-replay,,,,28.53,,,,,,,,,,,,,,,,,,,,,432,False,False,0.034,,,,,,,
2026-09-25T19:30:00+00:00,dc-smoke-replay,,,,28.48,,,,,,,,,,,,,,,,,,,,,435,False,False,0.081,,,,,,,
2026-09-25T19:35:00+00:00,dc-smoke-replay,,,,28.5,,,,,,,,,,,,,,,,,,,,,437,False,False,0.038,,,,,,,
2026-09-25T19:40:00+00:00,dc-smoke-replay,,,,28.39,,,,,,,,,,,,,,,,,,,,,440,False,False,0.049,,,,,,,
2026-09-25T19:45:00+00:00,dc-smoke-replay,,,,28.62,,,,,,,,,,,,,,,,,,,,,442,False,False,0.064,,,,,,,
2026-09-25T19:50:00+00:00,dc-smoke-replay,,,,28.27,,,,,,,,,,,,,,,,,,,,,445,False,False,0.051,,,,,,,
2026-09-25T19:55:00+00:00,dc-smoke-replay,,,,28.34,,,,,,,,,,,,,,,,,,,,,447,False,False,0.055,,,,,,,
2026-09-25T20:00:00+00:00,dc-smoke-replay,,,,28.38,,,,,,,,,,,,,,,,,,,,,450,False,False,0.037,,,,,,,
2026-09-25T20:05:00+00:00,dc-smoke-replay,,,,28.39,,,,,,,,,,,,,,,,,,,,,452,False,False,0.044,,,,,,,
2026-09-25T20:10:00+00:00,dc-smoke-replay,,,,28.5,,,,,,,,,,,,,,,,,,,,,455,False,False,0.04,,,,,,,
2026-09-25T20:15:00+00:00,dc-smoke-replay,,,,28.63,,,,,,,,,,,,,,,,,,,,,457,False,False,0.031,,,,,,,
2026-09-25T20:20:00+00:00,dc-smoke-replay,,,,28.54,,,,,,,,,,,,,,,,,,,,,460,False,False,0.076,,,,,,,
2026-09-25T20:25:00+00:00,dc-smoke-replay,,,,28.59,,,,,,,,,,,,,,,,,,,,,462,False,False,0.001,,,,,,,
2026-09-25T20:30:00+00:00,dc-smoke-replay,,,,28.16,,,,,,,,,,,,,,,,,,,,,465,False,False,0.043,,,,,,,
2026-09-25T20:35:00+00:00,dc-smoke-replay,,,,28.42,,,,,,,,,,,,,,,,,,,,,467,False,False,0.059,,,,,,,
2026-09-25T20:40:00+00:00,dc-smoke-replay,,,,28.54,,,,,,,,,,,,,,,,,,,,,470,False,False,0.019,,,,,,,
2026-09-25T20:45:00+00:00,dc-smoke-replay,,,,28.24,,,,,,,,,,,,,,,,,,,,,472,False,False,0.032,,,,,,,
2026-09-25T20:50:00+00:00,dc-smoke-replay,,,,28.46,,,,,,,,,,,,,,,,,,,,,475,False,False,0.063,,,,,,,
2026-09-25T20:55:00+00:00,dc-smoke-replay,,,,28.48,,,,,,,,,,,,,,,,,,,,,477,False,False,0.038,,,,,,,
2026-09-25T21:00:00+00:00,dc-smoke-replay,,,,28.48,,,,,,,,,,,,,,,,,,,,,480,False,False,0.069,,,,,,,
2026-09-25T21:05:00+00:00,dc-smoke-replay,,,,28.04,,,,,,,,,,,,,,,,,,,,,482,False,False,0.035,,,,,,,
2026-09-25T21:10:00+00:00,dc-smoke-replay,,,,28.42,,,,,,,,,,,,,,,,,,,,,485,False,False,0.044,,,,,,,
2026-09-25T21:15:00+00:00,dc-smoke-replay,,,,28.32,,,,,,,,,,,,,,,,,,,,,487,False,False,0.079,,,,,,,
2026-09-25T21:20:00+00:00,dc-smoke-replay,,,,28.37,,,,,,,,,,,,,,,,,,,,,490,False,False,0.063,,,,,,,
2026-09-25T21:25:00+00:00,dc-smoke-replay,,,,28.47,,,,,,,,,,,,,,,,,,,,,492,False,False,0.056,,,,,,,
2026-09-25T21:30:00+00:00,dc-smoke-replay,,,,28.48,,,,,,,,,,,,,,,,,,,,,495,False,False,0.076,,,,,,,
2026-09-25T21:35:00+00:00,dc-smoke-replay,,,,28.51,,,,,,,,,,,,,,,,,,,,,497,False,False,0.043,,,,,,,
2026-09-25T21:40:00+00:00,dc-smoke-replay,,,,28.26,,,,,,,,,,,,,,,,,,,,,500,False,False,0.043,,,,,,,
2026-09-25T21:45:00+00:00,dc-smoke-replay,,,,28.07,,,,,,,,,,,,,,,,,,,,,502,False,False,0.033,,,,,,,
2026-09-25T21:50:00+00:00,dc-smoke-replay,,,,28.06,,,,,,,,,,,,,,,,,,,,,505,False,False,0.048,,,,,,,
2026-09-25T21:55:00+00:00,dc-smoke-replay,,,,27.97,,,,,,,,,,,,,,,,,,,,,507,False,False,0.028,,,,,,,
2026-09-25T22:00:00+00:00,dc-smoke-replay,,,,28.07,,,,,,,,,,,,,,,,,,,,,510,False,False,0.033,,,,,,,
2026-09-25T22:05:00+00:00,dc-smoke-replay,,,,28.05,,,,,,,,,,,,,,,,,,,,,512,False,False,0.049,,,,,,,
2026-09-25T22:10:00+00:00,dc-smoke-replay,,,,28.15,,,,,,,,,,,,,,,,,,,,,515,False,False,0.034,,,,,,,
2026-09-25T22:15:00+00:00,dc-smoke-replay,,,,27.78,,,,,,,,,,,,,,,,,,,,,517,False,False,0.062,,,,,,,
2026-09-25T22:20:00+00:00,dc-smoke-replay,,,,28.19,,,,,,,,,,,,,,,,,,,,,520,False,False,0.067,,,,,,,
2026-09-25T22:25:00+00:00,dc-smoke-replay,,,,27.94,,,,,,,,,,,,,,,,,,,,,522,False,False,0.074,,,,,,,
2026-09-25T22:30:00+00:00,dc-smoke-replay,,,,27.88,,,,,,,,,,,,,,,,,,,,,525,False,False,0.039,,,,,,,
2026-09-25T22:35:00+00:00,dc-smoke-replay,,,,28.03,,,,,,,,,,,,,,,,,,,,,527,False,False,0.043,,,,,,,
2026-09-25T22:40:00+00:00,dc-smoke-replay,,,,28.01,,,,,,,,,,,,,,,,,,,,,530,False,False,0.028,,,,,,,
2026-09-25T22:45:00+00:00,dc-smoke-replay,,,,28.08,,,,,,,,,,,,,,,,,,,,,532,False,False,0.036,,,,,,,
2026-09-25T22:50:00+00:00,dc-smoke-replay,,,,27.97,,,,,,,,,,,,,,,,,,,,,535,False,False,0.018,,,,,,,
2026-09-25T22:55:00+00:00,dc-smoke-replay,,,,28.21,,,,,,,,,,,,,,,,,,,,,537,False,False,0.053,,,,,,,
2026-09-25T23:00:00+00:00,dc-smoke-replay,,,,28.05,,,,,,,,,,,,,,,,,,,,,540,False,False,0.05,,,,,,,
2026-09-25T23:05:00+00:00,dc-smoke-replay,,,,27.8,,,,,,,,,,,,,,,,,,,,,542,False,False,0.064,,,,,,,
2026-09-25T23:10:00+00:00,dc-smoke-replay,,,,27.67,,,,,,,,,,,,,,,,,,,,,545,False,False,0.032,,,,,,,
2026-09-25T23:15:00+00:00,dc-smoke-replay,,,,27.57,,,,,,,,,,,,,,,,,,,,,547,False,False,0.066,,,,,,,
2026-09-25T23:20:00+00:00,dc-smoke-replay,,,,27.46,,,,,,,,,,,,,,,,,,,,,550,False,False,0.074,,,,,,,
2026-09-25T23:25:00+00:00,dc-smoke-replay,,,,27.43,,,,,,,,,,,,,,,,,,,,,552,False,False,0.085,,,,,,,
2026-09-25T23:30:00+00:00,dc-smoke-replay,,,,27.4,,,,,,,,,,,,,,,,,,,,,555,False,False,0.073,,,,,,,
2026-09-25T23:35:00+00:00,dc-smoke-replay,,,,27.35,,,,,,,,,,,,,,,,,,,,,557,False,False,0.069,,,,,,,
2026-09-25T23:40:00+00:00,dc-smoke-replay,,,,27.43,,,,,,,,,,,,,,,,,,,,,560,False,False,0.045,,,,,,,
2026-09-25T23:45:00+00:00,dc-smoke-replay,,,,27.45,,,,,,,,,,,,,,,,,,,,,562,False,False,0.059,,,,,,,
2026-09-25T23:50:00+00:00,dc-smoke-replay,,,,27.6,,,,,,,,,,,,,,,,,,,,,565,False,False,0.056,,,,,,,
2026-09-25T23:55:00+00:00,dc-smoke-replay,,,,27.55,,,,,,,,,,,,,,,,,,,,,567,False,False,0.039,,,,,,,
2026-09-26T00:00:00+00:00,dc-smoke-replay,,,,27.22,,,,,,,,,,,,,,,,,,,,,570,False,False,0.068,,,,,,,
2026-09-26T00:05:00+00:00,dc-smoke-replay,,,,27.28,,,,,,,,,,,,,,,,,,,,,572,False,False,0.107,,,,,,,
2026-09-26T00:10:00+00:00,dc-smoke-replay,,,,27.26,,,,,,,,,,,,,,,,,,,,,575,False,False,0.045,,,,,,,
2026-09-26T00:15:00+00:00,dc-smoke-replay,,,,27.1,,,,,,,,,,,,,,,,,,,,,577,False,False,0.021,,,,,,,
2026-09-26T00:20:00+00:00,dc-smoke-replay,,,,26.98,,,,,,,,,,,,,,,,,,,,,580,False,False,0.065,,,,,,,
2026-09-26T00:25:00+00:00,dc-smoke-replay,,,,26.88,,,,,,,,,,,,,,,,,,,,,582,False,False,0.031,,,,,,,
2026-09-26T00:30:00+00:00,dc-smoke-replay,,,,26.89,,,,,,,,,,,,,,,,,,,,,585,False,False,0.073,,,,,,,
2026-09-26T00:35:00+00:00,dc-smoke-replay,,,,26.83,,,,,,,,,,,,,,,,,,,,,587,False,False,0.075,,,,,,,
2026-09-26T00:40:00+00:00,dc-smoke-replay,,,,26.76,,,,,,,,,,,,,,,,,,,,,590,False,False,0.005,,,,,,,
2026-09-26T00:45:00+00:00,dc-smoke-replay,,,,26.77,,,,,,,,,,,,,,,,,,,,,592,False,False,0.01,,,,,,,
2026-09-26T00:50:00+00:00,dc-smoke-replay,,,,26.83,,,,,,,,,,,,,,,,,,,,,595,False,False,0.086,,,,,,,
2026-09-26T00:55:00+00:00,dc-smoke-replay,,,,26.77,,,,,,,,,,,,,,,,,,,,,597,False,False,0.034,,,,,,,
2026-09-26T01:00:00+00:00,dc-smoke-replay,,,,26.59,,,,,,,,,,,,,,,,,,,,,600,False,False,0.012,,,,,,,
2026-09-26T01:05:00+00:00,dc-smoke-replay,,,,26.31,,,,,,,,,,,,,,,,,,,,,602,False,False,0.108,,,,,,,
2026-09-26T01:10:00+00:00,dc-smoke-replay,,,,26.65,,,,,,,,,,,,,,,,,,,,,605,False,False,0.088,,,,,,,
2026-09-26T01:15:00+00:00,dc-smoke-replay,,,,26.33,,,,,,,,,,,,,,,,,,,,,607,False,False,0.046,,,,,,,
2026-09-26T01:20:00+00:00,dc-smoke-replay,,,,26.45,,,,,,,,,,,,,,,,,,,,,610,False,False,0.047,,,,,,,
2026-09-26T01:25:00+00:00,dc-smoke-replay,,,,26.14,,,,,,,,,,,,,,,,,,,,,612,False,False,0.064,,,,,,,
2026-09-26T01:30:00+00:00,dc-smoke-replay,,,,26.15,,,,,,,,,,,,,,,,,,,,,615,False,False,0.052,,,,,,,
2026-09-26T01:35:00+00:00,dc-smoke-replay,,,,26.11,,,,,,,,,,,,,,,,,,,,,617,False,False,0.007,,,,,,,
2026-09-26T01:40:00+00:00,dc-smoke-replay,,,,26.27,,,,,,,,,,,,,,,,,,,,,620,False,False,0.04,,,,,,,
2026-09-26T01:45:00+00:00,dc-smoke-replay,,,,26.02,,,,,,,,,,,,,,,,,,,,,622,False,False,0.065,,,,,,,
2026-09-26T01:50:00+00:00,dc-smoke-replay,,,,26.53,,,,,,,,,,,,,,,,,,,,,625,False,False,0.021,,,,,,,
2026-09-26T01:55:00+00:00,dc-smoke-replay,,,,26.24,,,,,,,,,,,,,,,,,,,,,627,False,False,0.032,,,,,,,
2026-09-26T02:00:00+00:00,dc-smoke-replay,,,,25.78,,,,,,,,,,,,,,,,,,,,,630,False,False,0.045,,,,,,,
2026-09-26T02:05:00+00:00,dc-smoke-replay,,,,26.11,,,,,,,,,,,,,,,,,,,,,632,False,False,0.031,,,,,,,
2026-09-26T02:10:00+00:00,dc-smoke-replay,,,,25.99,,,,,,,,,,,,,,,,,,,,,635,False,False,0.055,,,,,,,
2026-09-26T02:15:00+00:00,dc-smoke-replay,,,,25.7,,,,,,,,,,,,,,,,,,,,,637,False,False,0.065,,,,,,,
2026-09-26T02:20:00+00:00,dc-smoke-replay,,,,25.51,,,,,,,,,,,,,,,,,,,,,640,False,False,0.061,,,,,,,
2026-09-26T02:25:00+00:00,dc-smoke-replay,,,,25.79,,,,,,,,,,,,,,,,,,,,,642,False,False,0.049,,,,,,,
2026-09-26T02:30:00+00:00,dc-smoke-replay,,,,25.8,,,,,,,,,,,,,,,,,,,,,645,False,False,0.018,,,,,,,
2026-09-26T02:35:00+00:00,dc-smoke-replay,,,,25.66,,,,,,,,,,,,,,,,,,,,,647,False,False,0.09,,,,,,,
2026-09-26T02:40:00+00:00,dc-smoke-replay,,,,25.65,,,,,,,,,,,,,,,,,,,,,650,False,False,0.053,,,,,,,
2026-09-26T02:45:00+00:00,dc-smoke-replay,,,,25.29,,,,,,,,,,,,,,,,,,,,,652,False,False,0.068,,,,,,,
2026-09-26T02:50:00+00:00,dc-smoke-replay,,,,25.61,,,,,,,,,,,,,,,,,,,,,655,False,False,0.055,,,,,,,
2026-09-26T02:55:00+00:00,dc-smoke-replay,,,,25.33,,,,,,,,,,,,,,,,,,,,,657,False,False,0.038,,,,,,,
2026-09-26T03:00:00+00:00,dc-smoke-replay,,,,25.27,,,,,,,,,,,,,,,,,,,,,660,False,False,0.031,,,,,,,
2026-09-26T03:05:00+00:00,dc-smoke-replay,,,,25.26,,,,,,,,,,,,,,,,,,,,,662,False,False,0.028,,,,,,,
2026-09-26T03:10:00+00:00,dc-smoke-replay,,,,24.99,,,,,,,,,,,,,,,,,,,,,665,False,False,0.6,,,,,,,
2026-09-26T03:15:00+00:00,dc-smoke-replay,,,,29.51,,,,,,,,,,,,,,,,,,,,,667,False,True,2.721,,,,,,,
2026-09-26T03:20:00+00:00,dc-smoke-replay,,,,30.7,,,,,,,,,,,,,,,,,,,,,670,False,True,3.372,,,,,,,
2026-09-26T03:25:00+00:00,dc-smoke-replay,,,,27.39,,,,,,,,,,,,,,,,,,,,,672,False,False,1.748,,,,,,,
2026-09-26T03:30:00+00:00,dc-smoke-replay,,,,25.08,,,,,,,,,,,,,,,,,,,,,675,False,False,0.044,,,,,,,
2026-09-26T03:35:00+00:00,dc-smoke-replay,,,,24.8,,,,,,,,,,,,,,,,,,,,,677,False,False,0.0,,,,,,,
2026-09-26T03:40:00+00:00,dc-smoke-replay,,,,25.07,,,,,,,,,,,,,,,,,,,,,680,False,False,0.073,,,,,,,
2026-09-26T03:45:00+00:00,dc-smoke-replay,,,,24.69,,,,,,,,,,,,,,,,,,,,,682,False,False,0.067,,,,,,,
2026-09-26T03:50:00+00:00,dc-smoke-replay,,,,24.77,,,,,,,,,,,,,,,,,,,,,685,False,False,0.051,,,,,,,
2026-09-26T03:55:00+00:00,dc-smoke-replay,,,,24.81,,,,,,,,,,,,,,,,,,,,,687,False,False,0.002,,,,,,,
2026-09-26T04:00:00+00:00,dc-smoke-replay,,,,24.74,,,,,,,,,,,,,,,,,,,,,690,False,False,0.062,,,,,,,
2026-09-26T04:05:00+00:00,dc-smoke-replay,,,,24.87,,,,,,,,,,,,,,,,,,,,,692,False,False,0.068,,,,,,,
2026-09-26T04:10:00+00:00,dc-smoke-replay,,,,24.84,,,,,,,,,,,,,,,,,,,,,695,False,False,0.057,,,,,,,
2026-09-26T04:15:00+00:00,dc-smoke-replay,,,,24.62,,,,,,,,,,,,,,,,,,,,,697,False,False,0.08,,,,,,,
2026-09-26T04:20:00+00:00,dc-smoke-replay,,,,24.44,,,,,,,,,,,,,,,,,,,,,700,False,False,0.068,,,,,,,
2026-09-26T04:25:00+00:00,dc-smoke-replay,,,,24.53,,,,,,,,,,,,,,,,,,,,,702,False,False,0.026,,,,,,,
2026-09-26T04:30:00+00:00,dc-smoke-replay,,,,24.6,,,,,,,,,,,,,,,,,,,,,705,False,False,0.059,,,,,,,
2026-09-26T04:35:00+00:00,dc-smoke-replay,,,,24.06,,,,,,,,,,,,,,,,,,,,,707,False,False,0.046,,,,,,,
2026-09-26T04:40:00+00:00,dc-smoke-replay,,,,24.34,,,,,,,,,,,,,,,,,,,,,710,False,False,0.015,,,,,,,
2026-09-26T04:45:00+00:00,dc-smoke-replay,,,,24.17,,,,,,,,,,,,,,,,,,,,,712,False,False,0.095,,,,,,,
2026-09-26T04:50:00+00:00,dc-smoke-replay,,,,24.41,,,,,,,,,,,,,,,,,,,,,715,False,False,0.056,,,,,,,
2026-09-26T04:55:00+00:00,dc-smoke-replay,,,,24.52,,,,,,,,,,,,,,,,,,,,,717,False,False,0.054,,,,,,,
2026-09-27T05:00:00+00:00,dc-smoke-replay,,,,24.36,,,,,,,,,,,,,,,,,,,,,0,False,False,0.066,,,,,,,
2026-09-27T05:05:00+00:00,dc-smoke-replay,,,,24.29,,,,,,,,,,,,,,,,,,,,,2,False,False,0.059,,,,,,,
2026-09-27T05:10:00+00:00,dc-smoke-replay,,,,24.13,,,,,,,,,,,,,,,,,,,,,5,False,False,0.016,,,,,,,
2026-09-27T05:15:00+00:00,dc-smoke-replay,,,,24.14,,,,,,,,,,,,,,,,,,,,,7,False,False,0.078,,,,,,,
2026-09-27T05:20:00+00:00,dc-smoke-replay,,,,24.0,,,,,,,,,,,,,,,,,,,,,10,False,False,0.022,,,,,,,
2026-09-27T05:25:00+00:00,dc-smoke-replay,,,,24.4,,,,,,,,,,,,,,,,,,,,,12,False,False,0.044,,,,,,,
2026-09-27T05:30:00+00:00,dc-smoke-replay,,,,23.91,,,,,,,,,,,,,,,,,,,,,15,False,False,0.072,,,,,,,
2026-09-27T05:35:00+00:00,dc-smoke-replay,,,,24.16,,,,,,,,,,,,,,,,,,,,,17,False,False,0.028,,,,,,,
2026-09-27T05:40:00+00:00,dc-smoke-replay,,,,23.82,,,,,,,,,,,,,,,,,,,,,20,False,False,0.059,,,,,,,
2026-09-27T05:45:00+00:00,dc-smoke-replay,,,,24.06,,,,,,,,,,,,,,,,,,,,,22,False,False,0.066,,,,,,,
2026-09-27T05:50:00+00:00,dc-smoke-replay,,,,23.88,,,,,,,,,,,,,,,,,,,,,25,False,False,0.071,,,,,,,
2026-09-27T05:55:00+00:00,dc-smoke-replay,,,,23.83,,,,,,,,,,,,,,,,,,,,,27,False,False,0.049,,,,,,,
2026-09-27T06:00:00+00:00,dc-smoke-replay,,,,23.89,,,,,,,,,,,,,,,,,,,,,30,False,False,0.044,,,,,,,
2026-09-27T06:05:00+00:00,dc-smoke-replay,,,,23.71,,,,,,,,,,,,,,,,,,,,,32,False,False,0.052,,,,,,,
2026-09-27T06:10:00+00:00,dc-smoke-replay,,,,24.18,,,,,,,,,,,,,,,,,,,,,35,False,False,0.025,,,,,,,
2026-09-27T06:15:00+00:00,dc-smoke-replay,,,,23.7,,,,,,,,,,,,,,,,,,,,,37,False,False,0.035,,,,,,,
2026-09-27T06:20:00+00:00,dc-smoke-replay,,,,23.62,,,,,,,,,,,,,,,,,,,,,40,False,False,0.057,,,,,,,
2026-09-27T06:25:00+00:00,dc-smoke-replay,,,,23.6,,,,,,,,,,,,,,,,,,,,,42,False,False,0.028,,,,,,,
2026-09-27T06:30:00+00:00,dc-smoke-replay,,,,23.68,,,,,,,,,,,,,,,,,,,,,45,False,False,0.073,,,,,,,
2026-09-27T06:35:00+00:00,dc-smoke-replay,,,,23.74,,,,,,,,,,,,,,,,,,,,,47,False,False,0.026,,,,,,,
2026-09-27T06:40:00+00:00,dc-smoke-replay,,,,23.84,,,,,,,,,,,,,,,,,,,,,50,False,False,0.068,,,,,,,
2026-09-27T06:45:00+00:00,dc-smoke-replay,,,,23.26,,,,,,,,,,,,,,,,,,,,,52,False,False,0.065,,,,,,,
2026-09-27T06:50:00+00:00,dc-smoke-replay,,,,23.6,,,,,,,,,,,,,,,,,,,,,55,False,False,0.073,,,,,,,
2026-09-27T06:55:00+00:00,dc-smoke-replay,,,,23.46,,,,,,,,,,,,,,,,,,,,,57,False,False,0.062,,,,,,,
2026-09-27T07:00:00+00:00,dc-smoke-replay,,,,23.82,,,,,,,,,,,,,,,,,,,,,60,False,False,0.068,,,,,,,
2026-09-27T07:05:00+00:00,dc-smoke-replay,,,,23.58,,,,,,,,,,,,,,,,,,,,,62,False,False,0.0,,,,,,,
2026-09-27T07:10:00+00:00,dc-smoke-replay,,,,23.34,,,,,,,,,,,,,,,,,,,,,65,False,False,0.033,,,,,,,
2026-09-27T07:15:00+00:00,dc-smoke-replay,,,,23.54,,,,,,,,,,,,,,,,,,,,,67,False,False,0.039,,,,,,,
2026-09-27T07:20:00+00:00,dc-smoke-replay,,,,23.48,,,,,,,,,,,,,,,,,,,,,70,False,False,0.05,,,,,,,
2026-09-27T07:25:00+00:00,dc-smoke-replay,,,,23.6,,,,,,,,,,,,,,,,,,,,,72,False,False,0.007,,,,,,,
2026-09-27T07:30:00+00:00,dc-smoke-replay,,,,23.53,,,,,,,,,,,,,,,,,,,,,75,False,False,0.053,,,,,,,
2026-09-27T07:35:00+00:00,dc-smoke-replay,,,,23.65,,,,,,,,,,,,,,,,,,,,,77,False,False,0.056,,,,,,,
2026-09-27T07:40:00+00:00,dc-smoke-replay,,,,23.45,,,,,,,,,,,,,,,,,,,,,80,False,False,0.065,,,,,,,
2026-09-27T07:45:00+00:00,dc-smoke-replay,,,,23.69,,,,,,,,,,,,,,,,,,,,,82,False,False,0.042,,,,,,,
2026-09-27T07:50:00+00:00,dc-smoke-replay,,,,23.4,,,,,,,,,,,,,,,,,,,,,85,False,False,0.073,,,,,,,
2026-09-27T07:55:00+00:00,dc-smoke-replay,,,,23.42,,,,,,,,,,,,,,,,,,,,,87,False,False,0.058,,,,,,,
2026-09-27T08:40:00+00:00,dc-smoke-replay,,,,23.64,,,,,,,,,,,,,,,,,,,,,110,False,False,0.071,,,,,,,
2026-09-27T08:45:00+00:00,dc-smoke-replay,,,,23.73,,,,,,,,,,,,,,,,,,,,,112,False,False,0.07,,,,,,,
2026-09-27T08:50:00+00:00,dc-smoke-replay,,,,23.54,,,,,,,,,,,,,,,,,,,,,115,False,False,0.075,,,,,,,
2026-09-27T08:55:00+00:00,dc-smoke-replay,,,,23.66,,,,,,,,,,,,,,,,,,,,,117,False,False,0.047,,,,,,,
2026-09-27T09:00:00+00:00,dc-smoke-replay,,,,23.46,,,,,,,,,,,,,,,,,,,,,120,False,False,0.033,,,,,,,
2026-09-27T09:05:00+00:00,dc-smoke-replay,,,,23.56,,,,,,,,,,,,,,,,,,,,,122,False,False,0.067,,,,,,,
2026-09-27T09:10:00+00:00,dc-smoke-replay,,,,23.64,,,,,,,,,,,,,,,,,,,,,125,False,False,0.03,,,,,,,
2026-09-27T09:15:00+00:00,dc-smoke-replay,,,,23.71,,,,,,,,,,,,,,,,,,,,,127,False,False,0.051,,,,,,,
2026-09-27T09:20:00+00:00,dc-smoke-replay,,,,23.69,,,,,,,,,,,,,,,,,,,,,130,False,False,0.023,,,,,,,
2026-09-27T09:25:00+00:00,dc-smoke-replay,,,,23.78,,,,,,,,,,,,,,,,,,,,,132,False,False,0.042,,,,,,,
2026-09-27T09:30:00+00:00,dc-smoke-replay,,,,23.57,,,,,,,,,,,,,,,,,,,,,135,False,False,0.013,,,,,,,
2026-09-27T09:35:00+00:00,dc-smoke-replay,,,,23.43,,,,,,,,,,,,,,,,,,,,,137,False,False,0.081,,,,,,,
2026-09-27T09:40:00+00:00,dc-smoke-replay,,,,23.69,,,,,,,,,,,,,,,,,,,,,140,False,False,0.034,,,,,,,
2026-09-27T09:45:00+00:00,dc-smoke-replay,,,,23.94,,,,,,,,,,,,,,,,,,,,,142,False,False,0.074,,,,,,,
2026-09-27T09:50:00+00:00,dc-smoke-replay,,,,23.56,,,,,,,,,,,,,,,,,,,,,145,False,False,0.038,,,,,,,
2026-09-27T09:55:00+00:00,dc-smoke-replay,,,,23.86,,,,,,,,,,,,,,,,,,,,,147,False,False,0.057,,,,,,,
2026-09-27T10:00:00+00:00,dc-smoke-replay,,,,23.71,,,,,,,,,,,,,,,,,,,,,150,False,False,0.041,,,,,,,
2026-09-27T10:05:00+00:00,dc-smoke-replay,,,,23.76,,,,,,,,,,,,,,,,,,,,,152,False,False,0.057,,,,,,,
2026-09-27T10:10:00+00:00,dc-smoke-replay,,,,23.83,,,,,,,,,,,,,,,,,,,,,155,False,False,0.032,,,,,,,
2026-09-27T10:15:00+00:00,dc-smoke-replay,,,,24.03,,,,,,,,,,,,,,,,,,,,,157,False,False,0.052,,,,,,,
2026-09-27T10:20:00+00:00,dc-smoke-replay,,,,23.71,,,,,,,,,,,,,,,,,,,,,160,False,False,0.029,,,,,,,
2026-09-27T10:25:00+00:00,dc-smoke-replay,,,,24.15,,,,,,,,,,,,,,,,,,,,,162,False,False,0.044,,,,,,,
2026-09-27T10:30:00+00:00,dc-smoke-replay,,,,24.0,,,,,,,,,,,,,,,,,,,,,165,False,False,0.047,,,,,,,
2026-09-27T10:35:00+00:00,dc-smoke-replay,,,,24.27,,,,,,,,,,,,,,,,,,,,,167,False,False,0.044,,,,,,,
2026-09-27T10:40:00+00:00,dc-smoke-replay,,,,24.45,,,,,,,,,,,,,,,,,,,,,170,False,False,0.043,,,,,,,
2026-09-27T10:45:00+00:00,dc-smoke-replay,,,,24.06,,,,,,,,,,,,,,,,,,,,,172,False,False,0.061,,,,,,,
2026-09-27T10:50:00+00:00,dc-smoke-replay,,,,24.2,,,,,,,,,,,,,,,,,,,,,175,False,False,0.024,,,,,,,
2026-09-27T10:55:00+00:00,dc-smoke-replay,,,,24.37,,,,,,,,,,,,,,,,,,,,,177,False,False,0.085,,,,,,,
2026-09-27T11:00:00+00:00,dc-smoke-replay,,,,24.29,,,,,,,,,,,,,,,,,,,,,180,False,False,0.023,,,,,,,
2026-09-27T11:05:00+00:00,dc-smoke-replay,,,,24.25,,,,,,,,,,,,,,,,,,,,,182,False,False,0.039,,,,,,,
2026-09-27T11:10:00+00:00,dc-smoke-replay,,,,24.43,,,,,,,,,,,,,,,,,,,,,185,False,False,0.028,,,,,,,
2026-09-27T11:15:00+00:00,dc-smoke-replay,,,,24.06,,,,,,,,,,,,,,,,,,,,,187,False,False,0.085,,,,,,,
2026-09-27T11:20:00+00:00,dc-smoke-replay,,,,24.6,,,,,,,,,,,,,,,,,,,,,190,False,False,0.067,,,,,,,
2026-09-27T11:25:00+00:00,dc-smoke-replay,,,,24.62,,,,,,,,,,,,,,,,,,,,,192,False,False,0.057,,,,,,,
2026-09-27T11:30:00+00:00,dc-smoke-replay,,,,24.23,,,,,,,,,,,,,,,,,,,,,195,False,False,0.092,,,,,,,
2026-09-27T11:35:00+00:00,dc-smoke-replay,,,,24.72,,,,,,,,,,,,,,,,,,,,,197,False,False,0.052,,,,,,,
2026-09-27T11:40:00+00:00,dc-smoke-replay,,,,25.07,,,,,,,,,,,,,,,,,,,,,200,False,False,0.041,,,,,,,
2026-09-27T11:45:00+00:00,dc-smoke-replay,,,,24.68,,,,,,,,,,,,,,,,,,,,,202,False,False,0.072,,,,,,,
2026-09-27T11:50:00+00:00,dc-smoke-replay,,,,24.65,,,,,,,,,,,,,,,,,,,,,205,False,False,0.049,,,,,,,
2026-09-27T11:55:00+00:00,dc-smoke-replay,,,,24.71,,,,,,,,,,,,,,,,,,,,,207,False,False,0.061,,,,,,,
2026-09-27T12:00:00+00:00,dc-smoke-replay,,,,24.92,,,,,,,,,,,,,,,,,,,,,210,False,False,0.027,,,,,,,
2026-09-27T12:05:00+00:00,dc-smoke-replay,,,,24.7,,,,,,,,,,,,,,,,,,,,,212,False,False,0.035,,,,,,,
2026-09-27T12:10:00+00:00,dc-smoke-replay,,,,24.78,,,,,,,,,,,,,,,,,,,,,215,False,False,0.03,,,,,,,
2026-09-27T12:15:00+00:00,dc-smoke-replay,,,,24.9,,,,,,,,,,,,,,,,,,,,,217,False,False,0.042,,,,,,,
2026-09-27T12:20:00+00:00,dc-smoke-replay,,,,24.86,,,,,,,,,,,,,,,,,,,,,220,False,False,0.071,,,,,,,
2026-09-27T12:25:00+00:00,dc-smoke-replay,,,,24.93,,,,,,,,,,,,,,,,,,,,,222,False,False,0.011,,,,,,,
2026-09-27T12:30:00+00:00,dc-smoke-replay,,,,24.99,,,,,,,,,,,,,,,,,,,,,225,False,False,0.033,,,,,,,
2026-09-27T12:35:00+00:00,dc-smoke-replay,,,,25.13,,,,,,,,,,,,,,,,,,,,,227,False,False,0.031,,,,,,,
2026-09-27T12:40:00+00:00,dc-smoke-replay,,,,25.11,,,,,,,,,,,,,,,,,,,,,230,False,False,0.088,,,,,,,
2026-09-27T12:45:00+00:00,dc-smoke-replay,,,,25.11,,,,,,,,,,,,,,,,,,,,,232,False,False,0.054,,,,,,,
2026-09-27T12:50:00+00:00,dc-smoke-replay,,,,25.34,,,,,,,,,,,,,,,,,,,,,235,False,False,0.062,,,,,,,
2026-09-27T12:55:00+00:00,dc-smoke-replay,,,,25.53,,,,,,,,,,,,,,,,,,,,,237,False,False,0.054,,,,,,,
2026-09-27T13:00:00+00:00,dc-smoke-replay,,,,25.6,,,,,,,,,,,,,,,,,,,,,240,False,False,0.029,,,,,,,
2026-09-27T13:05:00+00:00,dc-smoke-replay,,,,25.3,,,,,,,,,,,,,,,,,,,,,242,False,False,0.046,,,,,,,
2026-09-27T13:10:00+00:00,dc-smoke-replay,,,,25.65,,,,,,,,,,,,,,,,,,,,,245,False,False,0.052,,,,,,,
2026-09-27T13:15:00+00:00,dc-smoke-replay,,,,25.41,,,,,,,,,,,,,,,,,,,,,247,False,False,0.034,,,,,,,
2026-09-27T13:20:00+00:00,dc-smoke-replay,,,,25.67,,,,,,,,,,,,,,,,,,,,,250,False,False,0.053,,,,,,,
2026-09-27T13:25:00+00:00,dc-smoke-replay,,,,25.61,,,,,,,,,,,,,,,,,,,,,252,False,False,0.054,,,,,,,
2026-09-27T13:30:00+00:00,dc-smoke-replay,,,,25.88,,,,,,,,,,,,,,,,,,,,,255,False,False,0.065,,,,,,,
2026-09-27T13:35:00+00:00,dc-smoke-replay,,,,25.83,,,,,,,,,,,,,,,,,,,,,257,False,False,0.06,,,,,,,
2026-09-27T13:40:00+00:00,dc-smoke-replay,,,,25.71,,,,,,,,,,,,,,,,,,,,,260,False,False,0.074,,,,,,,
2026-09-27T13:45:00+00:00,dc-smoke-replay,,,,25.76,,,,,,,,,,,,,,,,,,,,,262,False,False,0.047,,,,,,,
2026-09-27T13:50:00+00:00,dc-smoke-replay,,,,26.34,,,,,,,,,,,,,,,,,,,,,265,False,False,0.046,,,,,,,
2026-09-27T13:55:00+00:00,dc-smoke-replay,,,,25.86,,,,,,,,,,,,,,,,,,,,,267,False,False,0.066,,,,,,,
2026-09-27T14:00:00+00:00,dc-smoke-replay,,,,26.17,,,,,,,,,,,,,,,,,,,,,270,False,False,0.055,,,,,,,
2026-09-27T14:05:00+00:00,dc-smoke-replay,,,,26.04,,,,,,,,,,,,,,,,,,,,,272,False,False,0.084,,,,,,,
2026-09-27T14:10:00+00:00,dc-smoke-replay,,,,26.12,,,,,,,,,,,,,,,,,,,,,275,False,False,0.057,,,,,,,
2026-09-27T14:15:00+00:00,dc-smoke-replay,,,,26.11,,,,,,,,,,,,,,,,,,,,,277,False,False,0.021,,,,,,,
2026-09-27T14:20:00+00:00,dc-smoke-replay,,,,26.37,,,,,,,,,,,,,,,,,,,,,280,False,False,0.063,,,,,,,
2026-09-27T14:25:00+00:00,dc-smoke-replay,,,,26.2,,,,,,,,,,,,,,,,,,,,,282,False,False,0.067,,,,,,,
2026-09-27T14:30:00+00:00,dc-smoke-replay,,,,26.31,,,,,,,,,,,,,,,,,,,,,285,False,False,0.098,,,,,,,
2026-09-27T14:35:00+00:00,dc-smoke-replay,,,,26.32,,,,,,,,,,,,,,,,,,,,,287,False,False,0.056,,,,,,,
2026-09-27T14:40:00+00:00,dc-smoke-replay,,,,26.25,,,,,,,,,,,,,,,,,,,,,290,False,False,0.049,,,,,,,
2026-09-27T14:45:00+00:00,dc-smoke-replay,,,,26.44,,,,,,,,,,,,,,,,,,,,,292,False,False,0.09,,,,,,,
2026-09-27T14:50:00+00:00,dc-smoke-replay,,,,26.69,,,,,,,,,,,,,,,,,,,,,295,False,False,0.05,,,,,,,
2026-09-27T14:55:00+00:00,dc-smoke-replay,,,,26.69,,,,,,,,,,,,,,,,,,,,,297,False,False,0.071,,,,,,,
2026-09-27T15:00:00+00:00,dc-smoke-replay,,,,26.62,,,,,,,,,,,,,,,,,,,,,300,False,False,0.044,,,,,,,
2026-09-27T15:05:00+00:00,dc-smoke-replay,,,,26.78,,,,,,,,,,,,,,,,,,,,,302,False,False,0.004,,,,,,,
2026-09-27T15:10:00+00:00,dc-smoke-replay,,,,26.66,,,,,,,,,,,,,,,,,,,,,305,False,False,0.053,,,,,,,
2026-09-27T15:15:00+00:00,dc-smoke-replay,,,,26.92,,,,,,,,,,,,,,,,,,,,,307,False,False,0.074,,,,,,,
2026-09-27T15:20:00+00:00,dc-smoke-replay,,,,26.73,,,,,,,,,,,,,,,,,,,,,310,False,False,0.819,,,,,,,
2026-09-27T15:25:00+00:00,dc-smoke-replay,,,,26.89,,,,,,,,,,,,,,,,,,,,,312,False,False,1.393,,,,,,,
2026-09-27T15:30:00+00:00,dc-smoke-replay,,,,26.87,,,,,,,,,,,,,,,,,,,,,315,False,False,1.786,,,,,,,
2026-09-27T15:35:00+00:00,dc-smoke-replay,,,,26.92,,,,,,,,,,,,,,,,,,,,,317,False,False,1.677,,,,,,,
2026-09-27T15:40:00+00:00,dc-smoke-replay,,,,26.95,,,,,,,,,,,,,,,,,,,,,320,False,False,0.863,,,,,,,
2026-09-27T15:45:00+00:00,dc-smoke-replay,,,,27.03,,,,,,,,,,,,,,,,,,,,,322,False,False,0.086,,,,,,,
2026-09-27T15:50:00+00:00,dc-smoke-replay,,,,27.27,,,,,,,,,,,,,,,,,,,,,325,False,False,0.042,,,,,,,
2026-09-27T15:55:00+00:00,dc-smoke-replay,,,,27.38,,,,,,,,,,,,,,,,,,,,,327,False,False,0.068,,,,,,,
2026-09-27T16:00:00+00:00,dc-smoke-replay,,,,27.21,,,,,,,,,,,,,,,,,,,,,330,False,False,0.08,,,,,,,
2026-09-27T16:05:00+00:00,dc-smoke-replay,,,,27.43,,,,,,,,,,,,,,,,,,,,,332,False,False,0.074,,,,,,,
2026-09-27T16:10:00+00:00,dc-smoke-replay,,,,27.35,,,,,,,,,,,,,,,,,,,,,335,False,False,0.057,,,,,,,
2026-09-27T16:15:00+00:00,dc-smoke-replay,,,,27.35,,,,,,,,,,,,,,,,,,,,,337,False,False,0.029,,,,,,,
2026-09-27T16:20:00+00:00,dc-smoke-replay,,,,27.54,,,,,,,,,,,,,,,,,,,,,340,False,False,0.041,,,,,,,
2026-09-27T16:25:00+00:00,dc-smoke-replay,,,,27.7,,,,,,,,,,,,,,,,,,,,,342,False,False,0.026,,,,,,,
2026-09-27T16:30:00+00:00,dc-smoke-replay,,,,27.57,,,,,,,,,,,,,,,,,,,,,345,False,False,0.091,,,,,,,
2026-09-27T16:35:00+00:00,dc-smoke-replay,,,,27.5,,,,,,,,,,,,,,,,,,,,,347,False,False,0.034,,,,,,,
2026-09-27T16:40:00+00:00,dc-smoke-replay,,,,27.65,,,,,,,,,,,,,,,,,,,,,350,False,False,0.056,,,,,,,
2026-09-27T16:45:00+00:00,dc-smoke-replay,,,,27.74,,,,,,,,,,,,,,,,,,,,,352,False,False,0.048,,,,,,,
2026-09-27T16:50:00+00:00,dc-smoke-replay,,,,27.64,,,,,,,,,,,,,,,,,,,,,355,False,False,0.092,,,,,,,
2026-09-27T16:55:00+00:00,dc-smoke-replay,,,,27.6,,,,,,,,,,,,,,,,,,,,,357,False,False,0.033,,,,,,,
2026-09-27T17:00:00+00:00,dc-smoke-replay,,,,27.87,,,,,,,,,,,,,,,,,,,,,360,False,False,0.062,,,,,,,
2026-09-27T17:05:00+00:00,dc-smoke-replay,,,,27.81,,,,,,,,,,,,,,,,,,,,,362,False,False,0.018,,,,,,,
2026-09-27T17:10:00+00:00,dc-smoke-replay,,,,27.85,,,,,,,,,,,,,,,,,,,,,365,False,False,0.069,,,,,,,
2026-09-27T17:15:00+00:00,dc-smoke-replay,,,,27.91,,,,,,,,,,,,,,,,,,,,,367,False,False,0.059,,,,,,,
2026-09-27T17:20:00+00:00,dc-smoke-replay,,,,28.02,,,,,,,,,,,,,,,,,,,,,370,False,False,0.077,,,,,,,
2026-09-27T17:25:00+00:00,dc-smoke-replay,,,,27.9,,,,,,,,,,,,,,,,,,,,,372,False,False,0.064,,,,,,,
2026-09-27T17:30:00+00:00,dc-smoke-replay,,,,28.12,,,,,,,,,,,,,,,,,,,,,375,False,False,0.057,,,,,,,
2026-09-27T17:35:00+00:00,dc-smoke-replay,,,,28.0,,,,,,,,,,,,,,,,,,,,,377,False,False,0.063,,,,,,,
2026-09-27T17:40:00+00:00,dc-smoke-replay,,,,28.0,,,,,,,,,,,,,,,,,,,,,380,False,False,0.06,,,,,,,
2026-09-27T17:45:00+00:00,dc-smoke-replay,,,,28.02,,,,,,,,,,,,,,,,,,,,,382,False,False,0.07,,,,,,,
2026-09-27T17:50:00+00:00,dc-smoke-replay,,,,28.1,,,,,,,,,,,,,,,,,,,,,385,False,False,0.104,,,,,,,
2026-09-27T17:55:00+00:00,dc-smoke-replay,,,,27.86,,,,,,,,,,,,,,,,,,,,,387,False,False,0.004,,,,,,,
2026-09-27T18:00:00+00:00,dc-smoke-replay,,,,28.12,,,,,,,,,,,,,,,,,,,,,390,False,False,0.056,,,,,,,
2026-09-27T18:05:00+00:00,dc-smoke-replay,,,,28.3,,,,,,,,,,,,,,,,,,,,,392,False,False,0.05,,,,,,,
2026-09-27T18:10:00+00:00,dc-smoke-replay,,,,28.19,,,,,,,,,,,,,,,,,,,,,395,False,False,0.042,,,,,,,
2026-09-27T18:15:00+00:00,dc-smoke-replay,,,,28.18,,,,,,,,,,,,,,,,,,,,,397,False,False,0.027,,,,,,,
2026-09-27T18:20:00+00:00,dc-smoke-replay,,,,28.23,,,,,,,,,,,,,,,,,,,,,400,False,False,0.05,,,,,,,
2026-09-27T18:25:00+00:00,dc-smoke-replay,,,,28.33,,,,,,,,,,,,,,,,,,,,,402,False,False,0.044,,,,,,,
2026-09-27T18:30:00+00:00,dc-smoke-replay,,,,28.31,,,,,,,,,,,,,,,,,,,,,405,False,False,0.045,,,,,,,
2026-09-27T18:35:00+00:00,dc-smoke-replay,,,,28.38,,,,,,,,,,,,,,,,,,,,,407,False,False,0.031,,,,,,,
2026-09-27T18:40:00+00:00,dc-smoke-replay,,,,28.15,,,,,,,,,,,,,,,,,,,,,410,False,False,0.06,,,,,,,
2026-09-27T18:45:00+00:00,dc-smoke-replay,,,,28.15,,,,,,,,,,,,,,,,,,,,,412,False,False,0.04,,,,,,,
2026-09-27T18:50:00+00:00,dc-smoke-replay,,,,28.65,,,,,,,,,,,,,,,,,,,,,415,False,False,0.029,,,,,,,
2026-09-27T18:55:00+00:00,dc-smoke-replay,,,,28.32,,,,,,,,,,,,,,,,,,,,,417,False,False,0.03,,,,,,,
2026-09-27T19:00:00+00:00,dc-smoke-replay,,,,28.56,,,,,,,,,,,,,,,,,,,,,420,False,False,0.051,,,,,,,
2026-09-27T19:05:00+00:00,dc-smoke-replay,,,,28.22,,,,,,,,,,,,,,,,,,,,,422,False,False,0.034,,,,,,,
2026-09-27T19:10:00+00:00,dc-smoke-replay,,,,28.65,,,,,,,,,,,,,,,,,,,,,425,False,False,0.044,,,,,,,
2026-09-27T19:15:00+00:00,dc-smoke-replay,,,,28.62,,,,,,,,,,,,,,,,,,,,,427,False,False,0.076,,,,,,,
2026-09-27T19:20:00+00:00,dc-smoke-replay,,,,28.51,,,,,,,,,,,,,,,,,,,,,430,False,False,0.037,,,,,,,
2026-09-27T19:25:00+00:00,dc-smoke-replay,,,,28.53,,,,,,,,,,,,,,,,,,,,,432,False,False,0.034,,,,,,,
2026-09-27T19:30:00+00:00,dc-smoke-replay,,,,28.48,,,,,,,,,,,,,,,,,,,,,435,False,False,0.081,,,,,,,
2026-09-27T19:35:00+00:00,dc-smoke-replay,,,,28.5,,,,,,,,,,,,,,,,,,,,,437,False,False,0.038,,,,,,,
2026-09-27T19:40:00+00:00,dc-smoke-replay,,,,28.39,,,,,,,,,,,,,,,,,,,,,440,False,False,0.049,,,,,,,
2026-09-27T19:45:00+00:00,dc-smoke-replay,,,,28.62,,,,,,,,,,,,,,,,,,,,,442,False,False,0.064,,,,,,,
2026-09-27T19:50:00+00:00,dc-smoke-replay,,,,28.27,,,,,,,,,,,,,,,,,,,,,445,False,False,0.051,,,,,,,
2026-09-27T19:55:00+00:00,dc-smoke-replay,,,,28.34,,,,,,,,,,,,,,,,,,,,,447,False,False,0.055,,,,,,,
2026-09-27T20:00:00+00:00,dc-smoke-replay,,,,28.38,,,,,,,,,,,,,,,,,,,,,450,False,False,0.037,,,,,,,
2026-09-27T20:05:00+00:00,dc-smoke-replay,,,,28.39,,,,,,,,,,,,,,,,,,,,,452,False,False,0.044,,,,,,,
2026-09-27T20:10:00+00:00,dc-smoke-replay,,,,28.5,,,,,,,,,,,,,,,,,,,,,455,False,False,0.04,,,,,,,
2026-09-27T20:15:00+00:00,dc-smoke-replay,,,,28.63,,,,,,,,,,,,,,,,,,,,,457,False,False,0.031,,,,,,,
2026-09-27T20:20:00+00:00,dc-smoke-replay,,,,28.54,,,,,,,,,,,,,,,,,,,,,460,False,False,0.076,,,,,,,
2026-09-27T20:25:00+00:00,dc-smoke-replay,,,,28.59,,,,,,,,,,,,,,,,,,,,,462,False,False,0.001,,,,,,,
2026-09-27T20:30:00+00:00,dc-smoke-replay,,,,28.16,,,,,,,,,,,,,,,,,,,,,465,False,False,0.043,,,,,,,
2026-09-27T20:35:00+00:00,dc-smoke-replay,,,,28.42,,,,,,,,,,,,,,,,,,,,,467,False,False,0.059,,,,,,,
2026-09-27T20:40:00+00:00,dc-smoke-replay,,,,28.54,,,,,,,,,,,,,,,,,,,,,470,False,False,0.019,,,,,,,
2026-09-27T20:45:00+00:00,dc-smoke-replay,,,,28.24,,,,,,,,,,,,,,,,,,,,,472,False,False,0.032,,,,,,,
2026-09-27T20:50:00+00:00,dc-smoke-replay,,,,28.46,,,,,,,,,,,,,,,,,,,,,475,False,False,0.063,,,,,,,
2026-09-27T20:55:00+00:00,dc-smoke-replay,,,,28.48,,,,,,,,,,,,,,,,,,,,,477,False,False,0.038,,,,,,,
2026-09-27T21:00:00+00:00,dc-smoke-replay,,,,28.48,,,,,,,,,,,,,,,,,,,,,480,False,False,0.069,,,,,,,
2026-09-27T21:05:00+00:00,dc-smoke-replay,,,,28.04,,,,,,,,,,,,,,,,,,,,,482,False,False,0.035,,,,,,,
2026-09-27T21:10:00+00:00,dc-smoke-replay,,,,28.42,,,,,,,,,,,,,,,,,,,,,485,False,False,0.044,,,,,,,
2026-09-27T21:15:00+00:00,dc-smoke-replay,,,,28.32,,,,,,,,,,,,,,,,,,,,,487,False,False,0.079,,,,,,,
2026-09-27T21:20:00+00:00,dc-smoke-replay,,,,28.37,,,,,,,,,,,,,,,,,,,,,490,False,False,0.063,,,,,,,
2026-09-27T21:25:00+00:00,dc-smoke-replay,,,,28.47,,,,,,,,,,,,,,,,,,,,,492,False,False,0.056,,,,,,,
2026-09-27T21:30:00+00:00,dc-smoke-replay,,,,28.48,,,,,,,,,,,,,,,,,,,,,495,False,False,0.076,,,,,,,
2026-09-27T21:35:00+00:00,dc-smoke-replay,,,,28.51,,,,,,,,,,,,,,,,,,,,,497,False,False,0.043,,,,,,,
2026-09-27T21:40:00+00:00,dc-smoke-replay,,,,28.26,,,,,,,,,,,,,,,,,,,,,500,False,False,0.043,,,,,,,
2026-09-27T21:45:00+00:00,dc-smoke-replay,,,,28.07,,,,,,,,,,,,,,,,,,,,,502,False,False,0.033,,,,,,,
2026-09-27T21:50:00+00:00,dc-smoke-replay,,,,28.06,,,,,,,,,,,,,,,,,,,,,505,False,False,0.048,,,,,,,
2026-09-27T21:55:00+00:00,dc-smoke-replay,,,,27.97,,,,,,,,,,,,,,,,,,,,,507,False,False,0.028,,,,,,,
2026-09-27T22:00:00+00:00,dc-smoke-replay,,,,28.07,,,,,,,,,,,,,,,,,,,,,510,False,False,0.033,,,,,,,
2026-09-27T22:05:00+00:00,dc-smoke-replay,,,,28.05,,,,,,,,,,,,,,,,,,,,,512,False,False,0.049,,,,,,,
2026-09-27T22:10:00+00:00,dc-smoke-replay,,,,28.15,,,,,,,,,,,,,,,,,,,,,515,False,False,0.034,,,,,,,
2026-09-27T22:15:00+00:00,dc-smoke-replay,,,,27.78,,,,,,,,,,,,,,,,,,,,,517,False,False,0.062,,,,,,,
2026-09-27T22:20:00+00:00,dc-smoke-replay,,,,28.19,,,,,,,,,,,,,,,,,,,,,520,False,False,0.067,,,,,,,
2026-09-27T22:25:00+00:00,dc-smoke-replay,,,,27.94,,,,,,,,,,,,,,,,,,,,,522,False,False,0.074,,,,,,,
2026-09-27T22:30:00+00:00,dc-smoke-replay,,,,27.88,,,,,,,,,,,,,,,,,,,,,525,False,False,0.039,,,,,,,
2026-09-27T22:35:00+00:00,dc-smoke-replay,,,,28.03,,,,,,,,,,,,,,,,,,,,,527,False,False,0.043,,,,,,,
2026-09-27T22:40:00+00:00,dc-smoke-replay,,,,28.01,,,,,,,,,,,,,,,,,,,,,530,False,False,0.028,,,,,,,
2026-09-27T22:45:00+00:00,dc-smoke-replay,,,,28.08,,,,,,,,,,,,,,,,,,,,,532,False,False,0.036,,,,,,,
2026-09-27T22:50:00+00:00,dc-smoke-replay,,,,27.97,,,,,,,,,,,,,,,,,,,,,535,False,False,0.018,,,,,,,
2026-09-27T22:55:00+00:00,dc-smoke-replay,,,,28.21,,,,,,,,,,,,,,,,,,,,,537,False,False,0.053,,,,,,,
2026-09-27T23:00:00+00:00,dc-smoke-replay,,,,28.05,,,,,,,,,,,,,,,,,,,,,540,False,False,0.05,,,,,,,
2026-09-27T23:05:00+00:00,dc-smoke-replay,,,,27.8,,,,,,,,,,,,,,,,,,,,,542,False,False,0.064,,,,,,,
2026-09-27T23:10:00+00:00,dc-smoke-replay,,,,27.67,,,,,,,,,,,,,,,,,,,,,545,False,False,0.032,,,,,,,
2026-09-27T23:15:00+00:00,dc-smoke-replay,,,,27.57,,,,,,,,,,,,,,,,,,,,,547,False,False,0.066,,,,,,,
2026-09-27T23:20:00+00:00,dc-smoke-replay,,,,27.46,,,,,,,,,,,,,,,,,,,,,550,False,False,0.074,,,,,,,
2026-09-27T23:25:00+00:00,dc-smoke-replay,,,,27.43,,,,,,,,,,,,,,,,,,,,,552,False,False,0.085,,,,,,,
2026-09-27T23:30:00+00:00,dc-smoke-replay,,,,27.4,,,,,,,,,,,,,,,,,,,,,555,False,False,0.073,,,,,,,
2026-09-27T23:35:00+00:00,dc-smoke-replay,,,,27.35,,,,,,,,,,,,,,,,,,,,,557,False,False,0.069,,,,,,,
2026-09-27T23:40:00+00:00,dc-smoke-replay,,,,27.43,,,,,,,,,,,,,,,,,,,,,560,False,False,0.045,,,,,,,
2026-09-27T23:45:00+00:00,dc-smoke-replay,,,,27.45,,,,,,,,,,,,,,,,,,,,,562,False,False,0.059,,,,,,,
2026-09-27T23:50:00+00:00,dc-smoke-replay,,,,27.6,,,,,,,,,,,,,,,,,,,,,565,False,False,0.056,,,,,,,
2026-09-27T23:55:00+00:00,dc-smoke-replay,,,,27.55,,,,,,,,,,,,,,,,,,,,,567,False,False,0.039,,,,,,,
2026-09-28T00:00:00+00:00,dc-smoke-replay,,,,27.22,,,,,,,,,,,,,,,,,,,,,570,False,False,0.068,,,,,,,
2026-09-28T00:05:00+00:00,dc-smoke-replay,,,,27.28,,,,,,,,,,,,,,,,,,,,,572,False,False,0.107,,,,,,,
2026-09-28T00:10:00+00:00,dc-smoke-replay,,,,27.26,,,,,,,,,,,,,,,,,,,,,575,False,False,0.045,,,,,,,
2026-09-28T00:15:00+00:00,dc-smoke-replay,,,,27.1,,,,,,,,,,,,,,,,,,,,,577,False,False,0.021,,,,,,,
2026-09-28T00:20:00+00:00,dc-smoke-replay,,,,26.98,,,,,,,,,,,,,,,,,,,,,580,False,False,0.065,,,,,,,
2026-09-28T00:25:00+00:00,dc-smoke-replay,,,,26.88,,,,,,,,,,,,,,,,,,,,,582,False,False,0.031,,,,,,,
2026-09-28T00:30:00+00:00,dc-smoke-replay,,,,26.89,,,,,,,,,,,,,,,,,,,,,585,False,False,0.073,,,,,,,
2026-09-28T00:35:00+00:00,dc-smoke-replay,,,,26.83,,,,,,,,,,,,,,,,,,,,,587,False,False,0.075,,,,,,,
2026-09-28T00:40:00+00:00,dc-smoke-replay,,,,26.76,,,,,,,,,,,,,,,,,,,,,590,False,False,0.005,,,,,,,
2026-09-28T00:45:00+00:00,dc-smoke-replay,,,,26.77,,,,,,,,,,,,,,,,,,,,,592,False,False,0.01,,,,,,,
2026-09-28T00:50:00+00:00,dc-smoke-replay,,,,26.83,,,,,,,,,,,,,,,,,,,,,595,False,False,0.086,,,,,,,
2026-09-28T00:55:00+00:00,dc-smoke-replay,,,,26.77,,,,,,,,,,,,,,,,,,,,,597,False,False,0.034,,,,,,,
2026-09-28T01:00:00+00:00,dc-smoke-replay,,,,26.59,,,,,,,,,,,,,,,,,,,,,600,False,False,0.012,,,,,,,
2026-09-28T01:05:00+00:00,dc-smoke-replay,,,,26.31,,,,,,,,,,,,,,,,,,,,,602,False,False,0.108,,,,,,,
2026-09-28T01:10:00+00:00,dc-smoke-replay,,,,26.65,,,,,,,,,,,,,,,,,,,,,605,False,False,0.088,,,,,,,
2026-09-28T01:15:00+00:00,dc-smoke-replay,,,,26.33,,,,,,,,,,,,,,,,,,,,,607,False,False,0.046,,,,,,,
2026-09-28T01:20:00+00:00,dc-smoke-replay,,,,26.45,,,,,,,,,,,,,,,,,,,,,610,False,False,0.047,,,,,,,
2026-09-28T01:25:00+00:00,dc-smoke-replay,,,,26.14,,,,,,,,,,,,,,,,,,,,,612,False,False,0.064,,,,,,,
2026-09-28T01:30:00+00:00,dc-smoke-replay,,,,26.15,,,,,,,,,,,,,,,,,,,,,615,False,False,0.052,,,,,,,
2026-09-28T01:35:00+00:00,dc-smoke-replay,,,,26.11,,,,,,,,,,,,,,,,,,,,,617,False,False,0.007,,,,,,,
2026-09-28T01:40:00+00:00,dc-smoke-replay,,,,26.27,,,,,,,,,,,,,,,,,,,,,620,False,False,0.04,,,,,,,
2026-09-28T01:45:00+00:00,dc-smoke-replay,,,,26.02,,,,,,,,,,,,,,,,,,,,,622,False,False,0.065,,,,,,,
2026-09-28T01:50:00+00:00,dc-smoke-replay,,,,26.53,,,,,,,,,,,,,,,,,,,,,625,False,False,0.021,,,,,,,
2026-09-28T01:55:00+00:00,dc-smoke-replay,,,,26.24,,,,,,,,,,,,,,,,,,,,,627,False,False,0.032,,,,,,,
2026-09-28T02:00:00+00:00,dc-smoke-replay,,,,25.78,,,,,,,,,,,,,,,,,,,,,630,False,False,0.045,,,,,,,
2026-09-28T02:05:00+00:00,dc-smoke-replay,,,,26.11,,,,,,,,,,,,,,,,,,,,,632,False,False,0.031,,,,,,,
2026-09-28T02:10:00+00:00,dc-smoke-replay,,,,25.99,,,,,,,,,,,,,,,,,,,,,635,False,False,0.055,,,,,,,
2026-09-28T02:15:00+00:00,dc-smoke-replay,,,,25.7,,,,,,,,,,,,,,,,,,,,,637,False,False,0.065,,,,,,,
2026-09-28T02:20:00+00:00,dc-smoke-replay,,,,25.51,,,,,,,,,,,,,,,,,,,,,640,False,False,0.061,,,,,,,
2026-09-28T02:25:00+00:00,dc-smoke-replay,,,,25.79,,,,,,,,,,,,,,,,,,,,,642,False,False,0.049,,,,,,,
2026-09-28T02:30:00+00:00,dc-smoke-replay,,,,25.8,,,,,,,,,,,,,,,,,,,,,645,False,False,0.018,,,,,,,
2026-09-28T02:35:00+00:00,dc-smoke-replay,,,,25.66,,,,,,,,,,,,,,,,,,,,,647,False,False,0.09,,,,,,,
2026-09-28T02:40:00+00:00,dc-smoke-replay,,,,25.65,,,,,,,,,,,,,,,,,,,,,650,False,False,0.053,,,,,,,
2026-09-28T02:45:00+00:00,dc-smoke-replay,,,,25.29,,,,,,,,,,,,,,,,,,,,,652,False,False,0.068,,,,,,,
2026-09-28T02:50:00+00:00,dc-smoke-replay,,,,25.61,,,,,,,,,,,,,,,,,,,,,655,False,False,0.055,,,,,,,
2026-09-28T02:55:00+00:00,dc-smoke-replay,,,,25.33,,,,,,,,,,,,,,,,,,,,,657,False,False,0.038,,,,,,,
2026-09-28T03:00:00+00:00,dc-smoke-replay,,,,25.27,,,,,,,,,,,,,,,,,,,,,660,False,False,0.031,,,,,,,
2026-09-28T03:05:00+00:00,dc-smoke-replay,,,,25.26,,,,,,,,,,,,,,,,,,,,,662,False,False,0.028,,,,,,,
2026-09-28T03:10:00+00:00,dc-smoke-replay,,,,24.99,,,,,,,,,,,,,,,,,,,,,665,False,False,0.6,,,,,,,
2026-09-28T03:15:00+00:00,dc-smoke-replay,,,,29.51,,,,,,,,,,,,,,,,,,,,,667,False,True,2.721,,,,,,,
2026-09-28T03:20:00+00:00,dc-smoke-replay,,,,30.7,,,,,,,,,,,,,,,,,,,,,670,False,True,3.372,,,,,,,
2026-09-28T03:25:00+00:00,dc-smoke-replay,,,,27.39,,,,,,,,,,,,,,,,,,,,,672,False,False,1.748,,,,,,,
2026-09-28T03:30:00+00:00,dc-smoke-replay,,,,25.08,,,,,,,,,,,,,,,,,,,,,675,False,False,0.044,,,,,,,
2026-09-28T03:35:00+00:00,dc-smoke-replay,,,,24.8,,,,,,,,,,,,,,,,,,,,,677,False,False,0.0,,,,,,,
2026-09-28T03:40:00+00:00,dc-smoke-replay,,,,25.07,,,,,,,,,,,,,,,,,,,,,680,False,False,0.073,,,,,,,
2026-09-28T03:45:00+00:00,dc-smoke-replay,,,,24.69,,,,,,,,,,,,,,,,,,,,,682,False,False,0.067,,,,,,,
2026-09-28T03:50:00+00:00,dc-smoke-replay,,,,24.77,,,,,,,,,,,,,,,,,,,,,685,False,False,0.051,,,,,,,
2026-09-28T03:55:00+00:00,dc-smoke-replay,,,,24.81,,,,,,,,,,,,,,,,,,,,,687,False,False,0.002,,,,,,,
2026-09-28T04:00:00+00:00,dc-smoke-replay,,,,24.74,,,,,,,,,,,,,,,,,,,,,690,False,False,0.062,,,,,,,
2026-09-28T04:05:00+00:00,dc-smoke-replay,,,,24.87,,,,,,,,,,,,,,,,,,,,,692,False,False,0.068,,,,,,,
2026-09-28T04:10:00+00:00,dc-smoke-replay,,,,24.84,,,,,,,,,,,,,,,,,,,,,695,False,False,0.057,,,,,,,
2026-09-28T04:15:00+00:00,dc-smoke-replay,,,,24.62,,,,,,,,,,,,,,,,,,,,,697,False,False,0.08,,,,,,,
2026-09-28T04:20:00+00:00,dc-smoke-replay,,,,24.44,,,,,,,,,,,,,,,,,,,,,700,False,False,0.068,,,,,,,
2026-09-28T04:25:00+00:00,dc-smoke-replay,,,,24.53,,,,,,,,,,,,,,,,,,,,,702,False,False,0.026,,,,,,,
2026-09-28T04:30:00+00:00,dc-smoke-replay,,,,24.6,,,,,,,,,,,,,,,,,,,,,705,False,False,0.059,,,,,,,
2026-09-28T04:35:00+00:00,dc-smoke-replay,,,,24.06,,,,,,,,,,,,,,,,,,,,,707,False,False,0.046,,,,,,,
2026-09-28T04:40:00+00:00,dc-smoke-replay,,,,24.34,,,,,,,,,,,,,,,,,,,,,710,False,False,0.015,,,,,,,
2026-09-28T04:45:00+00:00,dc-smoke-replay,,,,24.17,,,,,,,,,,,,,,,,,,,,,712,False,False,0.095,,,,,,,
2026-09-28T04:50:00+00:00,dc-smoke-replay,,,,24.41,,,,,,,,,,,,,,,,,,,,,715,False,False,0.056,,,,,,,
2026-09-28T04:55:00+00:00,dc-smoke-replay,,,,24.52,,,,,,,,,,,,,,,,,,,,,717,False,False,0.054,,,,,,,
